ISO-10303-21;
HEADER;
FILE_DESCRIPTION(('ViewDefinition[CoordinationView_V2.0]', 'ExchangeRequirement[Structural, SurfaceGeometry]', 'Option [GridExport:On]', 'Option [Assemblies:On]', 'Option [Bolts:On]', 'Option [Rebars:On]', 'Option [PourObjects:Off]', 'Option [Welds:On]', 'Option [SurfaceTreatments:Off]', 'Option [LocationBy:0]', 'Option [ViewColors:Off]', 'Option [SectionedSpine:Off]', 'Option [PropertySets:On]', 'Option [Export all:Off]'),'2;1');
FILE_NAME('202410_Saku ridaelamud, auto varjualune_TP_EK_2025.07.15.ifc','2025-07-15T23:35:22',('DESKTOP-T1TT7SE\\olavi'),('Structural Designer'),'IFC Parser Version: 3.14.0','Tekla Structures 2024 Service Pack 6, IFC Export Version: 4.0.0.0 Dec  3 2024','');
FILE_SCHEMA(('IFC2X3'));
ENDSEC;

DATA;
#1= IFCPERSON('DESKTOP-T1TT7SE\\olavi','Undefined',$,$,$,$,$,$);
#2= IFCORGANIZATION($,'Trimble Solutions Corporation',$,$,$);
#3= IFCPERSONANDORGANIZATION(#1,#2,$);
#4= IFCAPPLICATION(#2,'2024 Service Pack 6','Tekla Structures','Multi material modeling');
#5= IFCOWNERHISTORY(#3,#4,$,.NOCHANGE.,$,$,$,1752611721);
#6= IFCCARTESIANPOINT((0.,0.,0.));
#7= IFCDIRECTION((1.,0.,0.));
#8= IFCDIRECTION((0.,1.,0.));
#9= IFCDIRECTION((0.,0.,1.));
#10= IFCAXIS2PLACEMENT3D(#6,#9,#7);
#11= IFCGEOMETRICREPRESENTATIONCONTEXT($,'Model',3,1.E-05,#10,$);
#12= IFCGEOMETRICREPRESENTATIONSUBCONTEXT('Body','Model',*,*,*,*,#11,$,.MODEL_VIEW.,$);
#13= IFCGEOMETRICREPRESENTATIONSUBCONTEXT('Axis','Model',*,*,*,*,#11,$,.GRAPH_VIEW.,$);
#14= IFCGEOMETRICREPRESENTATIONSUBCONTEXT('FootPrint','Model',*,*,*,*,#11,$,.MODEL_VIEW.,$);
#15= IFCSIUNIT(*,.LENGTHUNIT.,.MILLI.,.METRE.);
#16= IFCMEASUREWITHUNIT(IFCRATIOMEASURE(304.8),#15);
#17= IFCDIMENSIONALEXPONENTS(1,0,0,0,0,0,0);
#18= IFCCONVERSIONBASEDUNIT(#17,.LENGTHUNIT.,'FOOT',#16);
#19= IFCSIUNIT(*,.AREAUNIT.,$,.SQUARE_METRE.);
#20= IFCMEASUREWITHUNIT(IFCRATIOMEASURE(0.09290304),#19);
#21= IFCDIMENSIONALEXPONENTS(2,0,0,0,0,0,0);
#22= IFCCONVERSIONBASEDUNIT(#21,.AREAUNIT.,'SQUARE FOOT',#20);
#23= IFCSIUNIT(*,.VOLUMEUNIT.,$,.CUBIC_METRE.);
#24= IFCMEASUREWITHUNIT(IFCRATIOMEASURE(0.028316846592),#23);
#25= IFCDIMENSIONALEXPONENTS(3,0,0,0,0,0,0);
#26= IFCCONVERSIONBASEDUNIT(#25,.VOLUMEUNIT.,'CUBIC FOOT',#24);
#27= IFCSIUNIT(*,.MASSUNIT.,.KILO.,.GRAM.);
#28= IFCSIUNIT(*,.TIMEUNIT.,$,.SECOND.);
#29= IFCSIUNIT(*,.PLANEANGLEUNIT.,$,.RADIAN.);
#30= IFCMEASUREWITHUNIT(IFCRATIOMEASURE(0.0174532925199433),#29);
#31= IFCDIMENSIONALEXPONENTS(0,0,0,0,0,0,0);
#32= IFCCONVERSIONBASEDUNIT(#31,.PLANEANGLEUNIT.,'DEGREE',#30);
#33= IFCSIUNIT(*,.SOLIDANGLEUNIT.,$,.STERADIAN.);
#34= IFCSIUNIT(*,.THERMODYNAMICTEMPERATUREUNIT.,$,.DEGREE_CELSIUS.);
#35= IFCSIUNIT(*,.LUMINOUSINTENSITYUNIT.,$,.LUMEN.);
#36= IFCUNITASSIGNMENT((#15,#19,#23,#27,#28,#29,#33,#34,#35));
#37= IFCPROJECT('0jbjThVq57H9YBphblQIJ0',#5,'Project',$,$,$,$,(#11),#36);
#38= IFCLOCALPLACEMENT($,#10);
#39= IFCSITE('3sEF0rXsvCIuq78CeGD_MO',#5,'Site',$,$,#38,$,$,.ELEMENT.,$,$,$,$,$);
#40= IFCLOCALPLACEMENT(#38,#10);
#41= IFCBUILDING('1ozyXjbKP7K8iShYeNZ3CU',#5,'Undefined',$,$,#40,$,$,.ELEMENT.,$,$,$);
#42= IFCLOCALPLACEMENT(#40,#10);
#43= IFCBUILDINGSTOREY('0DNUnyqbL5KeuaSId2EJKv',#5,'Undefined',$,$,#42,$,$,.ELEMENT.,0.);
#44= IFCOWNERHISTORY(#3,#4,$,.NOCHANGE.,$,$,$,1752588000);
#45= IFCLOCALPLACEMENT(#42,#10);
#46= IFCELEMENTASSEMBLY('1p8YRA85j1TBrEPn9x2dUj',#44,'SEIB',$,$,#45,$,'A-0(?)',.NOTDEFINED.,.NOTDEFINED.);
#47= IFCPROPERTYSINGLEVALUE('Assembly/Cast unit Mark',$,IFCLABEL('A-0(?)'),$);
#48= IFCPROPERTYSINGLEVALUE('Assembly/Cast unit position code',$,IFCLABEL('<A/<11'),$);
#49= IFCPROPERTYSINGLEVALUE('Assembly/Cast unit top elevation',$,IFCLABEL(' +2.735'),$);
#50= IFCPROPERTYSINGLEVALUE('Assembly/Cast unit bottom elevation',$,IFCLABEL(' +2.731'),$);
#51= IFCPROPERTYSINGLEVALUE('Assembly/Cast unit weight',$,IFCMASSMEASURE(0.1),$);
#52= IFCPROPERTYSINGLEVALUE('Cast unit rebar weight',$,$,$);
#53= IFCPROPERTYSINGLEVALUE('Control number',$,$,$);
#54= IFCPROPERTYSINGLEVALUE('Cast unit type',$,$,$);
#55= IFCPROPERTYSET('2sAes2fAX2JAm2EjMn$pW0',#5,'Tekla Assembly','Assembly Properties',(#47,#48,#49,#50,#51,#52,#53,#54));
#56= IFCPROPERTYSINGLEVALUE('Width',$,IFCLENGTHMEASURE(4.),$);
#57= IFCPROPERTYSET('0XM$8ZSZjDC9ke2R7gLU2W',#5,'AssemblyBaseQuantities',$,(#56));
#58= IFCCOLOURRGB($,0.698039215686274,0.4,0.);
#59= IFCSURFACESTYLERENDERING(#58,0.,$,$,$,$,IFCNORMALISEDRATIOMEASURE(0.00390625),IFCSPECULAREXPONENT(10.),.NOTDEFINED.);
#60= IFCSURFACESTYLE('Undefined',.POSITIVE.,(#59));
#61= IFCPRESENTATIONSTYLEASSIGNMENT((#60));
#62= IFCCARTESIANPOINT((11.,-3.99999999999909,0.));
#63= IFCCARTESIANPOINT((9.52627944162863,-3.99999999999909,5.50000000000033));
#64= IFCCARTESIANPOINT((5.49999999999934,-3.99999999999909,9.5262794416292));
#65= IFCCARTESIANPOINT((-1.13996957976035E-12,-3.99999999999909,11.));
#66= IFCCARTESIANPOINT((-5.50000000000131,-3.99999999999909,9.52627944162807));
#67= IFCCARTESIANPOINT((-9.52627944162977,-3.99999999999909,5.49999999999836));
#68= IFCCARTESIANPOINT((-11.,-3.99999999999909,-2.27993915952071E-12));
#69= IFCCARTESIANPOINT((-9.5262794416275,-3.99999999999909,-5.5000000000023));
#70= IFCCARTESIANPOINT((-5.49999999999737,-3.99999999999909,-9.52627944163034));
#71= IFCCARTESIANPOINT((3.40769628601019E-12,-3.99999999999909,-11.));
#72= IFCCARTESIANPOINT((5.50000000000328,-3.99999999999909,-9.52627944162693));
#73= IFCCARTESIANPOINT((9.52627944163091,-3.99999999999909,-5.49999999999638));
#74= IFCCARTESIANPOINT((11.,0.100000000000909,0.));
#75= IFCCARTESIANPOINT((9.52627944162863,0.100000000000909,5.50000000000033));
#76= IFCCARTESIANPOINT((5.49999999999934,0.100000000000909,9.5262794416292));
#77= IFCCARTESIANPOINT((-1.13996957976035E-12,0.100000000000909,11.));
#78= IFCCARTESIANPOINT((-5.50000000000131,0.100000000000909,9.52627944162807));
#79= IFCCARTESIANPOINT((-9.52627944162977,0.100000000000909,5.49999999999836));
#80= IFCCARTESIANPOINT((-11.,0.100000000000909,-2.27993915952071E-12));
#81= IFCCARTESIANPOINT((-9.5262794416275,0.100000000000909,-5.5000000000023));
#82= IFCCARTESIANPOINT((-5.49999999999737,0.100000000000909,-9.52627944163034));
#83= IFCCARTESIANPOINT((3.40769628601019E-12,0.100000000000909,-11.));
#84= IFCCARTESIANPOINT((5.50000000000328,0.100000000000909,-9.52627944162693));
#85= IFCCARTESIANPOINT((9.52627944163091,0.100000000000909,-5.49999999999638));
#86= IFCPOLYLOOP((#62,#63,#64,#65,#66,#67,#68,#69,#70,#71,#72,#73));
#87= IFCFACEOUTERBOUND(#86,.T.);
#88= IFCFACE((#87));
#89= IFCPOLYLOOP((#85,#84,#83,#82,#81,#80,#79,#78,#77,#76,#75,#74));
#90= IFCFACEOUTERBOUND(#89,.T.);
#91= IFCFACE((#90));
#92= IFCPOLYLOOP((#62,#74,#75,#63));
#93= IFCFACEOUTERBOUND(#92,.T.);
#94= IFCFACE((#93));
#95= IFCPOLYLOOP((#63,#75,#76,#64));
#96= IFCFACEOUTERBOUND(#95,.T.);
#97= IFCFACE((#96));
#98= IFCPOLYLOOP((#64,#76,#77,#65));
#99= IFCFACEOUTERBOUND(#98,.T.);
#100= IFCFACE((#99));
#101= IFCPOLYLOOP((#65,#77,#78,#66));
#102= IFCFACEOUTERBOUND(#101,.T.);
#103= IFCFACE((#102));
#104= IFCPOLYLOOP((#66,#78,#79,#67));
#105= IFCFACEOUTERBOUND(#104,.T.);
#106= IFCFACE((#105));
#107= IFCPOLYLOOP((#67,#79,#80,#68));
#108= IFCFACEOUTERBOUND(#107,.T.);
#109= IFCFACE((#108));
#110= IFCPOLYLOOP((#68,#80,#81,#69));
#111= IFCFACEOUTERBOUND(#110,.T.);
#112= IFCFACE((#111));
#113= IFCPOLYLOOP((#69,#81,#82,#70));
#114= IFCFACEOUTERBOUND(#113,.T.);
#115= IFCFACE((#114));
#116= IFCPOLYLOOP((#70,#82,#83,#71));
#117= IFCFACEOUTERBOUND(#116,.T.);
#118= IFCFACE((#117));
#119= IFCPOLYLOOP((#71,#83,#84,#72));
#120= IFCFACEOUTERBOUND(#119,.T.);
#121= IFCFACE((#120));
#122= IFCPOLYLOOP((#72,#84,#85,#73));
#123= IFCFACEOUTERBOUND(#122,.T.);
#124= IFCFACE((#123));
#125= IFCPOLYLOOP((#73,#85,#74,#62));
#126= IFCFACEOUTERBOUND(#125,.T.);
#127= IFCFACE((#126));
#128= IFCCARTESIANPOINT((17.3205080756888,-17.1999999999991,0.));
#129= IFCCARTESIANPOINT((8.66025403784439,-17.1999999999991,15.));
#130= IFCCARTESIANPOINT((-8.66025403784438,-17.1999999999991,15.));
#131= IFCCARTESIANPOINT((-17.3205080756888,-17.1999999999991,2.12115047744981E-15));
#132= IFCCARTESIANPOINT((-8.66025403784439,-17.1999999999991,-15.));
#133= IFCCARTESIANPOINT((8.66025403784438,-17.1999999999991,-15.));
#134= IFCCARTESIANPOINT((17.3205080756888,-3.99999999999909,0.));
#135= IFCCARTESIANPOINT((8.66025403784439,-3.99999999999909,15.));
#136= IFCCARTESIANPOINT((-8.66025403784438,-3.99999999999909,15.));
#137= IFCCARTESIANPOINT((-17.3205080756888,-3.99999999999909,2.12115047744981E-15));
#138= IFCCARTESIANPOINT((-8.66025403784439,-3.99999999999909,-15.));
#139= IFCCARTESIANPOINT((8.66025403784438,-3.99999999999909,-15.));
#140= IFCPOLYLOOP((#128,#129,#130,#131,#132,#133));
#141= IFCFACEOUTERBOUND(#140,.T.);
#142= IFCFACE((#141));
#143= IFCPOLYLOOP((#139,#138,#137,#136,#135,#134));
#144= IFCFACEOUTERBOUND(#143,.T.);
#145= IFCFACE((#144));
#146= IFCPOLYLOOP((#128,#134,#135,#129));
#147= IFCFACEOUTERBOUND(#146,.T.);
#148= IFCFACE((#147));
#149= IFCPOLYLOOP((#129,#135,#136,#130));
#150= IFCFACEOUTERBOUND(#149,.T.);
#151= IFCFACE((#150));
#152= IFCPOLYLOOP((#130,#136,#137,#131));
#153= IFCFACEOUTERBOUND(#152,.T.);
#154= IFCFACE((#153));
#155= IFCPOLYLOOP((#131,#137,#138,#132));
#156= IFCFACEOUTERBOUND(#155,.T.);
#157= IFCFACE((#156));
#158= IFCPOLYLOOP((#132,#138,#139,#133));
#159= IFCFACEOUTERBOUND(#158,.T.);
#160= IFCFACE((#159));
#161= IFCPOLYLOOP((#133,#139,#134,#128));
#162= IFCFACEOUTERBOUND(#161,.T.);
#163= IFCFACE((#162));
#164= IFCCARTESIANPOINT((10.,-3.99999999999909,0.));
#165= IFCCARTESIANPOINT((8.66025403784421,-3.99999999999909,5.0000000000003));
#166= IFCCARTESIANPOINT((4.9999999999994,-3.99999999999909,8.66025403784473));
#167= IFCCARTESIANPOINT((-1.03633598160032E-12,-3.99999999999909,10.));
#168= IFCCARTESIANPOINT((-5.00000000000119,-3.99999999999909,8.6602540378437));
#169= IFCCARTESIANPOINT((-8.66025403784525,-3.99999999999909,4.99999999999851));
#170= IFCCARTESIANPOINT((-10.,-3.99999999999909,-2.07267196320065E-12));
#171= IFCCARTESIANPOINT((-8.66025403784318,-3.99999999999909,-5.00000000000209));
#172= IFCCARTESIANPOINT((-4.99999999999761,-3.99999999999909,-8.66025403784576));
#173= IFCCARTESIANPOINT((3.09790571455472E-12,-3.99999999999909,-10.));
#174= IFCCARTESIANPOINT((5.00000000000299,-3.99999999999909,-8.66025403784266));
#175= IFCCARTESIANPOINT((8.66025403784628,-3.99999999999909,-4.99999999999671));
#176= IFCCARTESIANPOINT((10.,40.0000000000009,0.));
#177= IFCCARTESIANPOINT((8.66025403784421,40.0000000000009,5.0000000000003));
#178= IFCCARTESIANPOINT((4.9999999999994,40.0000000000009,8.66025403784473));
#179= IFCCARTESIANPOINT((-1.03633598160032E-12,40.0000000000009,10.));
#180= IFCCARTESIANPOINT((-5.00000000000119,40.0000000000009,8.6602540378437));
#181= IFCCARTESIANPOINT((-8.66025403784525,40.0000000000009,4.99999999999851));
#182= IFCCARTESIANPOINT((-10.,40.0000000000009,-2.07267196320065E-12));
#183= IFCCARTESIANPOINT((-8.66025403784318,40.0000000000009,-5.00000000000209));
#184= IFCCARTESIANPOINT((-4.99999999999761,40.0000000000009,-8.66025403784576));
#185= IFCCARTESIANPOINT((3.09790571455472E-12,40.0000000000009,-10.));
#186= IFCCARTESIANPOINT((5.00000000000299,40.0000000000009,-8.66025403784266));
#187= IFCCARTESIANPOINT((8.66025403784628,40.0000000000009,-4.99999999999671));
#188= IFCPOLYLOOP((#164,#165,#166,#167,#168,#169,#170,#171,#172,#173,#174,#175));
#189= IFCFACEOUTERBOUND(#188,.T.);
#190= IFCFACE((#189));
#191= IFCPOLYLOOP((#187,#186,#185,#184,#183,#182,#181,#180,#179,#178,#177,#176));
#192= IFCFACEOUTERBOUND(#191,.T.);
#193= IFCFACE((#192));
#194= IFCPOLYLOOP((#164,#176,#177,#165));
#195= IFCFACEOUTERBOUND(#194,.T.);
#196= IFCFACE((#195));
#197= IFCPOLYLOOP((#165,#177,#178,#166));
#198= IFCFACEOUTERBOUND(#197,.T.);
#199= IFCFACE((#198));
#200= IFCPOLYLOOP((#166,#178,#179,#167));
#201= IFCFACEOUTERBOUND(#200,.T.);
#202= IFCFACE((#201));
#203= IFCPOLYLOOP((#167,#179,#180,#168));
#204= IFCFACEOUTERBOUND(#203,.T.);
#205= IFCFACE((#204));
#206= IFCPOLYLOOP((#168,#180,#181,#169));
#207= IFCFACEOUTERBOUND(#206,.T.);
#208= IFCFACE((#207));
#209= IFCPOLYLOOP((#169,#181,#182,#170));
#210= IFCFACEOUTERBOUND(#209,.T.);
#211= IFCFACE((#210));
#212= IFCPOLYLOOP((#170,#182,#183,#171));
#213= IFCFACEOUTERBOUND(#212,.T.);
#214= IFCFACE((#213));
#215= IFCPOLYLOOP((#171,#183,#184,#172));
#216= IFCFACEOUTERBOUND(#215,.T.);
#217= IFCFACE((#216));
#218= IFCPOLYLOOP((#172,#184,#185,#173));
#219= IFCFACEOUTERBOUND(#218,.T.);
#220= IFCFACE((#219));
#221= IFCPOLYLOOP((#173,#185,#186,#174));
#222= IFCFACEOUTERBOUND(#221,.T.);
#223= IFCFACE((#222));
#224= IFCPOLYLOOP((#174,#186,#187,#175));
#225= IFCFACEOUTERBOUND(#224,.T.);
#226= IFCFACE((#225));
#227= IFCPOLYLOOP((#175,#187,#176,#164));
#228= IFCFACEOUTERBOUND(#227,.T.);
#229= IFCFACE((#228));
#230= IFCCARTESIANPOINT((17.3205080756888,9.09494701772928E-13,0.));
#231= IFCCARTESIANPOINT((8.66025403784439,9.09494701772928E-13,15.));
#232= IFCCARTESIANPOINT((-8.66025403784438,9.09494701772928E-13,15.));
#233= IFCCARTESIANPOINT((-17.3205080756888,9.09494701772928E-13,2.12115047744981E-15));
#234= IFCCARTESIANPOINT((-8.66025403784439,9.09494701772928E-13,-15.));
#235= IFCCARTESIANPOINT((8.66025403784438,9.09494701772928E-13,-15.));
#236= IFCCARTESIANPOINT((17.3205080756888,16.0000000000009,0.));
#237= IFCCARTESIANPOINT((8.66025403784439,16.0000000000009,15.));
#238= IFCCARTESIANPOINT((-8.66025403784438,16.0000000000009,15.));
#239= IFCCARTESIANPOINT((-17.3205080756888,16.0000000000009,2.12115047744981E-15));
#240= IFCCARTESIANPOINT((-8.66025403784439,16.0000000000009,-15.));
#241= IFCCARTESIANPOINT((8.66025403784438,16.0000000000009,-15.));
#242= IFCPOLYLOOP((#230,#231,#232,#233,#234,#235));
#243= IFCFACEOUTERBOUND(#242,.T.);
#244= IFCFACE((#243));
#245= IFCPOLYLOOP((#241,#240,#239,#238,#237,#236));
#246= IFCFACEOUTERBOUND(#245,.T.);
#247= IFCFACE((#246));
#248= IFCPOLYLOOP((#230,#236,#237,#231));
#249= IFCFACEOUTERBOUND(#248,.T.);
#250= IFCFACE((#249));
#251= IFCPOLYLOOP((#231,#237,#238,#232));
#252= IFCFACEOUTERBOUND(#251,.T.);
#253= IFCFACE((#252));
#254= IFCPOLYLOOP((#232,#238,#239,#233));
#255= IFCFACEOUTERBOUND(#254,.T.);
#256= IFCFACE((#255));
#257= IFCPOLYLOOP((#233,#239,#240,#234));
#258= IFCFACEOUTERBOUND(#257,.T.);
#259= IFCFACE((#258));
#260= IFCPOLYLOOP((#234,#240,#241,#235));
#261= IFCFACEOUTERBOUND(#260,.T.);
#262= IFCFACE((#261));
#263= IFCPOLYLOOP((#235,#241,#236,#230));
#264= IFCFACEOUTERBOUND(#263,.T.);
#265= IFCFACE((#264));
#266= IFCCLOSEDSHELL((#142,#145,#148,#151,#154,#157,#160,#163,#190,#193,#196,#199,#202,#205,#208,#211,#214,#217,#220,#223,#226,#229,#244,#247,#250,#253,#256,#259,#262,#265));
#267= IFCFACETEDBREP(#266);
#268= IFCSTYLEDITEM(#267,(#61),$);
#269= IFCCLOSEDSHELL((#88,#91,#94,#97,#100,#103,#106,#109,#112,#115,#118,#121,#124,#127));
#270= IFCCOLOURRGB($,0.,0.,0.);
#271= IFCSURFACESTYLERENDERING(#270,0.,$,$,$,$,IFCNORMALISEDRATIOMEASURE(0.00390625),IFCSPECULAREXPONENT(10.),.NOTDEFINED.);
#272= IFCSURFACESTYLE($,.POSITIVE.,(#271));
#273= IFCPRESENTATIONSTYLEASSIGNMENT((#272));
#274= IFCFACETEDBREP(#269);
#275= IFCSTYLEDITEM(#274,(#273),$);
#276= IFCCARTESIANTRANSFORMATIONOPERATOR3D($,$,#6,$,$);
#277= IFCSHAPEREPRESENTATION(#12,'Body','Brep',(#267,#274));
#278= IFCREPRESENTATIONMAP(#10,#277);
#279= IFCMAPPEDITEM(#278,#276);
#280= IFCSHAPEREPRESENTATION(#12,'Body','MappedRepresentation',(#279));
#281= IFCPRODUCTDEFINITIONSHAPE($,$,(#280));
#282= IFCCARTESIANPOINT((-14340.7223609656,-6012.21812546799,2734.96677143963));
#283= IFCDIRECTION((0.,-1.,0.));
#284= IFCAXIS2PLACEMENT3D(#282,#283,#7);
#285= IFCLOCALPLACEMENT(#45,#284);
#286= IFCMECHANICALFASTENER('1s8538xQLAe9SnLki1sady',#44,'Bolt assembly',$,$,#285,#281,'ID762050c8-eda5-4aa0-9731-56eb01da49fc',20.,44.);
#287= IFCMECHANICALFASTENERTYPE('3jfv4meRfC$g9aRRsAYB4d',#5,'Bolt assembly',$,$,$,$,$,$);
#288= IFCPROPERTYSINGLEVALUE('Bolt Name',$,IFCLABEL('M20*65'),$);
#289= IFCPROPERTYSINGLEVALUE('Bolt standard',$,IFCLABEL('DIN931'),$);
#290= IFCPROPERTYSINGLEVALUE('Bolt length',$,IFCLENGTHMEASURE(44.),$);
#291= IFCPROPERTYSINGLEVALUE('Bolt size',$,IFCLENGTHMEASURE(20.),$);
#292= IFCPROPERTYSINGLEVALUE('Bolt count',$,IFCINTEGER(1),$);
#293= IFCPROPERTYSINGLEVALUE('Location',$,IFCLABEL('Site'),$);
#294= IFCPROPERTYSINGLEVALUE('Bolt hole diameter',$,IFCLENGTHMEASURE(22.),$);
#295= IFCPROPERTYSINGLEVALUE('Slotted hole x',$,IFCLENGTHMEASURE(0.),$);
#296= IFCPROPERTYSINGLEVALUE('Slotted hole y',$,IFCLENGTHMEASURE(0.),$);
#297= IFCPROPERTYSINGLEVALUE('Nut name',$,IFCLABEL('M20-DIN934'),$);
#298= IFCPROPERTYSINGLEVALUE('Nut type',$,IFCLABEL('DIN934'),$);
#299= IFCPROPERTYSINGLEVALUE('Nut count',$,IFCINTEGER(1),$);
#300= IFCPROPERTYSINGLEVALUE('Washer name',$,IFCLABEL('W20-DIN125'),$);
#301= IFCPROPERTYSINGLEVALUE('Washer type',$,IFCLABEL('DIN125'),$);
#302= IFCPROPERTYSINGLEVALUE('Washer diameter',$,IFCLENGTHMEASURE(20.),$);
#303= IFCPROPERTYSINGLEVALUE('Washer count',$,IFCINTEGER(0),$);
#304= IFCPROPERTYSET('2VG2jH1nX3SubwbZvPWuPU',#5,'Tekla Bolt','Bolt Properties',(#288,#289,#290,#291,#292,#293,#294,#295,#296,#297,#298,#299,#300,#301,#302,#303));
#305= IFCMATERIAL('Undefined');
#306= IFCCOLOURRGB('Light Gray',0.615686274509804,0.615686274509804,0.611764705882353);
#307= IFCSURFACESTYLERENDERING(#306,0.,$,$,$,$,IFCNORMALISEDRATIOMEASURE(0.00390625),IFCSPECULAREXPONENT(10.),.NOTDEFINED.);
#308= IFCSURFACESTYLE('STEEL/S355J2',.POSITIVE.,(#307));
#309= IFCPRESENTATIONSTYLEASSIGNMENT((#308));
#310= IFCCARTESIANPOINT((0.,-2.,25.));
#311= IFCCARTESIANPOINT((1.90301168721817,-2.,34.5670858091271));
#312= IFCCARTESIANPOINT((1.90301168721817,2.,34.5670858091271));
#313= IFCCARTESIANPOINT((0.,2.,25.));
#314= IFCPOLYLOOP((#310,#311,#312,#313));
#315= IFCFACEOUTERBOUND(#314,.T.);
#316= IFCFACE((#315));
#317= IFCCARTESIANPOINT((7.32233047033696,-2.,42.6776695296639));
#318= IFCCARTESIANPOINT((7.32233047033696,2.,42.6776695296639));
#319= IFCPOLYLOOP((#311,#317,#318,#312));
#320= IFCFACEOUTERBOUND(#319,.T.);
#321= IFCFACE((#320));
#322= IFCCARTESIANPOINT((15.4329141908729,-2.,48.0969883127818));
#323= IFCCARTESIANPOINT((15.4329141908729,2.,48.0969883127818));
#324= IFCPOLYLOOP((#317,#322,#323,#318));
#325= IFCFACEOUTERBOUND(#324,.T.);
#326= IFCFACE((#325));
#327= IFCCARTESIANPOINT((25.,-2.,50.));
#328= IFCCARTESIANPOINT((25.,2.,50.));
#329= IFCPOLYLOOP((#322,#327,#328,#323));
#330= IFCFACEOUTERBOUND(#329,.T.);
#331= IFCFACE((#330));
#332= IFCCARTESIANPOINT((34.5670858091271,-2.,48.0969883127818));
#333= IFCCARTESIANPOINT((34.5670858091271,2.,48.0969883127818));
#334= IFCPOLYLOOP((#327,#332,#333,#328));
#335= IFCFACEOUTERBOUND(#334,.T.);
#336= IFCFACE((#335));
#337= IFCCARTESIANPOINT((42.677669529663,-2.,42.6776695296639));
#338= IFCCARTESIANPOINT((42.677669529663,2.,42.6776695296639));
#339= IFCPOLYLOOP((#332,#337,#338,#333));
#340= IFCFACEOUTERBOUND(#339,.T.);
#341= IFCFACE((#340));
#342= IFCCARTESIANPOINT((48.0969883127818,-2.,34.5670858091271));
#343= IFCCARTESIANPOINT((48.0969883127818,2.,34.5670858091271));
#344= IFCPOLYLOOP((#337,#342,#343,#338));
#345= IFCFACEOUTERBOUND(#344,.T.);
#346= IFCFACE((#345));
#347= IFCCARTESIANPOINT((50.,-2.,25.));
#348= IFCCARTESIANPOINT((50.,2.,25.));
#349= IFCPOLYLOOP((#342,#347,#348,#343));
#350= IFCFACEOUTERBOUND(#349,.T.);
#351= IFCFACE((#350));
#352= IFCCARTESIANPOINT((48.0969883127818,-2.,15.4329141908729));
#353= IFCCARTESIANPOINT((48.0969883127818,2.,15.4329141908729));
#354= IFCPOLYLOOP((#347,#352,#353,#348));
#355= IFCFACEOUTERBOUND(#354,.T.);
#356= IFCFACE((#355));
#357= IFCCARTESIANPOINT((42.677669529663,-2.,7.32233047033606));
#358= IFCCARTESIANPOINT((42.677669529663,2.,7.32233047033606));
#359= IFCPOLYLOOP((#352,#357,#358,#353));
#360= IFCFACEOUTERBOUND(#359,.T.);
#361= IFCFACE((#360));
#362= IFCCARTESIANPOINT((34.5670858091271,-2.,1.90301168721817));
#363= IFCCARTESIANPOINT((34.5670858091271,2.,1.90301168721817));
#364= IFCPOLYLOOP((#357,#362,#363,#358));
#365= IFCFACEOUTERBOUND(#364,.T.);
#366= IFCFACE((#365));
#367= IFCCARTESIANPOINT((25.,-2.,0.));
#368= IFCCARTESIANPOINT((25.,2.,0.));
#369= IFCPOLYLOOP((#362,#367,#368,#363));
#370= IFCFACEOUTERBOUND(#369,.T.);
#371= IFCFACE((#370));
#372= IFCCARTESIANPOINT((15.4329141908729,-2.,1.90301168721817));
#373= IFCCARTESIANPOINT((15.4329141908729,2.,1.90301168721817));
#374= IFCPOLYLOOP((#367,#372,#373,#368));
#375= IFCFACEOUTERBOUND(#374,.T.);
#376= IFCFACE((#375));
#377= IFCCARTESIANPOINT((7.32233047033696,-2.,7.32233047033606));
#378= IFCCARTESIANPOINT((7.32233047033696,2.,7.32233047033606));
#379= IFCPOLYLOOP((#372,#377,#378,#373));
#380= IFCFACEOUTERBOUND(#379,.T.);
#381= IFCFACE((#380));
#382= IFCCARTESIANPOINT((1.90301168721817,-2.,15.4329141908729));
#383= IFCCARTESIANPOINT((1.90301168721817,2.,15.4329141908729));
#384= IFCPOLYLOOP((#377,#382,#383,#378));
#385= IFCFACEOUTERBOUND(#384,.T.);
#386= IFCFACE((#385));
#387= IFCPOLYLOOP((#382,#310,#313,#383));
#388= IFCFACEOUTERBOUND(#387,.T.);
#389= IFCFACE((#388));
#390= IFCPOLYLOOP((#318,#323,#328,#333,#338,#343,#348,#353,#358,#363,#368,#373,#378,#383,#313,#312));
#391= IFCFACEOUTERBOUND(#390,.T.);
#392= IFCFACE((#391));
#393= IFCPOLYLOOP((#382,#377,#372,#367,#362,#357,#352,#347,#342,#337,#332,#327,#322,#317,#311,#310));
#394= IFCFACEOUTERBOUND(#393,.T.);
#395= IFCFACE((#394));
#396= IFCCLOSEDSHELL((#316,#321,#326,#331,#336,#341,#346,#351,#356,#361,#366,#371,#376,#381,#386,#389,#392,#395));
#397= IFCFACETEDBREP(#396);
#398= IFCSTYLEDITEM(#397,(#309),$);
#399= IFCSHAPEREPRESENTATION(#12,'Body','Brep',(#397));
#400= IFCPRODUCTDEFINITIONSHAPE($,$,(#399));
#401= IFCCARTESIANPOINT((-14315.7223609656,-5987.21812546799,2732.96677143963));
#402= IFCDIRECTION((-1.,0.,0.));
#403= IFCAXIS2PLACEMENT3D(#401,#283,#402);
#404= IFCLOCALPLACEMENT(#45,#403);
#405= IFCPLATE('2w6LSS2Vf0peUt65aWWLbA',#44,'SEIB','PL4*50',$,#404,#400,'1001');
#406= IFCPLATETYPE('1TZwfMju56Q9QQxUwmaYMX',#5,'PL4*50',$,$,$,$,$,$,.NOTDEFINED.);
#407= IFCPROPERTYSINGLEVALUE('Class',$,IFCLABEL('99'),$);
#408= IFCPROPERTYSINGLEVALUE('Phase',$,IFCINTEGER(1),$);
#409= IFCPROPERTYSINGLEVALUE('Preliminary mark',$,IFCLABEL(''),$);
#410= IFCPROPERTYSINGLEVALUE('Initial GUID',$,$,$);
#411= IFCPROPERTYSINGLEVALUE('Top elevation',$,IFCLABEL(' +2.735'),$);
#412= IFCPROPERTYSINGLEVALUE('Bottom elevation',$,IFCLABEL(' +2.731'),$);
#413= IFCPROPERTYSINGLEVALUE('Finish',$,IFCLABEL(''),$);
#414= IFCPROPERTYSET('0VN_sZES900u4wBnwt6F5E',#5,'Tekla Common','Common Properties to Shared building elements',(#407,#408,#409,#410,#411,#412,#413));
#415= IFCPROPERTYSINGLEVALUE('Length',$,IFCLENGTHMEASURE(50.),$);
#416= IFCPROPERTYSINGLEVALUE('Height',$,IFCLENGTHMEASURE(50.),$);
#417= IFCPROPERTYSINGLEVALUE('Net surface area',$,IFCAREAMEASURE(0.004),$);
#418= IFCPROPERTYSINGLEVALUE('Area per tons',$,IFCAREAMEASURE(74.085),$);
#419= IFCPROPERTYSINGLEVALUE('Gross footprint area',$,IFCAREAMEASURE(0.002),$);
#420= IFCPROPERTYSINGLEVALUE('Volume',$,IFCVOLUMEMEASURE(0.),$);
#421= IFCPROPERTYSINGLEVALUE('Weight',$,IFCMASSMEASURE(0.06),$);
#422= IFCPROPERTYSET('048iroJ5514u0wIT$_VhrZ',#5,'Tekla Quantity','Quantity Properties to Shared building elements',(#415,#56,#416,#417,#418,#419,#420,#421));
#423= IFCPROPERTYSINGLEVALUE('NetVolume',$,IFCVOLUMEMEASURE(0.),$);
#424= IFCPROPERTYSINGLEVALUE('GrossVolume',$,IFCVOLUMEMEASURE(0.),$);
#425= IFCPROPERTYSINGLEVALUE('Width',$,IFCLENGTHMEASURE(50.),$);
#426= IFCPROPERTYSINGLEVALUE('NetArea',$,IFCAREAMEASURE(0.),$);
#427= IFCPROPERTYSINGLEVALUE('GrossArea',$,IFCAREAMEASURE(0.),$);
#428= IFCPROPERTYSINGLEVALUE('CrossSectionArea',$,IFCAREAMEASURE(0.),$);
#429= IFCPROPERTYSET('0uDtfHMnnFqgtilYZ1F8XU',#5,'PlateBaseQuantities',$,(#423,#424,#425,#426,#427,#428));
#430= IFCPROPERTYSINGLEVALUE('Reference',$,$,$);
#431= IFCPROPERTYSINGLEVALUE('IsExternal',$,IFCBOOLEAN(.F.),$);
#432= IFCPROPERTYSINGLEVALUE('LoadBearing',$,IFCBOOLEAN(.F.),$);
#433= IFCPROPERTYSINGLEVALUE('AcousticRating',$,$,$);
#434= IFCPROPERTYSINGLEVALUE('FireRating',$,$,$);
#435= IFCPROPERTYSINGLEVALUE('ThermalTransmittance',$,$,$);
#436= IFCPROPERTYSET('2$x3v9G459aOrlkR84fcdZ',#5,'Pset_PlateCommon','Definition from IAI: Properties common to the definition of all occurrences of IfcPlate.',(#430,#431,#432,#433,#434,#435));
#437= IFCMATERIAL('STEEL/S355J2');
#438= IFCLOCALPLACEMENT(#42,#10);
#439= IFCELEMENTASSEMBLY('3x$eQj9m935v4aPfPUThv1',#44,'SEIB',$,$,#438,$,'A-0(?)',.NOTDEFINED.,.NOTDEFINED.);
#440= IFCPROPERTYSINGLEVALUE('Assembly/Cast unit top elevation',$,IFCLABEL(' +2.715'),$);
#441= IFCPROPERTYSINGLEVALUE('Assembly/Cast unit bottom elevation',$,IFCLABEL(' +2.711'),$);
#442= IFCPROPERTYSET('09qfyr6gT7xeI9QAdzDC7L',#5,'Tekla Assembly','Assembly Properties',(#47,#48,#440,#441,#51,#52,#53,#54));
#443= IFCPROPERTYSET('1CMLaH4t10URCCrqoruL9Q',#5,'AssemblyBaseQuantities',$,(#56));
#444= IFCMAPPEDITEM(#278,#276);
#445= IFCSHAPEREPRESENTATION(#12,'Body','MappedRepresentation',(#444));
#446= IFCPRODUCTDEFINITIONSHAPE($,$,(#445));
#447= IFCCARTESIANPOINT((-14974.5289691052,-1721.31791057814,2714.96677143963));
#448= IFCAXIS2PLACEMENT3D(#447,#283,#7);
#449= IFCLOCALPLACEMENT(#438,#448);
#450= IFCMECHANICALFASTENER('3yoLQKOHH0wviwC57it8UP',#44,'Bolt assembly',$,$,#449,#446,'IDfcc95694-6114-40eb-9b3a-3051ecdc8799',20.,44.);
#451= IFCPROPERTYSET('3Qbc4ynL53GeDf$Zgja6Sc',#5,'Tekla Bolt','Bolt Properties',(#288,#289,#290,#291,#292,#293,#294,#295,#296,#297,#298,#299,#300,#301,#302,#303));
#452= IFCSHAPEREPRESENTATION(#12,'Body','Brep',(#397));
#453= IFCPRODUCTDEFINITIONSHAPE($,$,(#452));
#454= IFCCARTESIANPOINT((-14949.5289691052,-1696.31791057814,2712.96677143963));
#455= IFCAXIS2PLACEMENT3D(#454,#283,#402);
#456= IFCLOCALPLACEMENT(#438,#455);
#457= IFCPLATE('2qcGWU$D90leVurbsSpGBV',#44,'SEIB','PL4*50',$,#456,#453,'1001');
#458= IFCPROPERTYSINGLEVALUE('Top elevation',$,IFCLABEL(' +2.715'),$);
#459= IFCPROPERTYSINGLEVALUE('Bottom elevation',$,IFCLABEL(' +2.711'),$);
#460= IFCPROPERTYSET('3yPzd9z019T9zRmFrpBPC_',#5,'Tekla Common','Common Properties to Shared building elements',(#407,#408,#409,#410,#458,#459,#413));
#461= IFCPROPERTYSET('1oVdtYdf1DewxPj_XUCrzE',#5,'Tekla Quantity','Quantity Properties to Shared building elements',(#415,#56,#416,#417,#418,#419,#420,#421));
#462= IFCPROPERTYSET('3c7XTeM$j8Yxruuqm_tvJj',#5,'PlateBaseQuantities',$,(#423,#424,#425,#426,#427,#428));
#463= IFCPROPERTYSET('2XWBrJA0z2zPKy5NnTUA76',#5,'Pset_PlateCommon','Definition from IAI: Properties common to the definition of all occurrences of IfcPlate.',(#430,#431,#432,#433,#434,#435));
#464= IFCLOCALPLACEMENT(#42,#10);
#465= IFCELEMENTASSEMBLY('2mPsWsKaPAtfhV_kOXAOCE',#44,'SEIB',$,$,#464,$,'A-0(?)',.NOTDEFINED.,.NOTDEFINED.);
#466= IFCPROPERTYSINGLEVALUE('Assembly/Cast unit top elevation',$,IFCLABEL(' +2.685'),$);
#467= IFCPROPERTYSINGLEVALUE('Assembly/Cast unit bottom elevation',$,IFCLABEL(' +2.681'),$);
#468= IFCPROPERTYSET('0gjRUY9UnB$9UfxHWdwXY8',#5,'Tekla Assembly','Assembly Properties',(#47,#48,#466,#467,#51,#52,#53,#54));
#469= IFCPROPERTYSET('048mjP5gP9uxC3UgA_AJxc',#5,'AssemblyBaseQuantities',$,(#56));
#470= IFCMAPPEDITEM(#278,#276);
#471= IFCSHAPEREPRESENTATION(#12,'Body','MappedRepresentation',(#470));
#472= IFCPRODUCTDEFINITIONSHAPE($,$,(#471));
#473= IFCCARTESIANPOINT((-17009.6152773213,-2006.10792250614,2684.96677143963));
#474= IFCAXIS2PLACEMENT3D(#473,#283,#7);
#475= IFCLOCALPLACEMENT(#464,#474);
#476= IFCMECHANICALFASTENER('08n8kJDD51Px7g769Wq28T',#44,'Bolt assembly',$,$,#475,#472,'ID08c48b93-34d1-4167-b1ea-1c6260d0221d',20.,44.);
#477= IFCPROPERTYSET('37CldZl0nA88ubiBifNr$a',#5,'Tekla Bolt','Bolt Properties',(#288,#289,#290,#291,#292,#293,#294,#295,#296,#297,#298,#299,#300,#301,#302,#303));
#478= IFCSHAPEREPRESENTATION(#12,'Body','Brep',(#397));
#479= IFCPRODUCTDEFINITIONSHAPE($,$,(#478));
#480= IFCCARTESIANPOINT((-16984.6152773213,-1981.10792250614,2682.96677143963));
#481= IFCAXIS2PLACEMENT3D(#480,#283,#402);
#482= IFCLOCALPLACEMENT(#464,#481);
#483= IFCPLATE('1RZQz328j7zOLmQNgMJIER',#44,'SEIB','PL4*50',$,#482,#479,'1001');
#484= IFCPROPERTYSINGLEVALUE('Top elevation',$,IFCLABEL(' +2.685'),$);
#485= IFCPROPERTYSINGLEVALUE('Bottom elevation',$,IFCLABEL(' +2.681'),$);
#486= IFCPROPERTYSET('0P8NcUp8H8Q8QgCEX0JBuj',#5,'Tekla Common','Common Properties to Shared building elements',(#407,#408,#409,#410,#484,#485,#413));
#487= IFCPROPERTYSET('2v$jeggL9FpulwtlREjNMC',#5,'Tekla Quantity','Quantity Properties to Shared building elements',(#415,#56,#416,#417,#418,#419,#420,#421));
#488= IFCPROPERTYSET('1KJIiK$8XDIxsB_XAmXyYa',#5,'PlateBaseQuantities',$,(#423,#424,#425,#426,#427,#428));
#489= IFCPROPERTYSET('2x7Rw45MjAyP_yAeyBm0ZK',#5,'Pset_PlateCommon','Definition from IAI: Properties common to the definition of all occurrences of IfcPlate.',(#430,#431,#432,#433,#434,#435));
#490= IFCLOCALPLACEMENT(#42,#10);
#491= IFCELEMENTASSEMBLY('24eZS3yVj8Vx2QUdC_3D_7',#44,'VARIKATUSE POST',$,$,#490,$,'VKP-2',.NOTDEFINED.,.NOTDEFINED.);
#492= IFCPROPERTYSINGLEVALUE('Assembly/Cast unit Mark',$,IFCLABEL('VKP-2'),$);
#493= IFCPROPERTYSINGLEVALUE('Assembly/Cast unit top elevation',$,IFCLABEL(' +2.720'),$);
#494= IFCPROPERTYSINGLEVALUE('Assembly/Cast unit bottom elevation',$,IFCLABEL(' -0.230'),$);
#495= IFCPROPERTYSINGLEVALUE('Assembly/Cast unit weight',$,IFCMASSMEASURE(48.1),$);
#496= IFCPROPERTYSET('16gBvni558exMGec0J90wR',#5,'Tekla Assembly','Assembly Properties',(#492,#48,#493,#494,#495,#52,#53,#54));
#497= IFCPROPERTYSINGLEVALUE('Width',$,IFCLENGTHMEASURE(270.),$);
#498= IFCPROPERTYSET('29Qm4Tmq5F7x4r9fdAVfid',#5,'AssemblyBaseQuantities',$,(#497));
#499= IFCCOLOURRGB($,0.701960784313725,1.,1.);
#500= IFCSURFACESTYLERENDERING(#499,0.,$,$,$,$,IFCNORMALISEDRATIOMEASURE(0.00390625),IFCSPECULAREXPONENT(10.),.NOTDEFINED.);
#501= IFCSURFACESTYLE($,.POSITIVE.,(#500));
#502= IFCPRESENTATIONSTYLEASSIGNMENT((#501));
#503= IFCCARTESIANPOINT((-56.9999999999882,0.,7.6397554948926E-11));
#504= IFCCARTESIANPOINT((-56.9999999999873,0.,2.8284271248267));
#505= IFCCARTESIANPOINT((56.9999999999882,0.,2.82842712467391));
#506= IFCCARTESIANPOINT((56.9999999999877,0.,-7.6397554948926E-11));
#507= IFCPOLYLOOP((#503,#504,#505,#506));
#508= IFCFACEOUTERBOUND(#507,.T.);
#509= IFCFACE((#508));
#510= IFCCARTESIANPOINT((-56.9999999999882,-2.82842712474621,7.6397554948926E-11));
#511= IFCCARTESIANPOINT((56.9999999999877,-2.82842712474621,-7.6397554948926E-11));
#512= IFCPOLYLOOP((#504,#510,#511,#505));
#513= IFCFACEOUTERBOUND(#512,.T.);
#514= IFCFACE((#513));
#515= IFCPOLYLOOP((#510,#503,#506,#511));
#516= IFCFACEOUTERBOUND(#515,.T.);
#517= IFCFACE((#516));
#518= IFCPOLYLOOP((#511,#506,#505));
#519= IFCFACEOUTERBOUND(#518,.T.);
#520= IFCFACE((#519));
#521= IFCPOLYLOOP((#510,#504,#503));
#522= IFCFACEOUTERBOUND(#521,.T.);
#523= IFCFACE((#522));
#524= IFCCARTESIANPOINT((-56.9999999999882,2.82842712474621,7.6397554948926E-11));
#525= IFCCARTESIANPOINT((56.9999999999877,2.82842712474621,-7.6397554948926E-11));
#526= IFCPOLYLOOP((#524,#503,#506,#525));
#527= IFCFACEOUTERBOUND(#526,.T.);
#528= IFCFACE((#527));
#529= IFCCARTESIANPOINT((-56.9999999999886,0.,-2.82842712467391));
#530= IFCCARTESIANPOINT((56.9999999999873,0.,-2.82842712483034));
#531= IFCPOLYLOOP((#503,#529,#530,#506));
#532= IFCFACEOUTERBOUND(#531,.T.);
#533= IFCFACE((#532));
#534= IFCPOLYLOOP((#529,#524,#525,#530));
#535= IFCFACEOUTERBOUND(#534,.T.);
#536= IFCFACE((#535));
#537= IFCPOLYLOOP((#530,#525,#506));
#538= IFCFACEOUTERBOUND(#537,.T.);
#539= IFCFACE((#538));
#540= IFCPOLYLOOP((#529,#503,#524));
#541= IFCFACEOUTERBOUND(#540,.T.);
#542= IFCFACE((#541));
#543= IFCCLOSEDSHELL((#509,#514,#517,#520,#523,#528,#533,#536,#539,#542));
#544= IFCFACETEDBREP(#543);
#545= IFCSTYLEDITEM(#544,(#502),$);
#546= IFCSHAPEREPRESENTATION(#12,'Body','Brep',(#544));
#547= IFCPRODUCTDEFINITIONSHAPE($,$,(#546));
#548= IFCCARTESIANPOINT((-16952.8349653003,-2011.10753916781,2391.99999999945));
#549= IFCDIRECTION((-0.996145824936639,0.0877125729944319,0.));
#550= IFCDIRECTION((-0.087712572994432,-0.996145824936639,0.));
#551= IFCAXIS2PLACEMENT3D(#548,#549,#550);
#552= IFCLOCALPLACEMENT(#490,#551);
#553= IFCFASTENER('2nKE8QQZ93VRoZalNaErCS',#44,'Weld',$,$,#552,#547,'IDb150e21a-6a32-437d-bca3-92f5e43b531c');
#554= IFCPROPERTYSINGLEVALUE('Edge/Around',$,IFCLABEL('Edge'),$);
#555= IFCPROPERTYSINGLEVALUE('Intermittent type',$,IFCLABEL('Continuous'),$);
#556= IFCPROPERTYSINGLEVALUE('Assembly type',$,IFCLABEL('Workshop'),$);
#557= IFCPROPERTYSINGLEVALUE('Reference text',$,IFCLABEL(''),$);
#558= IFCPROPERTYSINGLEVALUE('Weld comment',$,$,$);
#559= IFCPROPERTYSINGLEVALUE('Weld number',$,IFCLABEL('0'),$);
#560= IFCPROPERTYSINGLEVALUE('Process type',$,IFCLABEL('None'),$);
#561= IFCPROPERTYSINGLEVALUE('Electrode classification',$,IFCLABEL('None'),$);
#562= IFCPROPERTYSINGLEVALUE('Electrode strength',$,IFCREAL(0.),$);
#563= IFCPROPERTYSINGLEVALUE('Electrode coefficent',$,IFCREAL(0.),$);
#564= IFCPROPERTYSINGLEVALUE('NDT inspection level',$,IFCLABEL('None'),$);
#565= IFCPROPERTYSINGLEVALUE('Length',$,IFCLENGTHMEASURE(114.),$);
#566= IFCPROPERTYSET('39sbuMvPfELA0mKbW4pQ1M',#5,'Tekla Weld Common','Common weld properties',(#554,#555,#556,#557,#558,#559,#560,#561,#562,#563,#564,#565,#420));
#567= IFCPROPERTYSINGLEVALUE('Type1',$,IFCLABEL('W10'),$);
#568= IFCPROPERTYSINGLEVALUE('Size prefix1',$,IFCLABEL(''),$);
#569= IFCPROPERTYSINGLEVALUE('Size1',$,IFCLENGTHMEASURE(2.),$);
#570= IFCPROPERTYSINGLEVALUE('Effective throat1',$,IFCLENGTHMEASURE(0.),$);
#571= IFCPROPERTYSINGLEVALUE('Weld angle1',$,IFCREAL(0.),$);
#572= IFCPROPERTYSINGLEVALUE('Root opening1',$,IFCLENGTHMEASURE(0.),$);
#573= IFCPROPERTYSINGLEVALUE('Root face thickness1',$,IFCLENGTHMEASURE(0.),$);
#574= IFCPROPERTYSINGLEVALUE('Fill type1',$,IFCLABEL('None'),$);
#575= IFCPROPERTYSINGLEVALUE('Finish1',$,IFCLABEL('None'),$);
#576= IFCPROPERTYSINGLEVALUE('Length1',$,IFCLENGTHMEASURE(0.),$);
#577= IFCPROPERTYSINGLEVALUE('Pitch1',$,IFCREAL(0.),$);
#578= IFCPROPERTYSINGLEVALUE('Increment count1',$,IFCINTEGER(0),$);
#579= IFCPROPERTYSINGLEVALUE('Cross section area1',$,IFCAREAMEASURE(0.),$);
#580= IFCPROPERTYSINGLEVALUE('Actual length1',$,IFCLENGTHMEASURE(114.),$);
#581= IFCPROPERTYSET('0Q_hJ3ThLBWPo1E5POEJfZ',#5,'Tekla Weld Above Line','Above line weld properties',(#567,#568,#569,#570,#571,#572,#573,#574,#575,#576,#577,#578,#579,#580));
#582= IFCPROPERTYSINGLEVALUE('Type2',$,IFCLABEL('W10'),$);
#583= IFCPROPERTYSINGLEVALUE('Size prefix2',$,IFCLABEL(''),$);
#584= IFCPROPERTYSINGLEVALUE('Size2',$,IFCLENGTHMEASURE(2.),$);
#585= IFCPROPERTYSINGLEVALUE('Effective throat2',$,IFCLENGTHMEASURE(0.),$);
#586= IFCPROPERTYSINGLEVALUE('Weld angle2',$,IFCREAL(0.),$);
#587= IFCPROPERTYSINGLEVALUE('Root opening2',$,IFCLENGTHMEASURE(0.),$);
#588= IFCPROPERTYSINGLEVALUE('Root face thicness2',$,IFCLENGTHMEASURE(0.),$);
#589= IFCPROPERTYSINGLEVALUE('Fill type2',$,IFCLABEL('None'),$);
#590= IFCPROPERTYSINGLEVALUE('Finish2',$,IFCLABEL('None'),$);
#591= IFCPROPERTYSINGLEVALUE('Length2',$,IFCLENGTHMEASURE(0.),$);
#592= IFCPROPERTYSINGLEVALUE('Pitch2',$,IFCREAL(0.),$);
#593= IFCPROPERTYSINGLEVALUE('Increment count2',$,IFCINTEGER(0),$);
#594= IFCPROPERTYSINGLEVALUE('Cross section area2',$,IFCAREAMEASURE(0.),$);
#595= IFCPROPERTYSINGLEVALUE('Actual length2',$,IFCLENGTHMEASURE(114.),$);
#596= IFCPROPERTYSET('2ZgR0hEW13Cvge9ea1xEpb',#5,'Tekla Weld Below Line','Below line weld properties',(#582,#583,#584,#585,#586,#587,#588,#589,#590,#591,#592,#593,#594,#595));
#597= IFCCARTESIANPOINT((56.0000000000837,0.,0.999999999992269));
#598= IFCCARTESIANPOINT((56.0000000000837,-2.82842712474621,0.999999999992269));
#599= IFCCARTESIANPOINT((-56.00000000008,-2.82842712474621,1.00000000000819));
#600= IFCCARTESIANPOINT((-56.00000000008,0.,1.00000000000819));
#601= IFCPOLYLOOP((#597,#598,#599,#600));
#602= IFCFACEOUTERBOUND(#601,.T.);
#603= IFCFACE((#602));
#604= IFCCARTESIANPOINT((56.0000000000873,0.,3.82842712473803));
#605= IFCCARTESIANPOINT((-56.00000000008,0.,3.8284271247544));
#606= IFCPOLYLOOP((#598,#604,#605,#599));
#607= IFCFACEOUTERBOUND(#606,.T.);
#608= IFCFACE((#607));
#609= IFCPOLYLOOP((#604,#597,#600,#605));
#610= IFCFACEOUTERBOUND(#609,.T.);
#611= IFCFACE((#610));
#612= IFCPOLYLOOP((#605,#600,#599));
#613= IFCFACEOUTERBOUND(#612,.T.);
#614= IFCFACE((#613));
#615= IFCPOLYLOOP((#604,#598,#597));
#616= IFCFACEOUTERBOUND(#615,.T.);
#617= IFCFACE((#616));
#618= IFCCLOSEDSHELL((#528,#533,#536,#539,#542,#603,#608,#611,#614,#617));
#619= IFCFACETEDBREP(#618);
#620= IFCSTYLEDITEM(#619,(#502),$);
#621= IFCSHAPEREPRESENTATION(#12,'Body','Brep',(#619));
#622= IFCPRODUCTDEFINITIONSHAPE($,$,(#621));
#623= IFCCARTESIANPOINT((-17014.6148939823,-2062.88823452851,2391.99999999945));
#624= IFCDIRECTION((0.08771257299442,0.99614582493664,0.));
#625= IFCAXIS2PLACEMENT3D(#623,#624,#549);
#626= IFCLOCALPLACEMENT(#490,#625);
#627= IFCFASTENER('0NwMrzRH96bBWpZUajNobh',#44,'Weld',$,$,#626,#622,'ID17e96d7d-6d12-4694-b833-8de92d5f296b');
#628= IFCPROPERTYSET('1jvslx$Hz72w0xM5zA$svN',#5,'Tekla Weld Common','Common weld properties',(#554,#555,#556,#557,#558,#559,#560,#561,#562,#563,#564,#565,#420));
#629= IFCPROPERTYSET('2YvmQmAF1EYOlEz__IyVkH',#5,'Tekla Weld Above Line','Above line weld properties',(#567,#568,#569,#570,#571,#572,#573,#574,#575,#576,#577,#578,#579,#580));
#630= IFCPROPERTYSINGLEVALUE('Actual length2',$,IFCLENGTHMEASURE(112.),$);
#631= IFCPROPERTYSET('1DVux4YgHEHRsOzddNz0SY',#5,'Tekla Weld Below Line','Below line weld properties',(#582,#583,#584,#585,#586,#587,#588,#589,#590,#591,#592,#593,#594,#630));
#632= IFCSHAPEREPRESENTATION(#12,'Body','Brep',(#619));
#633= IFCPRODUCTDEFINITIONSHAPE($,$,(#632));
#634= IFCCARTESIANPOINT((-17004.6156606611,-1949.32761048574,2391.99999999945));
#635= IFCDIRECTION((0.99614582493664,-0.087712572994419,0.));
#636= IFCAXIS2PLACEMENT3D(#634,#550,#635);
#637= IFCLOCALPLACEMENT(#490,#636);
#638= IFCFASTENER('21g_Pz8kTEiwJG9OCQaesr',#44,'Weld',$,$,#637,#633,'ID81abe67d-22e7-4eb3-a4d0-25831a928db5');
#639= IFCPROPERTYSET('0j1pPtjbzBiBOY6YBJdrXf',#5,'Tekla Weld Common','Common weld properties',(#554,#555,#556,#557,#558,#559,#560,#561,#562,#563,#564,#565,#420));
#640= IFCPROPERTYSET('39tcMwQnPCUhDVUE2xtVLg',#5,'Tekla Weld Above Line','Above line weld properties',(#567,#568,#569,#570,#571,#572,#573,#574,#575,#576,#577,#578,#579,#580));
#641= IFCPROPERTYSET('0H320dK3L3CATlaYrwsIBq',#5,'Tekla Weld Below Line','Below line weld properties',(#582,#583,#584,#585,#586,#587,#588,#589,#590,#591,#592,#593,#594,#630));
#642= IFCSURFACESTYLE('STEEL/S235JR',.POSITIVE.,(#307));
#643= IFCPRESENTATIONSTYLEASSIGNMENT((#642));
#644= IFCCARTESIANPOINT((-8.64019966684282E-12,4.,-57.0000000000873));
#645= IFCCARTESIANPOINT((7.73070496506989E-12,4.,57.0000000000837));
#646= IFCCARTESIANPOINT((113.999999999746,4.,56.9999999999272));
#647= IFCCARTESIANPOINT((113.99999999973,4.,-57.0000000002437));
#648= IFCPOLYLOOP((#644,#645,#646,#647));
#649= IFCFACEOUTERBOUND(#648,.T.);
#650= IFCFACE((#649));
#651= IFCCARTESIANPOINT((7.73070496506989E-12,-4.,57.0000000000837));
#652= IFCCARTESIANPOINT((113.999999999746,-4.,56.9999999999272));
#653= IFCPOLYLOOP((#645,#651,#652,#646));
#654= IFCFACEOUTERBOUND(#653,.T.);
#655= IFCFACE((#654));
#656= IFCCARTESIANPOINT((-8.64019966684282E-12,-4.,-57.0000000000873));
#657= IFCCARTESIANPOINT((113.99999999973,-4.,-57.0000000002437));
#658= IFCPOLYLOOP((#651,#656,#657,#652));
#659= IFCFACEOUTERBOUND(#658,.T.);
#660= IFCFACE((#659));
#661= IFCPOLYLOOP((#656,#644,#647,#657));
#662= IFCFACEOUTERBOUND(#661,.T.);
#663= IFCFACE((#662));
#664= IFCPOLYLOOP((#652,#657,#647,#646));
#665= IFCFACEOUTERBOUND(#664,.T.);
#666= IFCFACE((#665));
#667= IFCPOLYLOOP((#656,#651,#645,#644));
#668= IFCFACEOUTERBOUND(#667,.T.);
#669= IFCFACE((#668));
#670= IFCCLOSEDSHELL((#650,#655,#660,#663,#666,#669));
#671= IFCFACETEDBREP(#670);
#672= IFCSTYLEDITEM(#671,(#643),$);
#673= IFCSHAPEREPRESENTATION(#12,'Body','Brep',(#671));
#674= IFCPRODUCTDEFINITIONSHAPE($,$,(#673));
#675= IFCCARTESIANPOINT((-17014.6148939822,-2062.88823452847,2395.99999999945));
#676= IFCAXIS2PLACEMENT3D(#675,#635,#624);
#677= IFCLOCALPLACEMENT(#490,#676);
#678= IFCBEAM('3PUAejL6L8fRqZhboIoHEg',#44,'PLATE','PL8*114',$,#677,#674,'IDd978aa2d-5465-48a5-bd23-ae5c92c913aa');
#679= IFCBEAMTYPE('3HggxEUNb4zg804SvbHqGj',#5,'PL8*114',$,$,$,$,$,$,.NOTDEFINED.);
#680= IFCPROPERTYSINGLEVALUE('Top elevation',$,IFCLABEL(' +2.400'),$);
#681= IFCPROPERTYSINGLEVALUE('Bottom elevation',$,IFCLABEL(' +2.392'),$);
#682= IFCPROPERTYSET('044vnIADnFJRBVIjevC0Tj',#5,'Tekla Common','Common Properties to Shared building elements',(#407,#408,#409,#410,#680,#681,#413));
#683= IFCPROPERTYSINGLEVALUE('Width',$,IFCLENGTHMEASURE(8.),$);
#684= IFCPROPERTYSINGLEVALUE('Height',$,IFCLENGTHMEASURE(114.),$);
#685= IFCPROPERTYSINGLEVALUE('Net surface area',$,IFCAREAMEASURE(0.03),$);
#686= IFCPROPERTYSINGLEVALUE('Area per tons',$,IFCAREAMEASURE(36.317),$);
#687= IFCPROPERTYSINGLEVALUE('Gross footprint area',$,IFCAREAMEASURE(0.013),$);
#688= IFCPROPERTYSINGLEVALUE('Weight',$,IFCMASSMEASURE(0.82),$);
#689= IFCPROPERTYSET('26o9Am94D0Juir3W$bPK1h',#5,'Tekla Quantity','Quantity Properties to Shared building elements',(#565,#683,#684,#685,#686,#687,#420,#688));
#690= IFCPROPERTYSINGLEVALUE('OuterSurfaceArea',$,IFCAREAMEASURE(0.),$);
#691= IFCPROPERTYSINGLEVALUE('NetWeight',$,IFCMASSMEASURE(0.8),$);
#692= IFCPROPERTYSET('3Xi96EzDjC8AlA4RMo254C',#5,'BeamBaseQuantities',$,(#565,#690,#423,#691));
#693= IFCPROPERTYSINGLEVALUE('Span',$,$,$);
#694= IFCPROPERTYSINGLEVALUE('Slope',$,IFCPLANEANGLEMEASURE(0.),$);
#695= IFCPROPERTYSET('2gxtfzn6fAsB8xlQFQdKil',#5,'Pset_BeamCommon','Definition from IAI: Properties common to the definition of all occurrences of IfcBeam.',(#430,#693,#694,#431,#432,#434));
#696= IFCMATERIAL('STEEL/S235JR');
#697= IFCCOLOURRGB('Dark Gray',0.709803921568627,0.403921568627451,0.2);
#698= IFCSURFACESTYLERENDERING(#697,0.,$,$,$,$,IFCNORMALISEDRATIOMEASURE(0.00390625),IFCSPECULAREXPONENT(10.),.NOTDEFINED.);
#699= IFCSURFACESTYLE('STEEL/8.8',.POSITIVE.,(#698));
#700= IFCPRESENTATIONSTYLEASSIGNMENT((#699));
#701= IFCCARTESIANPOINT((0.,-10.,0.));
#702= IFCCARTESIANPOINT((0.,-7.07106781186667,-7.07106781186553));
#703= IFCCARTESIANPOINT((319.999999999208,-7.07106781186667,-7.07106781186553));
#704= IFCCARTESIANPOINT((319.999999999208,-10.,0.));
#705= IFCPOLYLOOP((#701,#702,#703,#704));
#706= IFCFACEOUTERBOUND(#705,.T.);
#707= IFCFACE((#706));
#708= IFCCARTESIANPOINT((0.,0.,-10.));
#709= IFCCARTESIANPOINT((319.999999999208,0.,-10.));
#710= IFCPOLYLOOP((#702,#708,#709,#703));
#711= IFCFACEOUTERBOUND(#710,.T.);
#712= IFCFACE((#711));
#713= IFCCARTESIANPOINT((0.,7.07106781186667,-7.07106781186553));
#714= IFCCARTESIANPOINT((319.999999999208,7.07106781186667,-7.07106781186553));
#715= IFCPOLYLOOP((#708,#713,#714,#709));
#716= IFCFACEOUTERBOUND(#715,.T.);
#717= IFCFACE((#716));
#718= IFCCARTESIANPOINT((0.,10.,0.));
#719= IFCCARTESIANPOINT((319.999999999208,10.,0.));
#720= IFCPOLYLOOP((#713,#718,#719,#714));
#721= IFCFACEOUTERBOUND(#720,.T.);
#722= IFCFACE((#721));
#723= IFCCARTESIANPOINT((0.,7.07106781186667,7.07106781186553));
#724= IFCCARTESIANPOINT((319.999999999208,7.07106781186667,7.07106781186553));
#725= IFCPOLYLOOP((#718,#723,#724,#719));
#726= IFCFACEOUTERBOUND(#725,.T.);
#727= IFCFACE((#726));
#728= IFCCARTESIANPOINT((0.,0.,10.));
#729= IFCCARTESIANPOINT((319.999999999208,0.,10.));
#730= IFCPOLYLOOP((#723,#728,#729,#724));
#731= IFCFACEOUTERBOUND(#730,.T.);
#732= IFCFACE((#731));
#733= IFCCARTESIANPOINT((0.,-7.07106781186667,7.07106781186553));
#734= IFCCARTESIANPOINT((319.999999999208,-7.07106781186667,7.07106781186553));
#735= IFCPOLYLOOP((#728,#733,#734,#729));
#736= IFCFACEOUTERBOUND(#735,.T.);
#737= IFCFACE((#736));
#738= IFCPOLYLOOP((#733,#701,#704,#734));
#739= IFCFACEOUTERBOUND(#738,.T.);
#740= IFCFACE((#739));
#741= IFCPOLYLOOP((#709,#714,#719,#724,#729,#734,#704,#703));
#742= IFCFACEOUTERBOUND(#741,.T.);
#743= IFCFACE((#742));
#744= IFCPOLYLOOP((#733,#728,#723,#718,#713,#708,#702,#701));
#745= IFCFACEOUTERBOUND(#744,.T.);
#746= IFCFACE((#745));
#747= IFCCLOSEDSHELL((#707,#712,#717,#722,#727,#732,#737,#740,#743,#746));
#748= IFCFACETEDBREP(#747);
#749= IFCSTYLEDITEM(#748,(#700),$);
#750= IFCSHAPEREPRESENTATION(#12,'Body','Brep',(#748));
#751= IFCPRODUCTDEFINITIONSHAPE($,$,(#750));
#752= IFCCARTESIANPOINT((-17009.6152773213,-2006.10792250614,2399.99999999954));
#753= IFCAXIS2PLACEMENT3D(#752,#8,#9);
#754= IFCLOCALPLACEMENT(#490,#753);
#755= IFCCOLUMN('3EEJPEYaH12QfS03Pc_GPq',#44,'KEERMEVARRAS','D20',$,#754,#751,'IDce39364e-8a44-4109-aa5c-003666f90674');
#756= IFCCOLUMNTYPE('0SUZ8rq0jBQ8Es5nsUnnvB',#5,'D20',$,$,$,$,$,$,.NOTDEFINED.);
#757= IFCPROPERTYSINGLEVALUE('Class',$,IFCLABEL('8'),$);
#758= IFCPROPERTYSINGLEVALUE('Top elevation',$,IFCLABEL(' +2.720'),$);
#759= IFCPROPERTYSINGLEVALUE('Bottom elevation',$,IFCLABEL(' +2.400'),$);
#760= IFCPROPERTYSET('2_N4R5nMPAUP1sws3t3zPG',#5,'Tekla Common','Common Properties to Shared building elements',(#757,#408,#409,#410,#758,#759,#413));
#761= IFCPROPERTYSINGLEVALUE('Length',$,IFCLENGTHMEASURE(320.),$);
#762= IFCPROPERTYSINGLEVALUE('Width',$,IFCLENGTHMEASURE(20.),$);
#763= IFCPROPERTYSINGLEVALUE('Height',$,IFCLENGTHMEASURE(20.),$);
#764= IFCPROPERTYSINGLEVALUE('Net surface area',$,IFCAREAMEASURE(0.02),$);
#765= IFCPROPERTYSINGLEVALUE('Area per tons',$,IFCAREAMEASURE(28.373),$);
#766= IFCPROPERTYSINGLEVALUE('Gross footprint area',$,IFCAREAMEASURE(0.),$);
#767= IFCPROPERTYSINGLEVALUE('Weight',$,IFCMASSMEASURE(0.71),$);
#768= IFCPROPERTYSET('3ZPbbyheDC1OtfP9kT93u_',#5,'Tekla Quantity','Quantity Properties to Shared building elements',(#761,#762,#763,#764,#765,#766,#420,#767));
#769= IFCPROPERTYSET('27N6bk18f7Df3qib7MfO1o',#5,'ColumnBaseQuantities',$,(#761,#690,#423,#691));
#770= IFCPROPERTYSINGLEVALUE('Slope',$,IFCPLANEANGLEMEASURE(1.5708),$);
#771= IFCPROPERTYSET('0Dl1yfa25DmhE$kDD5lDkJ',#5,'Pset_ColumnCommon','Definition from IAI: Properties common to the definition of all occurrences of IfcColumn.',(#430,#770,#431,#432,#434));
#772= IFCMATERIAL('STEEL/8.8');
#773= IFCLOCALPLACEMENT(#42,#10);
#774= IFCELEMENTASSEMBLY('1KImo3TC17KPAenvRZGE8J',#44,'VARIKATUSE POST',$,$,#773,$,'VKP-1',.NOTDEFINED.,.NOTDEFINED.);
#775= IFCPROPERTYSINGLEVALUE('Assembly/Cast unit Mark',$,IFCLABEL('VKP-1'),$);
#776= IFCPROPERTYSINGLEVALUE('Assembly/Cast unit top elevation',$,IFCLABEL(' +2.770'),$);
#777= IFCPROPERTYSINGLEVALUE('Assembly/Cast unit weight',$,IFCMASSMEASURE(48.8),$);
#778= IFCPROPERTYSET('1_RTZiNU10fPQsyhQ8HtXL',#5,'Tekla Assembly','Assembly Properties',(#775,#48,#776,#494,#777,#52,#53,#54));
#779= IFCPROPERTYSET('3Hktfxzif9gO27R34Dan4V',#5,'AssemblyBaseQuantities',$,(#497));
#780= IFCCARTESIANPOINT((-56.0000000000373,0.,112.999999999942));
#781= IFCCARTESIANPOINT((-56.0000000000373,-2.82842712474621,112.999999999942));
#782= IFCCARTESIANPOINT((55.9999999999309,-2.82842712474621,112.999999999995));
#783= IFCCARTESIANPOINT((55.9999999999309,0.,112.999999999995));
#784= IFCPOLYLOOP((#780,#781,#782,#783));
#785= IFCFACEOUTERBOUND(#784,.T.);
#786= IFCFACE((#785));
#787= IFCCARTESIANPOINT((-56.0000000000355,0.,110.171572875195));
#788= IFCCARTESIANPOINT((55.9999999999327,0.,110.17157287525));
#789= IFCPOLYLOOP((#781,#787,#788,#782));
#790= IFCFACEOUTERBOUND(#789,.T.);
#791= IFCFACE((#790));
#792= IFCPOLYLOOP((#787,#780,#783,#788));
#793= IFCFACEOUTERBOUND(#792,.T.);
#794= IFCFACE((#793));
#795= IFCPOLYLOOP((#788,#783,#782));
#796= IFCFACEOUTERBOUND(#795,.T.);
#797= IFCFACE((#796));
#798= IFCPOLYLOOP((#787,#781,#780));
#799= IFCFACEOUTERBOUND(#798,.T.);
#800= IFCFACE((#799));
#801= IFCCLOSEDSHELL((#528,#533,#536,#539,#542,#786,#791,#794,#797,#800));
#802= IFCFACETEDBREP(#801);
#803= IFCSTYLEDITEM(#802,(#502),$);
#804= IFCSHAPEREPRESENTATION(#12,'Body','Brep',(#802));
#805= IFCPRODUCTDEFINITIONSHAPE($,$,(#804));
#806= IFCCARTESIANPOINT((-14283.9420489447,-6017.21774212968,2441.99999999945));
#807= IFCAXIS2PLACEMENT3D(#806,#549,#550);
#808= IFCLOCALPLACEMENT(#773,#807);
#809= IFCFASTENER('0XiHHMbyX1ixmd7SrfQacW',#44,'Weld',$,$,#808,#805,'ID21b11456-97c8-41b3-bc27-1dcd696a49a0');
#810= IFCPROPERTYSET('0lzN$8RsD9nAfA0Y5m7ua7',#5,'Tekla Weld Common','Common weld properties',(#554,#555,#556,#557,#558,#559,#560,#561,#562,#563,#564,#565,#420));
#811= IFCPROPERTYSET('06FkWcox1CbvVg6ddxeNgP',#5,'Tekla Weld Above Line','Above line weld properties',(#567,#568,#569,#570,#571,#572,#573,#574,#575,#576,#577,#578,#579,#580));
#812= IFCPROPERTYSET('3uA5EtcQDEU9fGRpRwgrwY',#5,'Tekla Weld Below Line','Below line weld properties',(#582,#583,#584,#585,#586,#587,#588,#589,#590,#591,#592,#593,#594,#630));
#813= IFCCLOSEDSHELL((#528,#533,#536,#539,#542,#794,#786,#791,#797,#800));
#814= IFCFACETEDBREP(#813);
#815= IFCSTYLEDITEM(#814,(#502),$);
#816= IFCSHAPEREPRESENTATION(#12,'Body','Brep',(#814));
#817= IFCPRODUCTDEFINITIONSHAPE($,$,(#816));
#818= IFCCARTESIANPOINT((-14345.7219776268,-6068.99843749034,2441.99999999945));
#819= IFCAXIS2PLACEMENT3D(#818,#624,#549);
#820= IFCLOCALPLACEMENT(#773,#819);
#821= IFCFASTENER('1MS5NCnrT6OBfn5zScxPQB',#44,'Weld',$,$,#820,#817,'ID567055cc-c757-4660-ba71-17d726ed968b');
#822= IFCPROPERTYSET('0ahigRIKT6bPeNML$ILaWN',#5,'Tekla Weld Common','Common weld properties',(#554,#555,#556,#557,#558,#559,#560,#561,#562,#563,#564,#565,#420));
#823= IFCPROPERTYSET('2ed3r85njBOvrAHCITomM4',#5,'Tekla Weld Above Line','Above line weld properties',(#567,#568,#569,#570,#571,#572,#573,#574,#575,#576,#577,#578,#579,#580));
#824= IFCPROPERTYSET('2vyaUcDCjC_8V5Z0e7JT_L',#5,'Tekla Weld Below Line','Below line weld properties',(#582,#583,#584,#585,#586,#587,#588,#589,#590,#591,#592,#593,#594,#630));
#825= IFCSHAPEREPRESENTATION(#12,'Body','Brep',(#814));
#826= IFCPRODUCTDEFINITIONSHAPE($,$,(#825));
#827= IFCCARTESIANPOINT((-14335.7227443054,-5955.4378134476,2441.99999999945));
#828= IFCAXIS2PLACEMENT3D(#827,#550,#635);
#829= IFCLOCALPLACEMENT(#773,#828);
#830= IFCFASTENER('233hJTSg954AZif4oXfFSM',#44,'Weld',$,$,#829,#826,'ID830eb4dd-72a2-4510-a8ec-a44ca1a4f716');
#831= IFCPROPERTYSET('1kLlByYPD7ugsGNYox1sWe',#5,'Tekla Weld Common','Common weld properties',(#554,#555,#556,#557,#558,#559,#560,#561,#562,#563,#564,#565,#420));
#832= IFCPROPERTYSET('15y1rh$MnAvPTtxYBOOkcs',#5,'Tekla Weld Above Line','Above line weld properties',(#567,#568,#569,#570,#571,#572,#573,#574,#575,#576,#577,#578,#579,#580));
#833= IFCPROPERTYSET('1H_wXVa298FOLjLcctmm9w',#5,'Tekla Weld Below Line','Below line weld properties',(#582,#583,#584,#585,#586,#587,#588,#589,#590,#591,#592,#593,#594,#630));
#834= IFCSHAPEREPRESENTATION(#12,'Body','Brep',(#671));
#835= IFCPRODUCTDEFINITIONSHAPE($,$,(#834));
#836= IFCCARTESIANPOINT((-14345.7219776268,-6068.99843749024,2445.99999999945));
#837= IFCAXIS2PLACEMENT3D(#836,#635,#624);
#838= IFCLOCALPLACEMENT(#773,#837);
#839= IFCBEAM('33R5jY4nX6cQJjGl1nBhnT',#44,'PLATE','PL8*114',$,#838,#835,'IDc36c5b62-1318-4699-a4ed-42f0712ebc5d');
#840= IFCPROPERTYSINGLEVALUE('Top elevation',$,IFCLABEL(' +2.450'),$);
#841= IFCPROPERTYSINGLEVALUE('Bottom elevation',$,IFCLABEL(' +2.442'),$);
#842= IFCPROPERTYSET('0iuyiy4IXBjOdmgGaDhuvy',#5,'Tekla Common','Common Properties to Shared building elements',(#407,#408,#409,#410,#840,#841,#413));
#843= IFCPROPERTYSET('2h1ujU9V55sRfR71T7qmqN',#5,'Tekla Quantity','Quantity Properties to Shared building elements',(#565,#683,#684,#685,#686,#687,#420,#688));
#844= IFCPROPERTYSET('1rF0bY_2bDKvcJ3HwJKpix',#5,'BeamBaseQuantities',$,(#565,#690,#423,#691));
#845= IFCPROPERTYSET('1ZYGXKY316bOy60xQ8YrXa',#5,'Pset_BeamCommon','Definition from IAI: Properties common to the definition of all occurrences of IfcBeam.',(#430,#693,#694,#431,#432,#434));
#846= IFCSHAPEREPRESENTATION(#12,'Body','Brep',(#748));
#847= IFCPRODUCTDEFINITIONSHAPE($,$,(#846));
#848= IFCCARTESIANPOINT((-14340.7223609656,-6012.21812546799,2449.99999999954));
#849= IFCAXIS2PLACEMENT3D(#848,#8,#9);
#850= IFCLOCALPLACEMENT(#773,#849);
#851= IFCCOLUMN('2f$Olsut526P1JYvGa5cou',#44,'KEERMEVARRAS','D20',$,#850,#847,'IDa9fd8bf6-e371-4219-9053-8b9424166cb8');
#852= IFCPROPERTYSINGLEVALUE('Top elevation',$,IFCLABEL(' +2.770'),$);
#853= IFCPROPERTYSINGLEVALUE('Bottom elevation',$,IFCLABEL(' +2.450'),$);
#854= IFCPROPERTYSET('3CG5Xf0uH4SQ$6tctyQP_m',#5,'Tekla Common','Common Properties to Shared building elements',(#757,#408,#409,#410,#852,#853,#413));
#855= IFCPROPERTYSET('2XuHymmav9WudJht_JSPMk',#5,'Tekla Quantity','Quantity Properties to Shared building elements',(#761,#762,#763,#764,#765,#766,#420,#767));
#856= IFCPROPERTYSET('0Uv2pKgHPCaO8nzPe$OR$v',#5,'ColumnBaseQuantities',$,(#761,#690,#423,#691));
#857= IFCPROPERTYSET('1UXn0bJdrCS8QJKKUDTdqi',#5,'Pset_ColumnCommon','Definition from IAI: Properties common to the definition of all occurrences of IfcColumn.',(#430,#770,#431,#432,#434));
#858= IFCLOCALPLACEMENT(#42,#10);
#859= IFCELEMENTASSEMBLY('02kAPK4HL5YBPWL5YzQz11',#44,'VARIKATUSE POST',$,$,#858,$,'VKP-3',.NOTDEFINED.,.NOTDEFINED.);
#860= IFCPROPERTYSINGLEVALUE('Assembly/Cast unit Mark',$,IFCLABEL('VKP-3'),$);
#861= IFCPROPERTYSINGLEVALUE('Assembly/Cast unit top elevation',$,IFCLABEL(' +2.750'),$);
#862= IFCPROPERTYSINGLEVALUE('Assembly/Cast unit weight',$,IFCMASSMEASURE(48.5),$);
#863= IFCPROPERTYSET('1ys4v$4SvFTu4eZehuuAoK',#5,'Tekla Assembly','Assembly Properties',(#860,#48,#861,#494,#862,#52,#53,#54));
#864= IFCPROPERTYSET('3AwAOPYdf6CejJnlREUrte',#5,'AssemblyBaseQuantities',$,(#497));
#865= IFCCLOSEDSHELL((#509,#514,#517,#520,#523));
#866= IFCFACETEDBREP(#865);
#867= IFCSTYLEDITEM(#866,(#502),$);
#868= IFCSHAPEREPRESENTATION(#12,'Body','Brep',(#866));
#869= IFCPRODUCTDEFINITIONSHAPE($,$,(#868));
#870= IFCCARTESIANPOINT((-14917.5289691056,-1721.31791057916,2421.99999999945));
#871= IFCAXIS2PLACEMENT3D(#870,#402,#283);
#872= IFCLOCALPLACEMENT(#858,#871);
#873= IFCFASTENER('1duVnd1r9FOA60rSTK0ede',#44,'Weld',$,$,#872,#869,'ID67e1fc67-0752-4f60-a180-d5c7540289e8');
#874= IFCPROPERTYSET('19Q9K0SBP9Zx_2082U66Oy',#5,'Tekla Weld Common','Common weld properties',(#554,#555,#556,#557,#558,#559,#560,#561,#562,#563,#564,#565,#420));
#875= IFCPROPERTYSET('08vy7MHiT6shGJHAX8eFp4',#5,'Tekla Weld Above Line','Above line weld properties',(#567,#568,#569,#570,#571,#572,#573,#574,#575,#576,#577,#578,#579,#580));
#876= IFCPROPERTYSINGLEVALUE('Actual length2',$,IFCLENGTHMEASURE(0.),$);
#877= IFCPROPERTYSET('1QZOsZJwbFpu$9W_97KOlD',#5,'Tekla Weld Below Line','Below line weld properties',(#582,#583,#584,#585,#586,#587,#588,#589,#590,#591,#592,#593,#594,#876));
#878= IFCSHAPEREPRESENTATION(#12,'Body','Brep',(#866));
#879= IFCPRODUCTDEFINITIONSHAPE($,$,(#878));
#880= IFCCARTESIANPOINT((-14974.5289691056,-1778.31791057916,2421.99999999945));
#881= IFCAXIS2PLACEMENT3D(#880,#8,#402);
#882= IFCLOCALPLACEMENT(#858,#881);
#883= IFCFASTENER('2lXK$D2H54Lhp0Td8IlfWm',#44,'Weld',$,$,#882,#879,'IDaf854fcd-0911-4456-bcc0-767212be9830');
#884= IFCPROPERTYSET('2cDtwAppn6SRZ67dxfJAka',#5,'Tekla Weld Common','Common weld properties',(#554,#555,#556,#557,#558,#559,#560,#561,#562,#563,#564,#565,#420));
#885= IFCPROPERTYSET('1GviKG2UL869Agar1S$tk_',#5,'Tekla Weld Above Line','Above line weld properties',(#567,#568,#569,#570,#571,#572,#573,#574,#575,#576,#577,#578,#579,#580));
#886= IFCPROPERTYSET('2HSj2gH510th53NtyTuWBw',#5,'Tekla Weld Below Line','Below line weld properties',(#582,#583,#584,#585,#586,#587,#588,#589,#590,#591,#592,#593,#594,#876));
#887= IFCSHAPEREPRESENTATION(#12,'Body','Brep',(#544));
#888= IFCPRODUCTDEFINITIONSHAPE($,$,(#887));
#889= IFCCARTESIANPOINT((-14974.5289691056,-1664.31791057916,2421.99999999945));
#890= IFCAXIS2PLACEMENT3D(#889,#283,#7);
#891= IFCLOCALPLACEMENT(#858,#890);
#892= IFCFASTENER('3DbHHDaNbFVwpaodTdqLaQ',#44,'Weld',$,$,#891,#888,'IDcd95144d-9179-4f7f-ace4-ca7767d1591a');
#893= IFCPROPERTYSET('3OJBIVmOjD4AjgCXAfavS0',#5,'Tekla Weld Common','Common weld properties',(#554,#555,#556,#557,#558,#559,#560,#561,#562,#563,#564,#565,#420));
#894= IFCPROPERTYSET('2hbxxTOArFguSJ5I1eGxtj',#5,'Tekla Weld Above Line','Above line weld properties',(#567,#568,#569,#570,#571,#572,#573,#574,#575,#576,#577,#578,#579,#580));
#895= IFCPROPERTYSET('2shz3zU_L0LO86FPd4JaGi',#5,'Tekla Weld Below Line','Below line weld properties',(#582,#583,#584,#585,#586,#587,#588,#589,#590,#591,#592,#593,#594,#595));
#896= IFCSHAPEREPRESENTATION(#12,'Body','Brep',(#671));
#897= IFCPRODUCTDEFINITIONSHAPE($,$,(#896));
#898= IFCCARTESIANPOINT((-14974.5289691056,-1778.31791057916,2425.99999999945));
#899= IFCAXIS2PLACEMENT3D(#898,#7,#8);
#900= IFCLOCALPLACEMENT(#858,#899);
#901= IFCBEAM('328frm9j114PnLTG4CzozR',#44,'PLATE','PL8*114',$,#900,#897,'IDc2229d70-26d0-4111-9c55-75010cf72f5b');
#902= IFCPROPERTYSINGLEVALUE('Top elevation',$,IFCLABEL(' +2.430'),$);
#903= IFCPROPERTYSINGLEVALUE('Bottom elevation',$,IFCLABEL(' +2.422'),$);
#904= IFCPROPERTYSET('3SbYSuSpn8OPMe$qY4ntB7',#5,'Tekla Common','Common Properties to Shared building elements',(#407,#408,#409,#410,#902,#903,#413));
#905= IFCPROPERTYSET('2mSz3Sdx91GfvackOzTPET',#5,'Tekla Quantity','Quantity Properties to Shared building elements',(#565,#683,#684,#685,#686,#687,#420,#688));
#906= IFCPROPERTYSET('0JI6Fby3X9HPiVjy9VmWZo',#5,'BeamBaseQuantities',$,(#565,#690,#423,#691));
#907= IFCPROPERTYSET('1v_r4eBOLCCxwISZ5Snfrn',#5,'Pset_BeamCommon','Definition from IAI: Properties common to the definition of all occurrences of IfcBeam.',(#430,#693,#694,#431,#432,#434));
#908= IFCSHAPEREPRESENTATION(#12,'Body','Brep',(#748));
#909= IFCPRODUCTDEFINITIONSHAPE($,$,(#908));
#910= IFCCARTESIANPOINT((-14974.5289691052,-1721.31791057814,2429.99999999954));
#911= IFCDIRECTION((-0.0877125729944219,0.99614582493664,0.));
#912= IFCAXIS2PLACEMENT3D(#910,#911,#9);
#913= IFCLOCALPLACEMENT(#858,#912);
#914= IFCCOLUMN('0ZFfhzBxPB2P$O20RSdrQc',#44,'KEERMEVARRAS','D20',$,#913,#909,'ID233e9afd-2fb6-4b09-9fd8-0806dc9f56a6');
#915= IFCPROPERTYSINGLEVALUE('Top elevation',$,IFCLABEL(' +2.750'),$);
#916= IFCPROPERTYSINGLEVALUE('Bottom elevation',$,IFCLABEL(' +2.430'),$);
#917= IFCPROPERTYSET('2zYfB5HCvF_OtK25ZP1k5C',#5,'Tekla Common','Common Properties to Shared building elements',(#757,#408,#409,#410,#915,#916,#413));
#918= IFCPROPERTYSET('37uPWuomP9JgxKQ2fPJV3o',#5,'Tekla Quantity','Quantity Properties to Shared building elements',(#761,#762,#763,#764,#765,#766,#420,#767));
#919= IFCPROPERTYSET('1gKHqcRxLEVBTKTwCUEIWb',#5,'ColumnBaseQuantities',$,(#761,#690,#423,#691));
#920= IFCPROPERTYSET('1b_f865MX2HRYFRMVzkKKL',#5,'Pset_ColumnCommon','Definition from IAI: Properties common to the definition of all occurrences of IfcColumn.',(#430,#770,#431,#432,#434));
#921= IFCLOCALPLACEMENT(#42,#10);
#922= IFCELEMENTASSEMBLY('0n15ZPwd14T9NJ$xTmfvHc',#44,'SEIB',$,$,#921,$,'A-0(?)',.NOTDEFINED.,.NOTDEFINED.);
#923= IFCPROPERTYSET('3LKRpPgJPFXPPf5ev$jNN4',#5,'Tekla Assembly','Assembly Properties',(#47,#48,#466,#467,#51,#52,#53,#54));
#924= IFCPROPERTYSET('1xPNDbNxf5t9dmtzuO3EJw',#5,'AssemblyBaseQuantities',$,(#56));
#925= IFCMAPPEDITEM(#278,#276);
#926= IFCSHAPEREPRESENTATION(#12,'Body','MappedRepresentation',(#925));
#927= IFCPRODUCTDEFINITIONSHAPE($,$,(#926));
#928= IFCCARTESIANPOINT((-17447.7398780556,-6981.84169114181,2684.96677143963));
#929= IFCAXIS2PLACEMENT3D(#928,#283,#7);
#930= IFCLOCALPLACEMENT(#921,#929);
#931= IFCMECHANICALFASTENER('0gG$axgSHDcgYfiIuSyPYN',#44,'Bolt assembly',$,$,#930,#927,'ID2a43f93b-a9c4-4d9a-a8a9-b12e1cf19897',20.,44.);
#932= IFCPROPERTYSET('0rUNmnoA1F0u78syAURroo',#5,'Tekla Bolt','Bolt Properties',(#288,#289,#290,#291,#292,#293,#294,#295,#296,#297,#298,#299,#300,#301,#302,#303));
#933= IFCSHAPEREPRESENTATION(#12,'Body','Brep',(#397));
#934= IFCPRODUCTDEFINITIONSHAPE($,$,(#933));
#935= IFCCARTESIANPOINT((-17422.7398780556,-6956.84169114181,2682.96677143963));
#936= IFCAXIS2PLACEMENT3D(#935,#283,#402);
#937= IFCLOCALPLACEMENT(#921,#936);
#938= IFCPLATE('1c4SFldBLAvRbfc_t3Z$31',#44,'SEIB','PL4*50',$,#937,#934,'1001');
#939= IFCPROPERTYSET('2a1lqKCB97MBWvsi5J0j2$',#5,'Tekla Common','Common Properties to Shared building elements',(#407,#408,#409,#410,#484,#485,#413));
#940= IFCPROPERTYSET('3eUTOQ461B_ueCEchHg7h1',#5,'Tekla Quantity','Quantity Properties to Shared building elements',(#415,#56,#416,#417,#418,#419,#420,#421));
#941= IFCPROPERTYSET('2u7jP2D2f8Y85Zj92FEJdu',#5,'PlateBaseQuantities',$,(#423,#424,#425,#426,#427,#428));
#942= IFCPROPERTYSET('0j8pM23LX5oRW2XB91hH8g',#5,'Pset_PlateCommon','Definition from IAI: Properties common to the definition of all occurrences of IfcPlate.',(#430,#431,#432,#433,#434,#435));
#943= IFCLOCALPLACEMENT(#42,#10);
#944= IFCELEMENTASSEMBLY('2tuqmdg9DEBPFjgTwJp_LW',#44,'VARIKATUSE POST',$,$,#943,$,'VKP-2',.NOTDEFINED.,.NOTDEFINED.);
#945= IFCPROPERTYSET('32EobGY6v19f5aiGliK6gN',#5,'Tekla Assembly','Assembly Properties',(#492,#48,#493,#494,#495,#52,#53,#54));
#946= IFCPROPERTYSET('3ywJfPK9nCZekZ3ge9gH1G',#5,'AssemblyBaseQuantities',$,(#497));
#947= IFCSHAPEREPRESENTATION(#12,'Body','Brep',(#748));
#948= IFCPRODUCTDEFINITIONSHAPE($,$,(#947));
#949= IFCCARTESIANPOINT((-17447.7398780556,-6981.84169114181,2399.99999999954));
#950= IFCAXIS2PLACEMENT3D(#949,#8,#9);
#951= IFCLOCALPLACEMENT(#943,#950);
#952= IFCCOLUMN('33lHWZ8cT1$hcm4rX5m2Ei',#44,'KEERMEVARRAS','D20',$,#951,#948,'IDc3bd1823-2267-41fe-b9b0-135845c023ac');
#953= IFCPROPERTYSET('1xg91NUGnEM9mFIU9Ozf52',#5,'Tekla Common','Common Properties to Shared building elements',(#757,#408,#409,#410,#758,#759,#413));
#954= IFCPROPERTYSET('3JP36DTEX8ugZu9atnQckj',#5,'Tekla Quantity','Quantity Properties to Shared building elements',(#761,#762,#763,#764,#765,#766,#420,#767));
#955= IFCPROPERTYSET('0ATlh7Nc55TxmMxwl28ITH',#5,'ColumnBaseQuantities',$,(#761,#690,#423,#691));
#956= IFCPROPERTYSET('0G$p_uAxv64gfaOJwxem5S',#5,'Pset_ColumnCommon','Definition from IAI: Properties common to the definition of all occurrences of IfcColumn.',(#430,#770,#431,#432,#434));
#957= IFCOWNERHISTORY(#3,#4,$,.NOCHANGE.,$,$,$,1752584400);
#958= IFCOWNERHISTORY(#3,#4,$,.NOCHANGE.,$,$,$,1752577200);
#959= IFCOWNERHISTORY(#3,#4,$,.NOCHANGE.,$,$,$,1752609600);
#960= IFCLOCALPLACEMENT(#42,#10);
#961= IFCELEMENTASSEMBLY('1iJIvROjn1JvGaokXSoiEB',#959,'KANDENURK',$,$,#960,$,'KN-1',.NOTDEFINED.,.NOTDEFINED.);
#962= IFCPROPERTYSINGLEVALUE('Assembly/Cast unit Mark',$,IFCLABEL('KN-1'),$);
#963= IFCPROPERTYSINGLEVALUE('Assembly/Cast unit top elevation',$,IFCLABEL(' +2.688'),$);
#964= IFCPROPERTYSINGLEVALUE('Assembly/Cast unit bottom elevation',$,IFCLABEL(' +2.481'),$);
#965= IFCPROPERTYSINGLEVALUE('Assembly/Cast unit weight',$,IFCMASSMEASURE(8.8),$);
#966= IFCPROPERTYSET('2nDmnMV7f8LBpQSK8Z764f',#5,'Tekla Assembly','Assembly Properties',(#962,#48,#963,#964,#965,#52,#53,#54));
#967= IFCPROPERTYSINGLEVALUE('Width',$,IFCLENGTHMEASURE(307.5),$);
#968= IFCPROPERTYSET('2SJjnKDNj5tumIQYFer4rk',#5,'AssemblyBaseQuantities',$,(#967));
#969= IFCCARTESIANPOINT((9.,-69.899827665535,0.));
#970= IFCCARTESIANPOINT((7.79422863405979,-69.899827665535,4.50000000000027));
#971= IFCCARTESIANPOINT((4.49999999999946,-69.899827665535,7.79422863406026));
#972= IFCCARTESIANPOINT((-9.3270238344029E-13,-69.899827665535,9.));
#973= IFCCARTESIANPOINT((-4.50000000000107,-69.899827665535,7.79422863405933));
#974= IFCCARTESIANPOINT((-7.79422863406072,-69.899827665535,4.49999999999866));
#975= IFCCARTESIANPOINT((-9.,-69.899827665535,-1.86540476688058E-12));
#976= IFCCARTESIANPOINT((-7.79422863405886,-69.899827665535,-4.50000000000188));
#977= IFCCARTESIANPOINT((-4.49999999999785,-69.899827665535,-7.79422863406119));
#978= IFCCARTESIANPOINT((2.78811514309924E-12,-69.899827665535,-9.));
#979= IFCCARTESIANPOINT((4.50000000000269,-69.899827665535,-7.7942286340584));
#980= IFCCARTESIANPOINT((7.79422863406166,-69.899827665535,-4.49999999999704));
#981= IFCCARTESIANPOINT((9.,70.1001723344366,0.));
#982= IFCCARTESIANPOINT((7.79422863405979,70.1001723344366,4.50000000000027));
#983= IFCCARTESIANPOINT((4.49999999999946,70.1001723344366,7.79422863406026));
#984= IFCCARTESIANPOINT((-9.3270238344029E-13,70.1001723344366,9.));
#985= IFCCARTESIANPOINT((-4.50000000000107,70.1001723344366,7.79422863405933));
#986= IFCCARTESIANPOINT((-7.79422863406072,70.1001723344366,4.49999999999866));
#987= IFCCARTESIANPOINT((-9.,70.1001723344366,-1.86540476688058E-12));
#988= IFCCARTESIANPOINT((-7.79422863405886,70.1001723344366,-4.50000000000188));
#989= IFCCARTESIANPOINT((-4.49999999999785,70.1001723344366,-7.79422863406119));
#990= IFCCARTESIANPOINT((2.78811514309924E-12,70.1001723344366,-9.));
#991= IFCCARTESIANPOINT((4.50000000000269,70.1001723344366,-7.7942286340584));
#992= IFCCARTESIANPOINT((7.79422863406166,70.1001723344366,-4.49999999999704));
#993= IFCPOLYLOOP((#969,#970,#971,#972,#973,#974,#975,#976,#977,#978,#979,#980));
#994= IFCFACEOUTERBOUND(#993,.T.);
#995= IFCFACE((#994));
#996= IFCPOLYLOOP((#992,#991,#990,#989,#988,#987,#986,#985,#984,#983,#982,#981));
#997= IFCFACEOUTERBOUND(#996,.T.);
#998= IFCFACE((#997));
#999= IFCPOLYLOOP((#969,#981,#982,#970));
#1000= IFCFACEOUTERBOUND(#999,.T.);
#1001= IFCFACE((#1000));
#1002= IFCPOLYLOOP((#970,#982,#983,#971));
#1003= IFCFACEOUTERBOUND(#1002,.T.);
#1004= IFCFACE((#1003));
#1005= IFCPOLYLOOP((#971,#983,#984,#972));
#1006= IFCFACEOUTERBOUND(#1005,.T.);
#1007= IFCFACE((#1006));
#1008= IFCPOLYLOOP((#972,#984,#985,#973));
#1009= IFCFACEOUTERBOUND(#1008,.T.);
#1010= IFCFACE((#1009));
#1011= IFCPOLYLOOP((#973,#985,#986,#974));
#1012= IFCFACEOUTERBOUND(#1011,.T.);
#1013= IFCFACE((#1012));
#1014= IFCPOLYLOOP((#974,#986,#987,#975));
#1015= IFCFACEOUTERBOUND(#1014,.T.);
#1016= IFCFACE((#1015));
#1017= IFCPOLYLOOP((#975,#987,#988,#976));
#1018= IFCFACEOUTERBOUND(#1017,.T.);
#1019= IFCFACE((#1018));
#1020= IFCPOLYLOOP((#976,#988,#989,#977));
#1021= IFCFACEOUTERBOUND(#1020,.T.);
#1022= IFCFACE((#1021));
#1023= IFCPOLYLOOP((#977,#989,#990,#978));
#1024= IFCFACEOUTERBOUND(#1023,.T.);
#1025= IFCFACE((#1024));
#1026= IFCPOLYLOOP((#978,#990,#991,#979));
#1027= IFCFACEOUTERBOUND(#1026,.T.);
#1028= IFCFACE((#1027));
#1029= IFCPOLYLOOP((#979,#991,#992,#980));
#1030= IFCFACEOUTERBOUND(#1029,.T.);
#1031= IFCFACE((#1030));
#1032= IFCPOLYLOOP((#980,#992,#981,#969));
#1033= IFCFACEOUTERBOUND(#1032,.T.);
#1034= IFCFACE((#1033));
#1035= IFCCARTESIANPOINT((9.,-4.09996586475643,0.));
#1036= IFCCARTESIANPOINT((7.79422863405979,-4.09996586475643,4.50000000000027));
#1037= IFCCARTESIANPOINT((4.49999999999946,-4.09996586475643,7.79422863406026));
#1038= IFCCARTESIANPOINT((-9.3270238344029E-13,-4.09996586475643,9.));
#1039= IFCCARTESIANPOINT((-4.50000000000107,-4.09996586475643,7.79422863405933));
#1040= IFCCARTESIANPOINT((-7.79422863406072,-4.09996586475643,4.49999999999866));
#1041= IFCCARTESIANPOINT((-9.,-4.09996586475643,-1.86540476688058E-12));
#1042= IFCCARTESIANPOINT((-7.79422863405886,-4.09996586475643,-4.50000000000188));
#1043= IFCCARTESIANPOINT((-4.49999999999785,-4.09996586475643,-7.79422863406119));
#1044= IFCCARTESIANPOINT((2.78811514309924E-12,-4.09996586475643,-9.));
#1045= IFCCARTESIANPOINT((4.50000000000269,-4.09996586475643,-7.7942286340584));
#1046= IFCCARTESIANPOINT((7.79422863406166,-4.09996586475643,-4.49999999999704));
#1047= IFCCARTESIANPOINT((9.,4.00003413551056,0.));
#1048= IFCCARTESIANPOINT((7.79422863405979,4.00003413551056,4.50000000000027));
#1049= IFCCARTESIANPOINT((4.49999999999946,4.00003413551056,7.79422863406026));
#1050= IFCCARTESIANPOINT((-9.3270238344029E-13,4.00003413551056,9.));
#1051= IFCCARTESIANPOINT((-4.50000000000107,4.00003413551056,7.79422863405933));
#1052= IFCCARTESIANPOINT((-7.79422863406072,4.00003413551056,4.49999999999866));
#1053= IFCCARTESIANPOINT((-9.,4.00003413551056,-1.86540476688058E-12));
#1054= IFCCARTESIANPOINT((-7.79422863405886,4.00003413551056,-4.50000000000188));
#1055= IFCCARTESIANPOINT((-4.49999999999785,4.00003413551056,-7.79422863406119));
#1056= IFCCARTESIANPOINT((2.78811514309924E-12,4.00003413551056,-9.));
#1057= IFCCARTESIANPOINT((4.50000000000269,4.00003413551056,-7.7942286340584));
#1058= IFCCARTESIANPOINT((7.79422863406166,4.00003413551056,-4.49999999999704));
#1059= IFCPOLYLOOP((#1035,#1036,#1037,#1038,#1039,#1040,#1041,#1042,#1043,#1044,#1045,#1046));
#1060= IFCFACEOUTERBOUND(#1059,.T.);
#1061= IFCFACE((#1060));
#1062= IFCPOLYLOOP((#1058,#1057,#1056,#1055,#1054,#1053,#1052,#1051,#1050,#1049,#1048,#1047));
#1063= IFCFACEOUTERBOUND(#1062,.T.);
#1064= IFCFACE((#1063));
#1065= IFCPOLYLOOP((#1035,#1047,#1048,#1036));
#1066= IFCFACEOUTERBOUND(#1065,.T.);
#1067= IFCFACE((#1066));
#1068= IFCPOLYLOOP((#1036,#1048,#1049,#1037));
#1069= IFCFACEOUTERBOUND(#1068,.T.);
#1070= IFCFACE((#1069));
#1071= IFCPOLYLOOP((#1037,#1049,#1050,#1038));
#1072= IFCFACEOUTERBOUND(#1071,.T.);
#1073= IFCFACE((#1072));
#1074= IFCPOLYLOOP((#1038,#1050,#1051,#1039));
#1075= IFCFACEOUTERBOUND(#1074,.T.);
#1076= IFCFACE((#1075));
#1077= IFCPOLYLOOP((#1039,#1051,#1052,#1040));
#1078= IFCFACEOUTERBOUND(#1077,.T.);
#1079= IFCFACE((#1078));
#1080= IFCPOLYLOOP((#1040,#1052,#1053,#1041));
#1081= IFCFACEOUTERBOUND(#1080,.T.);
#1082= IFCFACE((#1081));
#1083= IFCPOLYLOOP((#1041,#1053,#1054,#1042));
#1084= IFCFACEOUTERBOUND(#1083,.T.);
#1085= IFCFACE((#1084));
#1086= IFCPOLYLOOP((#1042,#1054,#1055,#1043));
#1087= IFCFACEOUTERBOUND(#1086,.T.);
#1088= IFCFACE((#1087));
#1089= IFCPOLYLOOP((#1043,#1055,#1056,#1044));
#1090= IFCFACEOUTERBOUND(#1089,.T.);
#1091= IFCFACE((#1090));
#1092= IFCPOLYLOOP((#1044,#1056,#1057,#1045));
#1093= IFCFACEOUTERBOUND(#1092,.T.);
#1094= IFCFACE((#1093));
#1095= IFCPOLYLOOP((#1045,#1057,#1058,#1046));
#1096= IFCFACEOUTERBOUND(#1095,.T.);
#1097= IFCFACE((#1096));
#1098= IFCPOLYLOOP((#1046,#1058,#1047,#1035));
#1099= IFCFACEOUTERBOUND(#1098,.T.);
#1100= IFCFACE((#1099));
#1101= IFCCLOSEDSHELL((#995,#998,#1001,#1004,#1007,#1010,#1013,#1016,#1019,#1022,#1025,#1028,#1031,#1034,#1061,#1064,#1067,#1070,#1073,#1076,#1079,#1082,#1085,#1088,#1091,#1094,#1097,#1100));
#1102= IFCFACETEDBREP(#1101);
#1103= IFCSTYLEDITEM(#1102,(#273),$);
#1104= IFCCARTESIANPOINT((-2.13731254916638E-11,-5.45696821063757E-12,-74.9999999999854));
#1105= IFCCARTESIANTRANSFORMATIONOPERATOR3D($,$,#1104,$,$);
#1106= IFCSHAPEREPRESENTATION(#12,'Body','Brep',(#1102));
#1107= IFCREPRESENTATIONMAP(#10,#1106);
#1108= IFCMAPPEDITEM(#1107,#1105);
#1109= IFCCARTESIANPOINT((149.99999999994,5.45696821063757E-11,-75.000000000045));
#1110= IFCCARTESIANTRANSFORMATIONOPERATOR3D($,$,#1109,$,$);
#1111= IFCMAPPEDITEM(#1107,#1110);
#1112= IFCCARTESIANPOINT((2.09183781407773E-11,7.27595761418343E-12,74.999999999985));
#1113= IFCCARTESIANTRANSFORMATIONOPERATOR3D($,$,#1112,$,$);
#1114= IFCMAPPEDITEM(#1107,#1113);
#1115= IFCCARTESIANPOINT((149.999999999982,6.73026079311967E-11,74.999999999925));
#1116= IFCCARTESIANTRANSFORMATIONOPERATOR3D($,$,#1115,$,$);
#1117= IFCMAPPEDITEM(#1107,#1116);
#1118= IFCSHAPEREPRESENTATION(#12,'Body','MappedRepresentation',(#1108,#1111,#1114,#1117));
#1119= IFCPRODUCTDEFINITIONSHAPE($,$,(#1118));
#1120= IFCCARTESIANPOINT((-13982.1844995063,-1924.77801583757,2512.4167532605));
#1121= IFCDIRECTION((-0.0153382149932172,0.00135055199940354,0.999881450558074));
#1122= IFCAXIS2PLACEMENT3D(#1120,#550,#1121);
#1123= IFCLOCALPLACEMENT(#960,#1122);
#1124= IFCMECHANICALFASTENER('1U5y07Zxv6a8WDGDJDDv7h',#959,'Bolt assembly',$,$,#1123,#1119,'ID5e17c007-8fbe-4690-880d-40d4cd3791eb',16.,140.);
#1125= IFCPROPERTYSINGLEVALUE('Bolt Name',$,IFCLABEL('M16*140'),$);
#1126= IFCPROPERTYSINGLEVALUE('Bolt length',$,IFCLENGTHMEASURE(140.),$);
#1127= IFCPROPERTYSINGLEVALUE('Bolt size',$,IFCLENGTHMEASURE(18.),$);
#1128= IFCPROPERTYSINGLEVALUE('Bolt count',$,IFCINTEGER(4),$);
#1129= IFCPROPERTYSINGLEVALUE('Bolt hole diameter',$,IFCLENGTHMEASURE(18.),$);
#1130= IFCPROPERTYSINGLEVALUE('Nut name',$,IFCLABEL('M16-DIN934'),$);
#1131= IFCPROPERTYSINGLEVALUE('Nut count',$,IFCINTEGER(0),$);
#1132= IFCPROPERTYSINGLEVALUE('Washer name',$,IFCLABEL('W16-DIN125'),$);
#1133= IFCPROPERTYSINGLEVALUE('Washer diameter',$,IFCLENGTHMEASURE(16.),$);
#1134= IFCPROPERTYSET('2gGX0clDDF0uZj5d6$yzvt',#5,'Tekla Bolt','Bolt Properties',(#1125,#289,#1126,#1127,#1128,#293,#1129,#295,#296,#1130,#298,#1131,#1132,#301,#1133,#303));
#1135= IFCCARTESIANPOINT((9.,-69.9000050196901,0.));
#1136= IFCCARTESIANPOINT((7.79422863405979,-69.9000050196901,4.50000000000027));
#1137= IFCCARTESIANPOINT((4.49999999999946,-69.9000050196901,7.79422863406026));
#1138= IFCCARTESIANPOINT((-9.3270238344029E-13,-69.9000050196901,9.));
#1139= IFCCARTESIANPOINT((-4.50000000000107,-69.9000050196901,7.79422863405933));
#1140= IFCCARTESIANPOINT((-7.79422863406072,-69.9000050196901,4.49999999999866));
#1141= IFCCARTESIANPOINT((-9.,-69.9000050196901,-1.86540476688058E-12));
#1142= IFCCARTESIANPOINT((-7.79422863405886,-69.9000050196901,-4.50000000000188));
#1143= IFCCARTESIANPOINT((-4.49999999999785,-69.9000050196901,-7.79422863406119));
#1144= IFCCARTESIANPOINT((2.78811514309924E-12,-69.9000050196901,-9.));
#1145= IFCCARTESIANPOINT((4.50000000000269,-69.9000050196901,-7.7942286340584));
#1146= IFCCARTESIANPOINT((7.79422863406166,-69.9000050196901,-4.49999999999704));
#1147= IFCCARTESIANPOINT((9.,70.0999949802105,0.));
#1148= IFCCARTESIANPOINT((7.79422863405979,70.0999949802105,4.50000000000027));
#1149= IFCCARTESIANPOINT((4.49999999999946,70.0999949802105,7.79422863406026));
#1150= IFCCARTESIANPOINT((-9.3270238344029E-13,70.0999949802105,9.));
#1151= IFCCARTESIANPOINT((-4.50000000000107,70.0999949802105,7.79422863405933));
#1152= IFCCARTESIANPOINT((-7.79422863406072,70.0999949802105,4.49999999999866));
#1153= IFCCARTESIANPOINT((-9.,70.0999949802105,-1.86540476688058E-12));
#1154= IFCCARTESIANPOINT((-7.79422863405886,70.0999949802105,-4.50000000000188));
#1155= IFCCARTESIANPOINT((-4.49999999999785,70.0999949802105,-7.79422863406119));
#1156= IFCCARTESIANPOINT((2.78811514309924E-12,70.0999949802105,-9.));
#1157= IFCCARTESIANPOINT((4.50000000000269,70.0999949802105,-7.7942286340584));
#1158= IFCCARTESIANPOINT((7.79422863406166,70.0999949802105,-4.49999999999704));
#1159= IFCPOLYLOOP((#1135,#1136,#1137,#1138,#1139,#1140,#1141,#1142,#1143,#1144,#1145,#1146));
#1160= IFCFACEOUTERBOUND(#1159,.T.);
#1161= IFCFACE((#1160));
#1162= IFCPOLYLOOP((#1158,#1157,#1156,#1155,#1154,#1153,#1152,#1151,#1150,#1149,#1148,#1147));
#1163= IFCFACEOUTERBOUND(#1162,.T.);
#1164= IFCFACE((#1163));
#1165= IFCPOLYLOOP((#1135,#1147,#1148,#1136));
#1166= IFCFACEOUTERBOUND(#1165,.T.);
#1167= IFCFACE((#1166));
#1168= IFCPOLYLOOP((#1136,#1148,#1149,#1137));
#1169= IFCFACEOUTERBOUND(#1168,.T.);
#1170= IFCFACE((#1169));
#1171= IFCPOLYLOOP((#1137,#1149,#1150,#1138));
#1172= IFCFACEOUTERBOUND(#1171,.T.);
#1173= IFCFACE((#1172));
#1174= IFCPOLYLOOP((#1138,#1150,#1151,#1139));
#1175= IFCFACEOUTERBOUND(#1174,.T.);
#1176= IFCFACE((#1175));
#1177= IFCPOLYLOOP((#1139,#1151,#1152,#1140));
#1178= IFCFACEOUTERBOUND(#1177,.T.);
#1179= IFCFACE((#1178));
#1180= IFCPOLYLOOP((#1140,#1152,#1153,#1141));
#1181= IFCFACEOUTERBOUND(#1180,.T.);
#1182= IFCFACE((#1181));
#1183= IFCPOLYLOOP((#1141,#1153,#1154,#1142));
#1184= IFCFACEOUTERBOUND(#1183,.T.);
#1185= IFCFACE((#1184));
#1186= IFCPOLYLOOP((#1142,#1154,#1155,#1143));
#1187= IFCFACEOUTERBOUND(#1186,.T.);
#1188= IFCFACE((#1187));
#1189= IFCPOLYLOOP((#1143,#1155,#1156,#1144));
#1190= IFCFACEOUTERBOUND(#1189,.T.);
#1191= IFCFACE((#1190));
#1192= IFCPOLYLOOP((#1144,#1156,#1157,#1145));
#1193= IFCFACEOUTERBOUND(#1192,.T.);
#1194= IFCFACE((#1193));
#1195= IFCPOLYLOOP((#1145,#1157,#1158,#1146));
#1196= IFCFACEOUTERBOUND(#1195,.T.);
#1197= IFCFACE((#1196));
#1198= IFCPOLYLOOP((#1146,#1158,#1147,#1135));
#1199= IFCFACEOUTERBOUND(#1198,.T.);
#1200= IFCFACE((#1199));
#1201= IFCCLOSEDSHELL((#1161,#1164,#1167,#1170,#1173,#1176,#1179,#1182,#1185,#1188,#1191,#1194,#1197,#1200,#1061,#1064,#1067,#1070,#1073,#1076,#1079,#1082,#1085,#1088,#1091,#1094,#1097,#1100));
#1202= IFCFACETEDBREP(#1201);
#1203= IFCSTYLEDITEM(#1202,(#273),$);
#1204= IFCCARTESIANPOINT((-2.45563569478691E-11,1.22099663713016E-10,-100.000000000169));
#1205= IFCCARTESIANTRANSFORMATIONOPERATOR3D($,$,#1204,$,$);
#1206= IFCSHAPEREPRESENTATION(#12,'Body','Brep',(#1202));
#1207= IFCREPRESENTATIONMAP(#10,#1206);
#1208= IFCMAPPEDITEM(#1207,#1205);
#1209= IFCCARTESIANPOINT((149.999999999937,6.86668499838561E-11,-100.000000000133));
#1210= IFCCARTESIANTRANSFORMATIONOPERATOR3D($,$,#1209,$,$);
#1211= IFCMAPPEDITEM(#1207,#1210);
#1212= IFCCARTESIANPOINT((2.45563569478691E-11,-1.21872290037572E-10,100.000000000167));
#1213= IFCCARTESIANTRANSFORMATIONOPERATOR3D($,$,#1212,$,$);
#1214= IFCMAPPEDITEM(#1207,#1213);
#1215= IFCCARTESIANPOINT((149.999999999986,-1.75532477442175E-10,100.000000000206));
#1216= IFCCARTESIANTRANSFORMATIONOPERATOR3D($,$,#1215,$,$);
#1217= IFCMAPPEDITEM(#1207,#1216);
#1218= IFCSHAPEREPRESENTATION(#12,'Body','MappedRepresentation',(#1208,#1211,#1214,#1217));
#1219= IFCPRODUCTDEFINITIONSHAPE($,$,(#1218));
#1220= IFCCARTESIANPOINT((-14229.86010753,-1721.20074073649,2508.34242687192));
#1221= IFCDIRECTION((0.999882362607486,1.03579999952217E-05,0.0153382149934132));
#1222= IFCAXIS2PLACEMENT3D(#1220,#1221,#1121);
#1223= IFCLOCALPLACEMENT(#960,#1222);
#1224= IFCMECHANICALFASTENER('2ywGe4uFb4Kw7q93_5hLV$',#959,'Bolt assembly',$,$,#1223,#1219,'IDbce90a04-e0f9-4453-a1f4-243f85ad57ff',16.,140.);
#1225= IFCPROPERTYSET('2Dx6I0kgj2G8QunyMplNC$',#5,'Tekla Bolt','Bolt Properties',(#1125,#289,#1126,#1127,#1128,#293,#1129,#295,#296,#1130,#298,#1131,#1132,#301,#1133,#303));
#1226= IFCCARTESIANPOINT((99.9999999995257,7.22490717220535,-9.15427311994631));
#1227= IFCCARTESIANPOINT((-100.000000000194,7.18994973030749,-9.55128564192341));
#1228= IFCCARTESIANPOINT((108.48528137393,16.4217452303346,-1.44595490294546));
#1229= IFCPOLYLOOP((#1226,#1227,#1228));
#1230= IFCFACEOUTERBOUND(#1229,.T.);
#1231= IFCFACE((#1230));
#1232= IFCCARTESIANPOINT((-108.849590660241,16.8529970403815,-0.701694982384652));
#1233= IFCCARTESIANPOINT((99.9999999996321,7.96916709276593,-0.701694982387608));
#1234= IFCPOLYLOOP((#1228,#1232,#1233));
#1235= IFCFACEOUTERBOUND(#1234,.T.);
#1236= IFCFACE((#1235));
#1237= IFCCARTESIANPOINT((-100.000000000139,7.96916709270045,-0.701694982385334));
#1238= IFCPOLYLOOP((#1226,#1233,#1237,#1227));
#1239= IFCFACEOUTERBOUND(#1238,.T.);
#1240= IFCFACE((#1239));
#1241= IFCPOLYLOOP((#1237,#1233,#1232));
#1242= IFCFACEOUTERBOUND(#1241,.T.);
#1243= IFCFACE((#1242));
#1244= IFCPOLYLOOP((#1232,#1228,#1227));
#1245= IFCFACEOUTERBOUND(#1244,.T.);
#1246= IFCFACE((#1245));
#1247= IFCCARTESIANPOINT((99.9999999995725,-0.713621124934434,-8.10461258534042));
#1248= IFCCARTESIANPOINT((108.10461258495,-8.13596953460365,-1.81898940354586E-12));
#1249= IFCPOLYLOOP((#1247,#1226,#1248));
#1250= IFCFACEOUTERBOUND(#1249,.T.);
#1251= IFCFACE((#1250));
#1252= IFCCARTESIANPOINT((99.9999999996235,3.27418092638254E-11,-9.09494701772928E-13));
#1253= IFCPOLYLOOP((#1248,#1228,#1252));
#1254= IFCFACEOUTERBOUND(#1253,.T.);
#1255= IFCFACE((#1254));
#1256= IFCPOLYLOOP((#1247,#1252,#1233,#1226));
#1257= IFCFACEOUTERBOUND(#1256,.T.);
#1258= IFCFACE((#1257));
#1259= IFCPOLYLOOP((#1233,#1252,#1228));
#1260= IFCFACEOUTERBOUND(#1259,.T.);
#1261= IFCFACE((#1260));
#1262= IFCPOLYLOOP((#1228,#1248,#1226));
#1263= IFCFACEOUTERBOUND(#1262,.T.);
#1264= IFCFACE((#1263));
#1265= IFCCARTESIANPOINT((-99.9999999997294,-0.744259920589684,-8.45257813745297));
#1266= IFCCARTESIANPOINT((-108.485281373265,-8.45257813749959,0.744259920549894));
#1267= IFCPOLYLOOP((#1265,#1247,#1266));
#1268= IFCFACEOUTERBOUND(#1267,.T.);
#1269= IFCFACE((#1268));
#1270= IFCPOLYLOOP((#1248,#1252,#1266));
#1271= IFCFACEOUTERBOUND(#1270,.T.);
#1272= IFCFACE((#1271));
#1273= IFCCARTESIANPOINT((-99.9999999996248,-3.45607986673713E-11,9.09494701772928E-13));
#1274= IFCPOLYLOOP((#1265,#1273,#1252,#1247));
#1275= IFCFACEOUTERBOUND(#1274,.T.);
#1276= IFCFACE((#1275));
#1277= IFCPOLYLOOP((#1273,#1266,#1252));
#1278= IFCFACEOUTERBOUND(#1277,.T.);
#1279= IFCFACE((#1278));
#1280= IFCPOLYLOOP((#1248,#1266,#1247));
#1281= IFCFACEOUTERBOUND(#1280,.T.);
#1282= IFCFACE((#1281));
#1283= IFCCARTESIANPOINT((-100.000000000244,7.22490717214532,-9.15427311983967));
#1284= IFCPOLYLOOP((#1283,#1237,#1273,#1265));
#1285= IFCFACEOUTERBOUND(#1284,.T.);
#1286= IFCFACE((#1285));
#1287= IFCCARTESIANPOINT((-108.48528137487,16.4217452301582,-1.44595490293568));
#1288= IFCPOLYLOOP((#1237,#1287,#1266,#1273));
#1289= IFCFACEOUTERBOUND(#1288,.T.);
#1290= IFCFACE((#1289));
#1291= IFCPOLYLOOP((#1287,#1283,#1265,#1266));
#1292= IFCFACEOUTERBOUND(#1291,.T.);
#1293= IFCFACE((#1292));
#1294= IFCPOLYLOOP((#1232,#1227,#1237));
#1295= IFCFACEOUTERBOUND(#1294,.T.);
#1296= IFCFACE((#1295));
#1297= IFCPOLYLOOP((#1287,#1237,#1283));
#1298= IFCFACEOUTERBOUND(#1297,.T.);
#1299= IFCFACE((#1298));
#1300= IFCCLOSEDSHELL((#1231,#1236,#1240,#1243,#1246,#1251,#1255,#1258,#1261,#1264,#1269,#1272,#1276,#1279,#1282,#1286,#1290,#1293,#1296,#1299));
#1301= IFCFACETEDBREP(#1300);
#1302= IFCSTYLEDITEM(#1301,(#502),$);
#1303= IFCSHAPEREPRESENTATION(#12,'Body','Brep',(#1301));
#1304= IFCPRODUCTDEFINITIONSHAPE($,$,(#1303));
#1305= IFCCARTESIANPOINT((-13969.7766216605,-1725.09673953581,2587.34627091117));
#1306= IFCDIRECTION((1.03580000250076E-05,0.999999087950586,-0.0013505520015874));
#1307= IFCAXIS2PLACEMENT3D(#1305,#1306,#1121);
#1308= IFCLOCALPLACEMENT(#960,#1307);
#1309= IFCFASTENER('3$5wvGaxf4Su6u2tA3fpUu',#958,'Weld',$,$,#1308,#1304,'IDff17ae50-93ba-4473-81b8-0b7283a737b8');
#1310= IFCPROPERTYSINGLEVALUE('Edge/Around',$,IFCLABEL('Around'),$);
#1311= IFCPROPERTYSINGLEVALUE('Length',$,IFCLENGTHMEASURE(416.),$);
#1312= IFCPROPERTYSET('1_SN0l3vLA8w8c6j0_MLQL',#5,'Tekla Weld Common','Common weld properties',(#1310,#555,#556,#557,#558,#559,#560,#561,#562,#563,#564,#1311,#420));
#1313= IFCPROPERTYSINGLEVALUE('Size1',$,IFCLENGTHMEASURE(6.),$);
#1314= IFCPROPERTYSINGLEVALUE('Actual length1',$,IFCLENGTHMEASURE(416.),$);
#1315= IFCPROPERTYSET('0Q9pR2LnDEYB7qILBUwb3f',#5,'Tekla Weld Above Line','Above line weld properties',(#567,#568,#1313,#570,#571,#572,#573,#574,#575,#576,#577,#578,#579,#1314));
#1316= IFCPROPERTYSINGLEVALUE('Type2',$,IFCLABEL('None'),$);
#1317= IFCPROPERTYSINGLEVALUE('Size2',$,IFCLENGTHMEASURE(0.),$);
#1318= IFCPROPERTYSET('344EsiCArB$wbc1DB4Jg55',#5,'Tekla Weld Below Line','Below line weld properties',(#1316,#583,#1317,#585,#586,#587,#588,#589,#590,#591,#592,#593,#594,#876));
#1319= IFCSURFACESTYLE('STEEL/S355J2',.POSITIVE.,(#698));
#1320= IFCPRESENTATIONSTYLEASSIGNMENT((#1319));
#1321= IFCCARTESIANPOINT((-4.54747350886464E-13,-4.,-4.54747350886464E-13));
#1322= IFCCARTESIANPOINT((1.29512045532465E-09,-3.99999999983629,199.999999999744));
#1323= IFCCARTESIANPOINT((1.29557520267554E-09,4.00000000016553,199.999999999744));
#1324= IFCCARTESIANPOINT((4.54747350886464E-13,4.00000000000182,0.));
#1325= IFCPOLYLOOP((#1321,#1322,#1323,#1324));
#1326= IFCFACEOUTERBOUND(#1325,.T.);
#1327= IFCFACE((#1326));
#1328= IFCCARTESIANPOINT((300.000000002127,-3.99999999995089,199.999999999667));
#1329= IFCCARTESIANPOINT((300.000000002128,4.00000000004911,199.999999999668));
#1330= IFCPOLYLOOP((#1322,#1328,#1329,#1323));
#1331= IFCFACEOUTERBOUND(#1330,.T.);
#1332= IFCFACE((#1331));
#1333= IFCCARTESIANPOINT((300.000000001296,-4.00000000010914,-3.68345354218036E-11));
#1334= IFCCARTESIANPOINT((300.000000001296,3.99999999989086,-3.54702933691442E-11));
#1335= IFCPOLYLOOP((#1328,#1333,#1334,#1329));
#1336= IFCFACEOUTERBOUND(#1335,.T.);
#1337= IFCFACE((#1336));
#1338= IFCPOLYLOOP((#1333,#1321,#1324,#1334));
#1339= IFCFACEOUTERBOUND(#1338,.T.);
#1340= IFCFACE((#1339));
#1341= IFCPOLYLOOP((#1329,#1334,#1324,#1323));
#1342= IFCFACEOUTERBOUND(#1341,.T.);
#1343= IFCFACE((#1342));
#1344= IFCPOLYLOOP((#1333,#1328,#1322,#1321));
#1345= IFCFACEOUTERBOUND(#1344,.T.);
#1346= IFCFACE((#1345));
#1347= IFCCLOSEDSHELL((#1327,#1332,#1337,#1340,#1343,#1346));
#1348= IFCFACETEDBREP(#1347);
#1349= IFCSTYLEDITEM(#1348,(#1320),$);
#1350= IFCSHAPEREPRESENTATION(#12,'Body','Brep',(#1348));
#1351= IFCPRODUCTDEFINITIONSHAPE($,$,(#1350));
#1352= IFCCARTESIANPOINT((-13967.3263319856,-1725.31249025892,2687.39600620348));
#1353= IFCDIRECTION((0.0153382150155176,-0.00135055174617446,-0.999881450558074));
#1354= IFCAXIS2PLACEMENT3D(#1352,#1353,#550);
#1355= IFCLOCALPLACEMENT(#960,#1354);
#1356= IFCPLATE('2NXP3aCZPCJx9fsk6CDKc4',#959,'LEHT','PL8*200',$,#1355,#1351,'ID978590e4-3236-4c4f-b269-dae18c354984');
#1357= IFCPLATETYPE('1_B27zPCn8Ig1usQ8KmYoc',#5,'PL8*200',$,$,$,$,$,$,.NOTDEFINED.);
#1358= IFCPROPERTYSINGLEVALUE('Top elevation',$,IFCLABEL(' +2.687'),$);
#1359= IFCPROPERTYSINGLEVALUE('Bottom elevation',$,IFCLABEL(' +2.487'),$);
#1360= IFCPROPERTYSET('1WabeEt$PAveiuPuQx2ZCg',#5,'Tekla Common','Common Properties to Shared building elements',(#757,#408,#409,#410,#1358,#1359,#413));
#1361= IFCPROPERTYSINGLEVALUE('Length',$,IFCLENGTHMEASURE(300.),$);
#1362= IFCPROPERTYSINGLEVALUE('Height',$,IFCLENGTHMEASURE(200.),$);
#1363= IFCPROPERTYSINGLEVALUE('Net surface area',$,IFCAREAMEASURE(0.128),$);
#1364= IFCPROPERTYSINGLEVALUE('Area per tons',$,IFCAREAMEASURE(33.97),$);
#1365= IFCPROPERTYSINGLEVALUE('Weight',$,IFCMASSMEASURE(3.77),$);
#1366= IFCPROPERTYSET('0MoFQN_JLAb8T3zLGHIFq2',#5,'Tekla Quantity','Quantity Properties to Shared building elements',(#1361,#683,#1362,#1363,#1364,#419,#420,#1365));
#1367= IFCPROPERTYSINGLEVALUE('Width',$,IFCLENGTHMEASURE(200.),$);
#1368= IFCPROPERTYSINGLEVALUE('NetArea',$,IFCAREAMEASURE(0.1),$);
#1369= IFCPROPERTYSINGLEVALUE('GrossArea',$,IFCAREAMEASURE(0.1),$);
#1370= IFCPROPERTYSET('040lcU2Lf1nexFidgOeda_',#5,'PlateBaseQuantities',$,(#423,#424,#1367,#1368,#1369,#428));
#1371= IFCPROPERTYSET('07nraxv8DEcgS0hQkFoS3d',#5,'Pset_PlateCommon','Definition from IAI: Properties common to the definition of all occurrences of IfcPlate.',(#430,#431,#432,#433,#434,#435));
#1372= IFCCARTESIANPOINT((400.000000008797,-4.0000000000216,199.999999999596));
#1373= IFCCARTESIANPOINT((400.000000008804,3.99999999997794,199.999999999597));
#1374= IFCPOLYLOOP((#1322,#1372,#1373,#1323));
#1375= IFCFACEOUTERBOUND(#1374,.T.);
#1376= IFCFACE((#1375));
#1377= IFCCARTESIANPOINT((400.00000000591,-4.00000000002319,4.50199877377599E-11));
#1378= IFCCARTESIANPOINT((400.000000005914,3.99999999997613,4.59294824395329E-11));
#1379= IFCPOLYLOOP((#1372,#1377,#1378,#1373));
#1380= IFCFACEOUTERBOUND(#1379,.T.);
#1381= IFCFACE((#1380));
#1382= IFCPOLYLOOP((#1377,#1321,#1324,#1378));
#1383= IFCFACEOUTERBOUND(#1382,.T.);
#1384= IFCFACE((#1383));
#1385= IFCPOLYLOOP((#1373,#1378,#1324,#1323));
#1386= IFCFACEOUTERBOUND(#1385,.T.);
#1387= IFCFACE((#1386));
#1388= IFCPOLYLOOP((#1377,#1372,#1322,#1321));
#1389= IFCFACEOUTERBOUND(#1388,.T.);
#1390= IFCFACE((#1389));
#1391= IFCCLOSEDSHELL((#1327,#1376,#1381,#1384,#1387,#1390));
#1392= IFCFACETEDBREP(#1391);
#1393= IFCSTYLEDITEM(#1392,(#1320),$);
#1394= IFCSHAPEREPRESENTATION(#12,'Body','Brep',(#1392));
#1395= IFCPRODUCTDEFINITIONSHAPE($,$,(#1394));
#1396= IFCCARTESIANPOINT((-13957.5766454166,-1720.96154568901,2687.53968984908));
#1397= IFCDIRECTION((-0.999882362607477,-1.03579999959837E-05,-0.0153382149939783));
#1398= IFCAXIS2PLACEMENT3D(#1396,#1353,#1397);
#1399= IFCLOCALPLACEMENT(#960,#1398);
#1400= IFCPLATE('0Z5KJatHjB1QLhafQlr5dy',#959,'KANDENURK','PL8*200',$,#1399,#1395,'1011');
#1401= IFCPROPERTYSINGLEVALUE('Top elevation',$,IFCLABEL(' +2.688'),$);
#1402= IFCPROPERTYSINGLEVALUE('Bottom elevation',$,IFCLABEL(' +2.481'),$);
#1403= IFCPROPERTYSET('2pvjmvWjf5rRhhL8mat$G0',#5,'Tekla Common','Common Properties to Shared building elements',(#757,#408,#409,#410,#1401,#1402,#413));
#1404= IFCPROPERTYSINGLEVALUE('Length',$,IFCLENGTHMEASURE(400.),$);
#1405= IFCPROPERTYSINGLEVALUE('Net surface area',$,IFCAREAMEASURE(0.17),$);
#1406= IFCPROPERTYSINGLEVALUE('Area per tons',$,IFCAREAMEASURE(33.758),$);
#1407= IFCPROPERTYSINGLEVALUE('Volume',$,IFCVOLUMEMEASURE(0.001),$);
#1408= IFCPROPERTYSINGLEVALUE('Weight',$,IFCMASSMEASURE(5.02),$);
#1409= IFCPROPERTYSET('0SqWzw$0jA8QI2eGdQ_GzQ',#5,'Tekla Quantity','Quantity Properties to Shared building elements',(#1404,#683,#1362,#1405,#1406,#766,#1407,#1408));
#1410= IFCPROPERTYSINGLEVALUE('NetArea',$,IFCAREAMEASURE(0.2),$);
#1411= IFCPROPERTYSET('089EixGDfFmgRZpyA_5q8O',#5,'PlateBaseQuantities',$,(#423,#424,#1367,#1410,#1369,#428));
#1412= IFCPROPERTYSET('3IlfddL8b0guJ3ROTSQZr$',#5,'Pset_PlateCommon','Definition from IAI: Properties common to the definition of all occurrences of IfcPlate.',(#430,#431,#432,#433,#434,#435));
#1413= IFCLOCALPLACEMENT(#42,#10);
#1414= IFCELEMENTASSEMBLY('29KpBfJ7fE8fr4YuSuQ8yd',#957,'Beamshoe',$,$,#1413,$,'Beamsh-0(?)',.NOTDEFINED.,.NOTDEFINED.);
#1415= IFCPROPERTYSINGLEVALUE('Assembly/Cast unit Mark',$,IFCLABEL('Beamsh-0(?)'),$);
#1416= IFCPROPERTYSINGLEVALUE('Assembly/Cast unit top elevation',$,IFCLABEL(' +2.643'),$);
#1417= IFCPROPERTYSINGLEVALUE('Assembly/Cast unit bottom elevation',$,IFCLABEL(' +2.535'),$);
#1418= IFCPROPERTYSINGLEVALUE('Assembly/Cast unit weight',$,IFCMASSMEASURE(0.3),$);
#1419= IFCPROPERTYSET('0VdxUWN3PCP9THOCharR5t',#5,'Tekla Assembly','Assembly Properties',(#1415,#48,#1416,#1417,#1418,#52,#53,#54));
#1420= IFCPROPERTYSINGLEVALUE('Width',$,IFCLENGTHMEASURE(107.5),$);
#1421= IFCPROPERTYSET('2UF1QjJqLAKA4izokPR6zB',#5,'AssemblyBaseQuantities',$,(#1420));
#1422= IFCSURFACESTYLE('STEEL/Steel_Undefined',.POSITIVE.,(#307));
#1423= IFCPRESENTATIONSTYLEASSIGNMENT((#1422));
#1424= IFCCARTESIANPOINT((-3.63797880709171E-12,-1.,-4.54747350886464E-13));
#1425= IFCCARTESIANPOINT((-4.70754457637668E-09,-1.00000000000546,9.99999998000749));
#1426= IFCCARTESIANPOINT((-4.70754457637668E-09,0.999999999998181,9.99999998000749));
#1427= IFCCARTESIANPOINT((0.,1.00000000000182,-9.09494701772928E-13));
#1428= IFCPOLYLOOP((#1424,#1425,#1426,#1427));
#1429= IFCFACEOUTERBOUND(#1428,.T.);
#1430= IFCFACE((#1429));
#1431= IFCCARTESIANPOINT((35.0000000075306,-1.00000000002547,29.9999999800657));
#1432= IFCCARTESIANPOINT((35.0000000075306,0.999999999976353,29.9999999800661));
#1433= IFCPOLYLOOP((#1425,#1431,#1432,#1426));
#1434= IFCFACEOUTERBOUND(#1433,.T.);
#1435= IFCFACE((#1434));
#1436= IFCCARTESIANPOINT((35.0000000070941,-1.00000000005821,107.499999951662));
#1437= IFCCARTESIANPOINT((35.0000000070977,0.999999999943611,107.499999951662));
#1438= IFCPOLYLOOP((#1431,#1436,#1437,#1432));
#1439= IFCFACEOUTERBOUND(#1438,.T.);
#1440= IFCFACE((#1439));
#1441= IFCCARTESIANPOINT((75.000000007778,-1.00000000007094,107.499999951594));
#1442= IFCCARTESIANPOINT((75.000000007778,0.999999999929059,107.499999951594));
#1443= IFCPOLYLOOP((#1436,#1441,#1442,#1437));
#1444= IFCFACEOUTERBOUND(#1443,.T.);
#1445= IFCFACE((#1444));
#1446= IFCCARTESIANPOINT((74.9999999950342,-1.0000000000291,-9.09494701772928E-11));
#1447= IFCCARTESIANPOINT((74.9999999950378,0.999999999972715,-9.14042175281793E-11));
#1448= IFCPOLYLOOP((#1441,#1446,#1447,#1442));
#1449= IFCFACEOUTERBOUND(#1448,.T.);
#1450= IFCFACE((#1449));
#1451= IFCPOLYLOOP((#1446,#1424,#1427,#1447));
#1452= IFCFACEOUTERBOUND(#1451,.T.);
#1453= IFCFACE((#1452));
#1454= IFCPOLYLOOP((#1432,#1437,#1442,#1447,#1427,#1426));
#1455= IFCFACEOUTERBOUND(#1454,.T.);
#1456= IFCFACE((#1455));
#1457= IFCPOLYLOOP((#1446,#1441,#1436,#1431,#1425,#1424));
#1458= IFCFACEOUTERBOUND(#1457,.T.);
#1459= IFCFACE((#1458));
#1460= IFCCLOSEDSHELL((#1430,#1435,#1440,#1445,#1450,#1453,#1456,#1459));
#1461= IFCFACETEDBREP(#1460);
#1462= IFCSTYLEDITEM(#1461,(#1423),$);
#1463= IFCSHAPEREPRESENTATION(#12,'Body','Brep',(#1461));
#1464= IFCPRODUCTDEFINITIONSHAPE($,$,(#1463));
#1465= IFCCARTESIANPOINT((-17277.7622496857,-6703.70301658013,2536.32549510816));
#1466= IFCDIRECTION((-0.996027319230858,0.08770686702033,-0.0153975590035674));
#1467= IFCAXIS2PLACEMENT3D(#1465,#1121,#1466);
#1468= IFCLOCALPLACEMENT(#1413,#1467);
#1469= IFCPLATE('2rZ_4OtaL4QxL_5RczaPmN',#957,'Beamshoe','PL2*75',$,#1468,#1464,'IDb58fe118-de45-446b-b57e-15b9bd919c17');
#1470= IFCPLATETYPE('3Ynu76zgH609ctpxn4qsNl',#5,'PL2*75',$,$,$,$,$,$,.NOTDEFINED.);
#1471= IFCPROPERTYSINGLEVALUE('Top elevation',$,IFCLABEL(' +2.643'),$);
#1472= IFCPROPERTYSINGLEVALUE('Bottom elevation',$,IFCLABEL(' +2.535'),$);
#1473= IFCPROPERTYSET('1KG_WCv9L5QQs$7HKn9vU0',#5,'Tekla Common','Common Properties to Shared building elements',(#407,#408,#409,#410,#1471,#1472,#413));
#1474= IFCPROPERTYSINGLEVALUE('Length',$,IFCLENGTHMEASURE(107.5),$);
#1475= IFCPROPERTYSINGLEVALUE('Width',$,IFCLENGTHMEASURE(2.),$);
#1476= IFCPROPERTYSINGLEVALUE('Height',$,IFCLENGTHMEASURE(75.),$);
#1477= IFCPROPERTYSINGLEVALUE('Net surface area',$,IFCAREAMEASURE(0.011),$);
#1478= IFCPROPERTYSINGLEVALUE('Area per tons',$,IFCAREAMEASURE(136.314),$);
#1479= IFCPROPERTYSINGLEVALUE('Weight',$,IFCMASSMEASURE(0.08),$);
#1480= IFCPROPERTYSET('3GMZl95NP2$8RHnaLL0vS6',#5,'Tekla Quantity','Quantity Properties to Shared building elements',(#1474,#1475,#1476,#1477,#1478,#766,#420,#1479));
#1481= IFCPROPERTYSINGLEVALUE('Width',$,IFCLENGTHMEASURE(75.),$);
#1482= IFCPROPERTYSET('3L3ecuZRf9uP104fmnOV26',#5,'PlateBaseQuantities',$,(#423,#424,#1481,#426,#427,#428));
#1483= IFCPROPERTYSET('14iLS8OsnARRAzlyN44TIq',#5,'Pset_PlateCommon','Definition from IAI: Properties common to the definition of all occurrences of IfcPlate.',(#430,#431,#432,#433,#434,#435));
#1484= IFCMATERIAL('STEEL/Steel_Undefined');
#1485= IFCCARTESIANPOINT((-3.12866177409887E-10,-0.99999999996362,107.499999999993));
#1486= IFCCARTESIANPOINT((-3.12866177409887E-10,1.00000000003638,107.499999999993));
#1487= IFCPOLYLOOP((#1424,#1485,#1486,#1427));
#1488= IFCFACEOUTERBOUND(#1487,.T.);
#1489= IFCFACE((#1488));
#1490= IFCCARTESIANPOINT((39.9999999999418,-0.999999999978172,107.499999999946));
#1491= IFCCARTESIANPOINT((39.9999999999454,1.00000000002183,107.499999999946));
#1492= IFCPOLYLOOP((#1485,#1490,#1491,#1486));
#1493= IFCFACEOUTERBOUND(#1492,.T.);
#1494= IFCFACE((#1493));
#1495= IFCCARTESIANPOINT((39.9999999865177,-1.00000000000546,29.9999999997935));
#1496= IFCCARTESIANPOINT((39.9999999865177,0.999999999994543,29.9999999997931));
#1497= IFCPOLYLOOP((#1490,#1495,#1496,#1491));
#1498= IFCFACEOUTERBOUND(#1497,.T.);
#1499= IFCFACE((#1498));
#1500= IFCCARTESIANPOINT((75.0000000004184,-1.00000000002365,9.99999999992133));
#1501= IFCCARTESIANPOINT((75.0000000004147,0.999999999976353,9.99999999992133));
#1502= IFCPOLYLOOP((#1495,#1500,#1501,#1496));
#1503= IFCFACEOUTERBOUND(#1502,.T.);
#1504= IFCFACE((#1503));
#1505= IFCPOLYLOOP((#1500,#1446,#1447,#1501));
#1506= IFCFACEOUTERBOUND(#1505,.T.);
#1507= IFCFACE((#1506));
#1508= IFCPOLYLOOP((#1491,#1496,#1501,#1447,#1427,#1486));
#1509= IFCFACEOUTERBOUND(#1508,.T.);
#1510= IFCFACE((#1509));
#1511= IFCPOLYLOOP((#1446,#1500,#1495,#1490,#1485,#1424));
#1512= IFCFACEOUTERBOUND(#1511,.T.);
#1513= IFCFACE((#1512));
#1514= IFCCLOSEDSHELL((#1489,#1494,#1499,#1504,#1507,#1453,#1510,#1513));
#1515= IFCFACETEDBREP(#1514);
#1516= IFCSTYLEDITEM(#1515,(#1423),$);
#1517= IFCSHAPEREPRESENTATION(#12,'Body','Brep',(#1515));
#1518= IFCPRODUCTDEFINITIONSHAPE($,$,(#1517));
#1519= IFCCARTESIANPOINT((-17356.5868185619,-6743.94385277233,2535.17067738257));
#1520= IFCDIRECTION((0.996027319230858,-0.0877068670203333,0.0153975590035672));
#1521= IFCAXIS2PLACEMENT3D(#1519,#1121,#1520);
#1522= IFCLOCALPLACEMENT(#1413,#1521);
#1523= IFCPLATE('1h_4i4x_z1ewRb1NOXkaQL',#957,'Beamshoe','PL2*75',$,#1522,#1518,'ID6bf84b04-efef-41a3-a6e5-057621ba4695');
#1524= IFCPROPERTYSET('0vRYWedz11f9vYnsb_CE0O',#5,'Tekla Common','Common Properties to Shared building elements',(#407,#408,#409,#410,#1471,#1472,#413));
#1525= IFCPROPERTYSET('2PzabhJZj9sRVQFROyzGc$',#5,'Tekla Quantity','Quantity Properties to Shared building elements',(#1474,#1475,#1476,#1477,#1478,#766,#420,#1479));
#1526= IFCPROPERTYSET('0nGL6LKzD4uPSkjwpWzti0',#5,'PlateBaseQuantities',$,(#423,#424,#1481,#426,#427,#428));
#1527= IFCPROPERTYSET('1uqFVpivPAYPrvG9LCxqL9',#5,'Pset_PlateCommon','Definition from IAI: Properties common to the definition of all occurrences of IfcPlate.',(#430,#431,#432,#433,#434,#435));
#1528= IFCCARTESIANPOINT((-6.12692019785754E-07,-0.999999999934516,97.4999999715124));
#1529= IFCCARTESIANPOINT((-6.12690200796351E-07,1.00000000006912,97.4999999715128));
#1530= IFCPOLYLOOP((#1424,#1528,#1529,#1427));
#1531= IFCFACEOUTERBOUND(#1530,.T.);
#1532= IFCFACE((#1531));
#1533= IFCCARTESIANPOINT((1.99999938732799,-0.999999999934516,97.4999999715114));
#1534= IFCCARTESIANPOINT((1.99999938732799,1.00000000006548,97.499999971511));
#1535= IFCPOLYLOOP((#1528,#1533,#1534,#1529));
#1536= IFCFACEOUTERBOUND(#1535,.T.);
#1537= IFCFACE((#1536));
#1538= IFCCARTESIANPOINT((21.9999995132057,-0.999999999930878,77.4999999715019));
#1539= IFCCARTESIANPOINT((21.9999995132057,1.00000000006912,77.4999999715023));
#1540= IFCPOLYLOOP((#1533,#1538,#1539,#1534));
#1541= IFCFACEOUTERBOUND(#1540,.T.);
#1542= IFCFACE((#1541));
#1543= IFCCARTESIANPOINT((22.0000000002183,-0.999999999978172,-1.81898940354586E-12));
#1544= IFCCARTESIANPOINT((22.0000000002201,1.00000000001819,-1.36424205265939E-12));
#1545= IFCPOLYLOOP((#1538,#1543,#1544,#1539));
#1546= IFCFACEOUTERBOUND(#1545,.T.);
#1547= IFCFACE((#1546));
#1548= IFCPOLYLOOP((#1543,#1424,#1427,#1544));
#1549= IFCFACEOUTERBOUND(#1548,.T.);
#1550= IFCFACE((#1549));
#1551= IFCPOLYLOOP((#1534,#1539,#1544,#1427,#1529));
#1552= IFCFACEOUTERBOUND(#1551,.T.);
#1553= IFCFACE((#1552));
#1554= IFCPOLYLOOP((#1543,#1538,#1533,#1528,#1424));
#1555= IFCFACEOUTERBOUND(#1554,.T.);
#1556= IFCFACE((#1555));
#1557= IFCCLOSEDSHELL((#1532,#1537,#1542,#1547,#1550,#1553,#1556));
#1558= IFCFACETEDBREP(#1557);
#1559= IFCSTYLEDITEM(#1558,(#1423),$);
#1560= IFCSHAPEREPRESENTATION(#12,'Body','Brep',(#1558));
#1561= IFCPRODUCTDEFINITIONSHAPE($,$,(#1560));
#1562= IFCCARTESIANPOINT((-17355.0214749137,-6695.89595993014,2642.64253649705));
#1563= IFCAXIS2PLACEMENT3D(#1562,#1353,#550);
#1564= IFCLOCALPLACEMENT(#1413,#1563);
#1565= IFCPLATE('2hQUY6Rb1DhQ72x3hP2vcg',#957,'Beamshoe','PL2*22',$,#1564,#1561,'IDab69e886-6e50-4dad-a1c2-ec3ad90b99aa');
#1566= IFCPLATETYPE('0v6BJ01vD8ROhDNe6A5KZl',#5,'PL2*22',$,$,$,$,$,$,.NOTDEFINED.);
#1567= IFCPROPERTYSINGLEVALUE('Bottom elevation',$,IFCLABEL(' +2.545'),$);
#1568= IFCPROPERTYSET('0MUH2OrKDAHwcQD7oCWs3o',#5,'Tekla Common','Common Properties to Shared building elements',(#407,#408,#409,#410,#1471,#1567,#413));
#1569= IFCPROPERTYSINGLEVALUE('Length',$,IFCLENGTHMEASURE(97.5),$);
#1570= IFCPROPERTYSINGLEVALUE('Height',$,IFCLENGTHMEASURE(22.),$);
#1571= IFCPROPERTYSINGLEVALUE('Area per tons',$,IFCAREAMEASURE(142.275),$);
#1572= IFCPROPERTYSINGLEVALUE('Weight',$,IFCMASSMEASURE(0.03),$);
#1573= IFCPROPERTYSET('3hIbQqEQDBrAZXaW7zZ$Oz',#5,'Tekla Quantity','Quantity Properties to Shared building elements',(#1569,#1475,#1570,#417,#1571,#766,#420,#1572));
#1574= IFCPROPERTYSINGLEVALUE('Width',$,IFCLENGTHMEASURE(22.),$);
#1575= IFCPROPERTYSET('2m$ZcMDwLFYhZUyiX0Ho1v',#5,'PlateBaseQuantities',$,(#423,#424,#1574,#426,#427,#428));
#1576= IFCPROPERTYSET('0gisTIsub99xWaGiEClP3P',#5,'Pset_PlateCommon','Definition from IAI: Properties common to the definition of all occurrences of IfcPlate.',(#430,#431,#432,#433,#434,#435));
#1577= IFCCARTESIANPOINT((-2.37887434195727E-08,-0.999999999949068,77.4999999715028));
#1578= IFCCARTESIANPOINT((-2.37869244301692E-08,1.00000000005093,77.4999999715028));
#1579= IFCPOLYLOOP((#1424,#1577,#1578,#1427));
#1580= IFCFACEOUTERBOUND(#1579,.T.);
#1581= IFCFACE((#1580));
#1582= IFCCARTESIANPOINT((19.9999999702686,-0.999999999923602,97.4999999715096));
#1583= IFCCARTESIANPOINT((19.9999999702686,1.00000000008004,97.4999999715101));
#1584= IFCPOLYLOOP((#1577,#1582,#1583,#1578));
#1585= IFCFACEOUTERBOUND(#1584,.T.);
#1586= IFCFACE((#1585));
#1587= IFCCARTESIANPOINT((21.9999999702886,-0.999999999923602,97.4999999715096));
#1588= IFCCARTESIANPOINT((21.9999999702886,1.00000000008004,97.4999999715096));
#1589= IFCPOLYLOOP((#1582,#1587,#1588,#1583));
#1590= IFCFACEOUTERBOUND(#1589,.T.);
#1591= IFCFACE((#1590));
#1592= IFCPOLYLOOP((#1587,#1543,#1544,#1588));
#1593= IFCFACEOUTERBOUND(#1592,.T.);
#1594= IFCFACE((#1593));
#1595= IFCPOLYLOOP((#1583,#1588,#1544,#1427,#1578));
#1596= IFCFACEOUTERBOUND(#1595,.T.);
#1597= IFCFACE((#1596));
#1598= IFCPOLYLOOP((#1543,#1587,#1582,#1577,#1424));
#1599= IFCFACEOUTERBOUND(#1598,.T.);
#1600= IFCFACE((#1599));
#1601= IFCCLOSEDSHELL((#1581,#1586,#1591,#1594,#1550,#1597,#1600));
#1602= IFCFACETEDBREP(#1601);
#1603= IFCSTYLEDITEM(#1602,(#1423),$);
#1604= IFCSHAPEREPRESENTATION(#12,'Body','Brep',(#1602));
#1605= IFCPRODUCTDEFINITIONSHAPE($,$,(#1604));
#1606= IFCCARTESIANPOINT((-17357.389726156,-6722.7918961673,2642.64253611905));
#1607= IFCAXIS2PLACEMENT3D(#1606,#1353,#550);
#1608= IFCLOCALPLACEMENT(#1413,#1607);
#1609= IFCPLATE('17vf7YyL9EGfc0gTN3OdnR',#957,'Beamshoe','PL2*22',$,#1608,#1605,'ID47e691e2-f152-4e42-9980-a9d5c3627c5b');
#1610= IFCPROPERTYSET('2e9ygFDgL8NfB6_n7iEJsE',#5,'Tekla Common','Common Properties to Shared building elements',(#407,#408,#409,#410,#1471,#1567,#413));
#1611= IFCPROPERTYSET('1OZCA1d7XCUgCtaFB7Pnbc',#5,'Tekla Quantity','Quantity Properties to Shared building elements',(#1569,#1475,#1570,#417,#1571,#766,#420,#1572));
#1612= IFCPROPERTYSET('0NeZDYQCXDwuu5bIBHpAG6',#5,'PlateBaseQuantities',$,(#423,#424,#1574,#426,#427,#428));
#1613= IFCPROPERTYSET('1OaP236rb32hBY3dNEkigl',#5,'Pset_PlateCommon','Definition from IAI: Properties common to the definition of all occurrences of IfcPlate.',(#430,#431,#432,#433,#434,#435));
#1614= IFCCARTESIANPOINT((0.000320436409310787,-1.00000000001774,75.0000000004875));
#1615= IFCCARTESIANPOINT((0.000320436407491798,0.99999999998272,75.0000000004875));
#1616= IFCPOLYLOOP((#1424,#1614,#1615,#1427));
#1617= IFCFACEOUTERBOUND(#1616,.T.);
#1618= IFCFACE((#1617));
#1619= IFCCARTESIANPOINT((45.0003204368386,-1.00000000001046,75.0000000004475));
#1620= IFCCARTESIANPOINT((45.0003204368368,0.999999999989996,75.0000000004511));
#1621= IFCPOLYLOOP((#1614,#1619,#1620,#1615));
#1622= IFCFACEOUTERBOUND(#1621,.T.);
#1623= IFCFACE((#1622));
#1624= IFCCARTESIANPOINT((45.0000000004293,-0.999999999992269,-4.36557456851006E-11));
#1625= IFCCARTESIANPOINT((45.0000000004293,1.00000000000819,-4.00177668780088E-11));
#1626= IFCPOLYLOOP((#1619,#1624,#1625,#1620));
#1627= IFCFACEOUTERBOUND(#1626,.T.);
#1628= IFCFACE((#1627));
#1629= IFCPOLYLOOP((#1624,#1424,#1427,#1625));
#1630= IFCFACEOUTERBOUND(#1629,.T.);
#1631= IFCFACE((#1630));
#1632= IFCPOLYLOOP((#1620,#1625,#1427,#1615));
#1633= IFCFACEOUTERBOUND(#1632,.T.);
#1634= IFCFACE((#1633));
#1635= IFCPOLYLOOP((#1624,#1619,#1614,#1424));
#1636= IFCFACEOUTERBOUND(#1635,.T.);
#1637= IFCFACE((#1636));
#1638= IFCCLOSEDSHELL((#1618,#1623,#1628,#1631,#1634,#1637));
#1639= IFCFACETEDBREP(#1638);
#1640= IFCSTYLEDITEM(#1639,(#1423),$);
#1641= IFCSHAPEREPRESENTATION(#12,'Body','Brep',(#1639));
#1642= IFCPRODUCTDEFINITIONSHAPE($,$,(#1641));
#1643= IFCCARTESIANPOINT((-17281.8123905689,-6749.52437183493,2537.32537583942));
#1644= IFCDIRECTION((-0.996027694006275,0.0877026108470345,-0.0153975589998895));
#1645= IFCAXIS2PLACEMENT3D(#1643,#1644,#624);
#1646= IFCLOCALPLACEMENT(#1413,#1645);
#1647= IFCPLATE('24T2rS9AP5sBdCXaTyXzlm',#957,'Beamshoe','PL2*45',$,#1646,#1642,'Beams-0(?)');
#1648= IFCPLATETYPE('0XSdKzp_nAQOC3CA8R8wak',#5,'PL2*45',$,$,$,$,$,$,.NOTDEFINED.);
#1649= IFCPROPERTYSINGLEVALUE('Top elevation',$,IFCLABEL(' +2.538'),$);
#1650= IFCPROPERTYSET('2KjzTOom5ASgnn7f6unHwg',#5,'Tekla Common','Common Properties to Shared building elements',(#407,#408,#409,#410,#1649,#1472,#413));
#1651= IFCPROPERTYSINGLEVALUE('Length',$,IFCLENGTHMEASURE(75.),$);
#1652= IFCPROPERTYSINGLEVALUE('Height',$,IFCLENGTHMEASURE(45.),$);
#1653= IFCPROPERTYSINGLEVALUE('Net surface area',$,IFCAREAMEASURE(0.007),$);
#1654= IFCPROPERTYSINGLEVALUE('Area per tons',$,IFCAREAMEASURE(136.447),$);
#1655= IFCPROPERTYSET('0IpHetnHbFSQeJXgq7o4SB',#5,'Tekla Quantity','Quantity Properties to Shared building elements',(#1651,#1475,#1652,#1653,#1654,#766,#420,#421));
#1656= IFCPROPERTYSINGLEVALUE('Width',$,IFCLENGTHMEASURE(45.),$);
#1657= IFCPROPERTYSET('32miCKccXDYeUlYaSD5qgx',#5,'PlateBaseQuantities',$,(#423,#424,#1656,#426,#427,#428));
#1658= IFCPROPERTYSET('35gaNm7RbFOfxMhmZDrYOO',#5,'Pset_PlateCommon','Definition from IAI: Properties common to the definition of all occurrences of IfcPlate.',(#430,#431,#432,#433,#434,#435));
#1659= IFCLOCALPLACEMENT(#42,#10);
#1660= IFCELEMENTASSEMBLY('3o5Kl22A98eu_c3p1dExfM',#957,'Beamshoe',$,$,#1659,$,'Beamsh-0(?)',.NOTDEFINED.,.NOTDEFINED.);
#1661= IFCPROPERTYSET('23L38d3MzEBurYa8C48wn$',#5,'Tekla Assembly','Assembly Properties',(#1415,#48,#1416,#1417,#1418,#52,#53,#54));
#1662= IFCPROPERTYSET('3gu4no24LEcfJobLiga8Ze',#5,'AssemblyBaseQuantities',$,(#1420));
#1663= IFCSHAPEREPRESENTATION(#12,'Body','Brep',(#1461));
#1664= IFCPRODUCTDEFINITIONSHAPE($,$,(#1663));
#1665= IFCCARTESIANPOINT((-17225.1344443062,-6106.01554465147,2536.32550387854));
#1666= IFCAXIS2PLACEMENT3D(#1665,#1121,#1466);
#1667= IFCLOCALPLACEMENT(#1659,#1666);
#1668= IFCPLATE('294AbNEDfBRg6p0gtVg0lP',#957,'Beamshoe','PL2*75',$,#1667,#1664,'ID8910a957-38da-4b6e-a1b3-02addfa80bd9');
#1669= IFCPROPERTYSET('1WXwN4Pqn3weNhTbhDl5Cm',#5,'Tekla Common','Common Properties to Shared building elements',(#407,#408,#409,#410,#1471,#1472,#413));
#1670= IFCPROPERTYSET('1ZtNs8P59FAQS0iZfnIyMp',#5,'Tekla Quantity','Quantity Properties to Shared building elements',(#1474,#1475,#1476,#1477,#1478,#766,#420,#1479));
#1671= IFCPROPERTYSET('3GJ0OEI79F7ve9F88$tJX1',#5,'PlateBaseQuantities',$,(#423,#424,#1481,#426,#427,#428));
#1672= IFCPROPERTYSET('1v$1WX6_zC$v52v5fvklVF',#5,'Pset_PlateCommon','Definition from IAI: Properties common to the definition of all occurrences of IfcPlate.',(#430,#431,#432,#433,#434,#435));
#1673= IFCSHAPEREPRESENTATION(#12,'Body','Brep',(#1515));
#1674= IFCPRODUCTDEFINITIONSHAPE($,$,(#1673));
#1675= IFCCARTESIANPOINT((-17303.9590131825,-6146.25638084367,2535.17068615397));
#1676= IFCAXIS2PLACEMENT3D(#1675,#1121,#1520);
#1677= IFCLOCALPLACEMENT(#1659,#1676);
#1678= IFCPLATE('2Hy3LF7jf1gh9YrStqTeaf',#957,'Beamshoe','PL2*75',$,#1677,#1674,'ID91f0354f-1eda-41aa-b262-d5cdf4768929');
#1679= IFCPROPERTYSET('3WqtrxfqbBaPfY0cNn5$aZ',#5,'Tekla Common','Common Properties to Shared building elements',(#407,#408,#409,#410,#1471,#1472,#413));
#1680= IFCPROPERTYSET('1eqHeZweb1duWekeJHB1jQ',#5,'Tekla Quantity','Quantity Properties to Shared building elements',(#1474,#1475,#1476,#1477,#1478,#766,#420,#1479));
#1681= IFCPROPERTYSET('0jknrkS7f7zeR7I8gDH24t',#5,'PlateBaseQuantities',$,(#423,#424,#1481,#426,#427,#428));
#1682= IFCPROPERTYSET('1sLzwhjmD1HwOG8XBBSt9b',#5,'Pset_PlateCommon','Definition from IAI: Properties common to the definition of all occurrences of IfcPlate.',(#430,#431,#432,#433,#434,#435));
#1683= IFCSHAPEREPRESENTATION(#12,'Body','Brep',(#1558));
#1684= IFCPRODUCTDEFINITIONSHAPE($,$,(#1683));
#1685= IFCCARTESIANPOINT((-17302.3936695364,-6098.20848800133,2642.64254526679));
#1686= IFCAXIS2PLACEMENT3D(#1685,#1353,#550);
#1687= IFCLOCALPLACEMENT(#1659,#1686);
#1688= IFCPLATE('2hPldqY7TEkhrqczDkMpdD',#957,'Beamshoe','PL2*22',$,#1687,#1684,'IDab66f9f4-8877-4eba-bd74-9bd36e5b39cd');
#1689= IFCPROPERTYSET('2fTmjAeKL6G8GP8dECQFqg',#5,'Tekla Common','Common Properties to Shared building elements',(#407,#408,#409,#410,#1471,#1567,#413));
#1690= IFCPROPERTYSET('0mrbruaLf0L9_eLLy25sSb',#5,'Tekla Quantity','Quantity Properties to Shared building elements',(#1569,#1475,#1570,#417,#1571,#766,#420,#1572));
#1691= IFCPROPERTYSET('0CoRysrW5DgeI2JH3dB5bo',#5,'PlateBaseQuantities',$,(#423,#424,#1574,#426,#427,#428));
#1692= IFCPROPERTYSET('2cozUUGGHC1RqeBgzmuBRE',#5,'Pset_PlateCommon','Definition from IAI: Properties common to the definition of all occurrences of IfcPlate.',(#430,#431,#432,#433,#434,#435));
#1693= IFCSHAPEREPRESENTATION(#12,'Body','Brep',(#1602));
#1694= IFCPRODUCTDEFINITIONSHAPE($,$,(#1693));
#1695= IFCCARTESIANPOINT((-17304.7619207787,-6125.10442423858,2642.64254488879));
#1696= IFCAXIS2PLACEMENT3D(#1695,#1353,#550);
#1697= IFCLOCALPLACEMENT(#1659,#1696);
#1698= IFCPLATE('3zDzqebbr5hxV4m7b4ePo7',#957,'Beamshoe','PL2*22',$,#1697,#1694,'IDfd37dd28-965d-45af-b7c4-c07944a19c87');
#1699= IFCPROPERTYSET('2UB_VrLqPEKxgqSUDgIEYy',#5,'Tekla Common','Common Properties to Shared building elements',(#407,#408,#409,#410,#1471,#1567,#413));
#1700= IFCPROPERTYSET('1hId707qzCkOm4sc9eSs6N',#5,'Tekla Quantity','Quantity Properties to Shared building elements',(#1569,#1475,#1570,#417,#1571,#766,#420,#1572));
#1701= IFCPROPERTYSET('0NOiL7N3T2mO3NeplKRs81',#5,'PlateBaseQuantities',$,(#423,#424,#1574,#426,#427,#428));
#1702= IFCPROPERTYSET('1YoiYRQcf8tQdRa61N4dd6',#5,'Pset_PlateCommon','Definition from IAI: Properties common to the definition of all occurrences of IfcPlate.',(#430,#431,#432,#433,#434,#435));
#1703= IFCSHAPEREPRESENTATION(#12,'Body','Brep',(#1639));
#1704= IFCPRODUCTDEFINITIONSHAPE($,$,(#1703));
#1705= IFCCARTESIANPOINT((-17229.1845851894,-6151.83689990627,2537.32538461082));
#1706= IFCAXIS2PLACEMENT3D(#1705,#1644,#624);
#1707= IFCLOCALPLACEMENT(#1659,#1706);
#1708= IFCPLATE('0W0NTTn7X4dv7b2uTtUNZc',#957,'Beamshoe','PL2*45',$,#1707,#1704,'Beams-0(?)');
#1709= IFCPROPERTYSET('2Tfh_LuMr98fUxTtF21$qv',#5,'Tekla Common','Common Properties to Shared building elements',(#407,#408,#409,#410,#1649,#1472,#413));
#1710= IFCPROPERTYSET('24yw3mLsT1E8p3I8jHQBbG',#5,'Tekla Quantity','Quantity Properties to Shared building elements',(#1651,#1475,#1652,#1653,#1654,#766,#420,#421));
#1711= IFCPROPERTYSET('1y4qFrCzzDuxEvYZ_Aq2jM',#5,'PlateBaseQuantities',$,(#423,#424,#1656,#426,#427,#428));
#1712= IFCPROPERTYSET('1fo10AS3XA9B9O9Sbt1MoY',#5,'Pset_PlateCommon','Definition from IAI: Properties common to the definition of all occurrences of IfcPlate.',(#430,#431,#432,#433,#434,#435));
#1713= IFCLOCALPLACEMENT(#42,#10);
#1714= IFCELEMENTASSEMBLY('0LE0$bZnHCFgQxaJmabZcC',#957,'Beamshoe',$,$,#1713,$,'Beamsh-0(?)',.NOTDEFINED.,.NOTDEFINED.);
#1715= IFCPROPERTYSET('0Mx2XdOVX8w95a8$nQlLxr',#5,'Tekla Assembly','Assembly Properties',(#1415,#48,#1416,#1417,#1418,#52,#53,#54));
#1716= IFCPROPERTYSET('1QIx8Op0DDyO$WDiTPd$al',#5,'AssemblyBaseQuantities',$,(#1420));
#1717= IFCSHAPEREPRESENTATION(#12,'Body','Brep',(#1461));
#1718= IFCPRODUCTDEFINITIONSHAPE($,$,(#1717));
#1719= IFCCARTESIANPOINT((-17172.5066389268,-5508.32807272281,2536.32551264992));
#1720= IFCAXIS2PLACEMENT3D(#1719,#1121,#1466);
#1721= IFCLOCALPLACEMENT(#1713,#1720);
#1722= IFCPLATE('0c7oB7jsz0YQmAYwESTx3d',#957,'Beamshoe','PL2*75',$,#1721,#1718,'ID261f22c7-b76f-4089-ac0a-8ba39c77b0e7');
#1723= IFCPROPERTYSET('1hUOhSNoH9ihmvsM$KCIxe',#5,'Tekla Common','Common Properties to Shared building elements',(#407,#408,#409,#410,#1471,#1472,#413));
#1724= IFCPROPERTYSET('1kwYJCMx55HAdb0hiRLEnn',#5,'Tekla Quantity','Quantity Properties to Shared building elements',(#1474,#1475,#1476,#1477,#1478,#766,#420,#1479));
#1725= IFCPROPERTYSET('1F8S3EPoj55uTOY2e5G1Cw',#5,'PlateBaseQuantities',$,(#423,#424,#1481,#426,#427,#428));
#1726= IFCPROPERTYSET('07cKyiHMn6WA90BlwfqrlT',#5,'Pset_PlateCommon','Definition from IAI: Properties common to the definition of all occurrences of IfcPlate.',(#430,#431,#432,#433,#434,#435));
#1727= IFCSHAPEREPRESENTATION(#12,'Body','Brep',(#1515));
#1728= IFCPRODUCTDEFINITIONSHAPE($,$,(#1727));
#1729= IFCCARTESIANPOINT((-17251.331207803,-5548.56890891501,2535.17069492537));
#1730= IFCAXIS2PLACEMENT3D(#1729,#1121,#1520);
#1731= IFCLOCALPLACEMENT(#1713,#1730);
#1732= IFCPLATE('30$vqatjT98u1PFz_64uzK',#957,'Beamshoe','PL2*75',$,#1731,#1728,'IDc0ff9d24-ded7-4923-8059-3fdf86138f54');
#1733= IFCPROPERTYSET('3tNJDZfH12YB6rWdyKiQlP',#5,'Tekla Common','Common Properties to Shared building elements',(#407,#408,#409,#410,#1471,#1472,#413));
#1734= IFCPROPERTYSET('0aPaP2vCjCJ8BoCJhcrzZn',#5,'Tekla Quantity','Quantity Properties to Shared building elements',(#1474,#1475,#1476,#1477,#1478,#766,#420,#1479));
#1735= IFCPROPERTYSET('3iycyx_fzC$xLjD$z1r2lh',#5,'PlateBaseQuantities',$,(#423,#424,#1481,#426,#427,#428));
#1736= IFCPROPERTYSET('1SAaRgubn61u$Eeo7bsyUh',#5,'Pset_PlateCommon','Definition from IAI: Properties common to the definition of all occurrences of IfcPlate.',(#430,#431,#432,#433,#434,#435));
#1737= IFCSHAPEREPRESENTATION(#12,'Body','Brep',(#1558));
#1738= IFCPRODUCTDEFINITIONSHAPE($,$,(#1737));
#1739= IFCCARTESIANPOINT((-17249.7658641592,-5500.52101607264,2642.64255403841));
#1740= IFCAXIS2PLACEMENT3D(#1739,#1353,#550);
#1741= IFCLOCALPLACEMENT(#1713,#1740);
#1742= IFCPLATE('0iEO8OIXj3bAaIm0pNUAM_',#957,'Beamshoe','PL2*22',$,#1741,#1738,'ID2c398218-4a1b-4394-a912-c00cd778a5be');
#1743= IFCPROPERTYSET('1j99cX9L57YxaO$3uv89U3',#5,'Tekla Common','Common Properties to Shared building elements',(#407,#408,#409,#410,#1471,#1567,#413));
#1744= IFCPROPERTYSET('1jBQzIRBX1Teu6cN7JsMqC',#5,'Tekla Quantity','Quantity Properties to Shared building elements',(#1569,#1475,#1570,#417,#1571,#766,#420,#1572));
#1745= IFCPROPERTYSET('0yyJGvQ994PQqSOUWbLPR5',#5,'PlateBaseQuantities',$,(#423,#424,#1574,#426,#427,#428));
#1746= IFCPROPERTYSET('3wC2h8jHn8O8gidtyax1WJ',#5,'Pset_PlateCommon','Definition from IAI: Properties common to the definition of all occurrences of IfcPlate.',(#430,#431,#432,#433,#434,#435));
#1747= IFCSHAPEREPRESENTATION(#12,'Body','Brep',(#1602));
#1748= IFCPRODUCTDEFINITIONSHAPE($,$,(#1747));
#1749= IFCCARTESIANPOINT((-17252.1341154015,-5527.41695230989,2642.64255366042));
#1750= IFCAXIS2PLACEMENT3D(#1749,#1353,#550);
#1751= IFCLOCALPLACEMENT(#1713,#1750);
#1752= IFCPLATE('2fz2RE8Uf4VftY5NSs8OrN',#957,'Beamshoe','PL2*22',$,#1751,#1748,'IDa9f426ce-21ea-447e-9de2-157736218d57');
#1753= IFCPROPERTYSET('07tJlZEOH8hRUh6Gpjt3kS',#5,'Tekla Common','Common Properties to Shared building elements',(#407,#408,#409,#410,#1471,#1567,#413));
#1754= IFCPROPERTYSET('3k5qfkBvv4Dg7f9N1S6DZM',#5,'Tekla Quantity','Quantity Properties to Shared building elements',(#1569,#1475,#1570,#417,#1571,#766,#420,#1572));
#1755= IFCPROPERTYSET('1OM9SxO_D3nh2uxKDOx0Nw',#5,'PlateBaseQuantities',$,(#423,#424,#1574,#426,#427,#428));
#1756= IFCPROPERTYSET('1yOz0yKwz4vQ9Rf_lnxmIm',#5,'Pset_PlateCommon','Definition from IAI: Properties common to the definition of all occurrences of IfcPlate.',(#430,#431,#432,#433,#434,#435));
#1757= IFCSHAPEREPRESENTATION(#12,'Body','Brep',(#1639));
#1758= IFCPRODUCTDEFINITIONSHAPE($,$,(#1757));
#1759= IFCCARTESIANPOINT((-17176.55677981,-5554.14942797761,2537.32539338222));
#1760= IFCAXIS2PLACEMENT3D(#1759,#1644,#624);
#1761= IFCLOCALPLACEMENT(#1713,#1760);
#1762= IFCPLATE('13ZJc_HCT6lQtPfEDKJHaN',#957,'Beamshoe','PL2*45',$,#1761,#1758,'Beams-0(?)');
#1763= IFCPROPERTYSET('2mzH$DlzDBbQF0$wS58eGn',#5,'Tekla Common','Common Properties to Shared building elements',(#407,#408,#409,#410,#1649,#1472,#413));
#1764= IFCPROPERTYSET('18zLOP8kv3f9MbeNE_zu_T',#5,'Tekla Quantity','Quantity Properties to Shared building elements',(#1651,#1475,#1652,#1653,#1654,#766,#420,#421));
#1765= IFCPROPERTYSET('1IdvOFX4b60ORg9qf7ep09',#5,'PlateBaseQuantities',$,(#423,#424,#1656,#426,#427,#428));
#1766= IFCPROPERTYSET('0mFrsbUHXCiAyodpnHpiu7',#5,'Pset_PlateCommon','Definition from IAI: Properties common to the definition of all occurrences of IfcPlate.',(#430,#431,#432,#433,#434,#435));
#1767= IFCLOCALPLACEMENT(#42,#10);
#1768= IFCELEMENTASSEMBLY('1z6y114w5DyvmG5fWycrGy',#957,'Beamshoe',$,$,#1767,$,'Beamsh-0(?)',.NOTDEFINED.,.NOTDEFINED.);
#1769= IFCPROPERTYSET('2gkQ71OgT1LQh5LJJRXKSB',#5,'Tekla Assembly','Assembly Properties',(#1415,#48,#1416,#1417,#1418,#52,#53,#54));
#1770= IFCPROPERTYSET('2$JD38mTnE2x08EDIRfIKF',#5,'AssemblyBaseQuantities',$,(#1420));
#1771= IFCSHAPEREPRESENTATION(#12,'Body','Brep',(#1461));
#1772= IFCPRODUCTDEFINITIONSHAPE($,$,(#1771));
#1773= IFCCARTESIANPOINT((-17119.8788335474,-4910.64060079416,2536.32552142129));
#1774= IFCAXIS2PLACEMENT3D(#1773,#1121,#1466);
#1775= IFCLOCALPLACEMENT(#1767,#1774);
#1776= IFCPLATE('1uQKoVBuj52fOJwwhKWmu0',#957,'Beamshoe','PL2*75',$,#1775,#1772,'ID78694c9f-2f8b-450a-9613-ebaad4830e00');
#1777= IFCPROPERTYSET('2H6jzPPcH8sAjmcjpAbz_3',#5,'Tekla Common','Common Properties to Shared building elements',(#407,#408,#409,#410,#1471,#1472,#413));
#1778= IFCPROPERTYSET('1QxE8K1Cn79vlUtXnCXUrP',#5,'Tekla Quantity','Quantity Properties to Shared building elements',(#1474,#1475,#1476,#1477,#1478,#766,#420,#1479));
#1779= IFCPROPERTYSET('0OoakH9EzDFu8eNORhYSwG',#5,'PlateBaseQuantities',$,(#423,#424,#1481,#426,#427,#428));
#1780= IFCPROPERTYSET('23cDTYfZLB$u6LKDIVVDGw',#5,'Pset_PlateCommon','Definition from IAI: Properties common to the definition of all occurrences of IfcPlate.',(#430,#431,#432,#433,#434,#435));
#1781= IFCSHAPEREPRESENTATION(#12,'Body','Brep',(#1515));
#1782= IFCPRODUCTDEFINITIONSHAPE($,$,(#1781));
#1783= IFCCARTESIANPOINT((-17198.7034024236,-4950.88143698636,2535.17070369677));
#1784= IFCAXIS2PLACEMENT3D(#1783,#1121,#1520);
#1785= IFCLOCALPLACEMENT(#1767,#1784);
#1786= IFCPLATE('0AuXr6lin4oAN7dEnLfmz6',#957,'Beamshoe','PL2*75',$,#1785,#1782,'ID0ae21d46-becc-44c8-a5c7-9cec55a70f46');
#1787= IFCPROPERTYSET('1Hc_tnQITCEeOJZqzZrHrr',#5,'Tekla Common','Common Properties to Shared building elements',(#407,#408,#409,#410,#1471,#1472,#413));
#1788= IFCPROPERTYSET('3ouajruAjE3Q7xwClFdOD8',#5,'Tekla Quantity','Quantity Properties to Shared building elements',(#1474,#1475,#1476,#1477,#1478,#766,#420,#1479));
#1789= IFCPROPERTYSET('3hj9YL82jD09qQt$UAWRm7',#5,'PlateBaseQuantities',$,(#423,#424,#1481,#426,#427,#428));
#1790= IFCPROPERTYSET('0aiiE2F354eB7K1Se2lTtZ',#5,'Pset_PlateCommon','Definition from IAI: Properties common to the definition of all occurrences of IfcPlate.',(#430,#431,#432,#433,#434,#435));
#1791= IFCSHAPEREPRESENTATION(#12,'Body','Brep',(#1558));
#1792= IFCPRODUCTDEFINITIONSHAPE($,$,(#1791));
#1793= IFCCARTESIANPOINT((-17197.1380587819,-4902.83354414389,2642.64256281003));
#1794= IFCAXIS2PLACEMENT3D(#1793,#1353,#550);
#1795= IFCLOCALPLACEMENT(#1767,#1794);
#1796= IFCPLATE('3iVuflVMvFowS$mPuoZkVp',#957,'Beamshoe','PL2*22',$,#1795,#1792,'IDec7f8a6f-7d6e-4fcb-a73f-c19e328ee7f3');
#1797= IFCPROPERTYSET('3YGlA4FyX9U92Xs7kdkPeJ',#5,'Tekla Common','Common Properties to Shared building elements',(#407,#408,#409,#410,#1471,#1567,#413));
#1798= IFCPROPERTYSET('2i6Qhiry98AxmMyGk2eYTM',#5,'Tekla Quantity','Quantity Properties to Shared building elements',(#1569,#1475,#1570,#417,#1571,#766,#420,#1572));
#1799= IFCPROPERTYSET('3Aafv7CIr2mRgG4JLENTxh',#5,'PlateBaseQuantities',$,(#423,#424,#1574,#426,#427,#428));
#1800= IFCPROPERTYSET('305Jq_pIr3IBeYGEYkiK9R',#5,'Pset_PlateCommon','Definition from IAI: Properties common to the definition of all occurrences of IfcPlate.',(#430,#431,#432,#433,#434,#435));
#1801= IFCSHAPEREPRESENTATION(#12,'Body','Brep',(#1602));
#1802= IFCPRODUCTDEFINITIONSHAPE($,$,(#1801));
#1803= IFCCARTESIANPOINT((-17199.5063100242,-4929.72948038118,2642.64256243203));
#1804= IFCAXIS2PLACEMENT3D(#1803,#1353,#550);
#1805= IFCLOCALPLACEMENT(#1767,#1804);
#1806= IFCPLATE('3OGk5i_$r3Mxlp3AMrjFbr',#957,'Beamshoe','PL2*22',$,#1805,#1802,'IDd842e16c-fbfd-435b-bbf3-0ca5b5b4f975');
#1807= IFCPROPERTYSET('16R1gcg0v9YBFYi5PbufoZ',#5,'Tekla Common','Common Properties to Shared building elements',(#407,#408,#409,#410,#1471,#1567,#413));
#1808= IFCPROPERTYSET('3TEd$_hYf7QeHhoOoAPxvm',#5,'Tekla Quantity','Quantity Properties to Shared building elements',(#1569,#1475,#1570,#417,#1571,#766,#420,#1572));
#1809= IFCPROPERTYSET('2aFXyMW0bCJ9OH2TeLUtOF',#5,'PlateBaseQuantities',$,(#423,#424,#1574,#426,#427,#428));
#1810= IFCPROPERTYSET('14mnIlvfb67gY5kGjZzYKo',#5,'Pset_PlateCommon','Definition from IAI: Properties common to the definition of all occurrences of IfcPlate.',(#430,#431,#432,#433,#434,#435));
#1811= IFCSHAPEREPRESENTATION(#12,'Body','Brep',(#1639));
#1812= IFCPRODUCTDEFINITIONSHAPE($,$,(#1811));
#1813= IFCCARTESIANPOINT((-17123.9289744305,-4956.46195604895,2537.32540215361));
#1814= IFCAXIS2PLACEMENT3D(#1813,#1644,#624);
#1815= IFCLOCALPLACEMENT(#1767,#1814);
#1816= IFCPLATE('1OylmkkZH6zPHh_GEtr$pF',#957,'Beamshoe','PL2*45',$,#1815,#1812,'Beams-0(?)');
#1817= IFCPROPERTYSET('3LNj0u8HfAxQjAg67xQMxb',#5,'Tekla Common','Common Properties to Shared building elements',(#407,#408,#409,#410,#1649,#1472,#413));
#1818= IFCPROPERTYSET('2SQAhG4_97qeEB2A3NM6Bz',#5,'Tekla Quantity','Quantity Properties to Shared building elements',(#1651,#1475,#1652,#1653,#1654,#766,#420,#421));
#1819= IFCPROPERTYSET('2yO65DtA507gufsjciBqjS',#5,'PlateBaseQuantities',$,(#423,#424,#1656,#426,#427,#428));
#1820= IFCPROPERTYSET('19Kcyo__z2h9d$oXS6kgMv',#5,'Pset_PlateCommon','Definition from IAI: Properties common to the definition of all occurrences of IfcPlate.',(#430,#431,#432,#433,#434,#435));
#1821= IFCLOCALPLACEMENT(#42,#10);
#1822= IFCELEMENTASSEMBLY('2hqkSxQn9C1vWUs47caWB4',#957,'Beamshoe',$,$,#1821,$,'Beamsh-0(?)',.NOTDEFINED.,.NOTDEFINED.);
#1823= IFCPROPERTYSET('37qg1iZu544RRI8aOFNeiG',#5,'Tekla Assembly','Assembly Properties',(#1415,#48,#1416,#1417,#1418,#52,#53,#54));
#1824= IFCPROPERTYSET('0qhD$n4vbDAxIKZW8CeIjg',#5,'AssemblyBaseQuantities',$,(#1420));
#1825= IFCSHAPEREPRESENTATION(#12,'Body','Brep',(#1461));
#1826= IFCPRODUCTDEFINITIONSHAPE($,$,(#1825));
#1827= IFCCARTESIANPOINT((-17067.2510281679,-4312.95312886549,2536.32553019267));
#1828= IFCAXIS2PLACEMENT3D(#1827,#1121,#1466);
#1829= IFCLOCALPLACEMENT(#1821,#1828);
#1830= IFCPLATE('0ruo_YD8H6yRwLriopmVVF',#957,'Beamshoe','PL2*75',$,#1829,#1826,'ID35e32fa2-3484-46f1-be95-d6ccb3c1f7cf');
#1831= IFCPROPERTYSET('1tsucP1crDpRNxjOh$sZBJ',#5,'Tekla Common','Common Properties to Shared building elements',(#407,#408,#409,#410,#1471,#1472,#413));
#1832= IFCPROPERTYSET('0pjzywgWT9TA7gWEnxarLz',#5,'Tekla Quantity','Quantity Properties to Shared building elements',(#1474,#1475,#1476,#1477,#1478,#766,#420,#1479));
#1833= IFCPROPERTYSET('3eBu_9glXFkfJHO6qTIh8v',#5,'PlateBaseQuantities',$,(#423,#424,#1481,#426,#427,#428));
#1834= IFCPROPERTYSET('2HVMVIiwz3Lgw8RgOJI6_u',#5,'Pset_PlateCommon','Definition from IAI: Properties common to the definition of all occurrences of IfcPlate.',(#430,#431,#432,#433,#434,#435));
#1835= IFCSHAPEREPRESENTATION(#12,'Body','Brep',(#1515));
#1836= IFCPRODUCTDEFINITIONSHAPE($,$,(#1835));
#1837= IFCCARTESIANPOINT((-17146.0755970442,-4353.19396505769,2535.17071246817));
#1838= IFCAXIS2PLACEMENT3D(#1837,#1121,#1520);
#1839= IFCLOCALPLACEMENT(#1821,#1838);
#1840= IFCPLATE('0lIJ1qlcT3gRNPhOo_VYw1',#957,'Beamshoe','PL2*75',$,#1839,#1836,'ID2f493074-be67-43a9-b5d9-ad8cbe7e2e81');
#1841= IFCPROPERTYSET('3$MloPr4r0cfBUZMghgs66',#5,'Tekla Common','Common Properties to Shared building elements',(#407,#408,#409,#410,#1471,#1472,#413));
#1842= IFCPROPERTYSET('2bkSR9mYj0HARQxxmyPMqB',#5,'Tekla Quantity','Quantity Properties to Shared building elements',(#1474,#1475,#1476,#1477,#1478,#766,#420,#1479));
#1843= IFCPROPERTYSET('0NTNvlErz198SypQnvULG6',#5,'PlateBaseQuantities',$,(#423,#424,#1481,#426,#427,#428));
#1844= IFCPROPERTYSET('3ExszfKX16nwjdaSqaiA2g',#5,'Pset_PlateCommon','Definition from IAI: Properties common to the definition of all occurrences of IfcPlate.',(#430,#431,#432,#433,#434,#435));
#1845= IFCSHAPEREPRESENTATION(#12,'Body','Brep',(#1558));
#1846= IFCPRODUCTDEFINITIONSHAPE($,$,(#1845));
#1847= IFCCARTESIANPOINT((-17144.5102534046,-4305.14607221525,2642.64257158165));
#1848= IFCAXIS2PLACEMENT3D(#1847,#1353,#550);
#1849= IFCLOCALPLACEMENT(#1821,#1848);
#1850= IFCPLATE('0CFhUowxT8BuigghFEddBI',#957,'Beamshoe','PL2*22',$,#1849,#1846,'ID0c3eb7b2-ebb7-482f-8b2a-aab3ce9e72d2');
#1851= IFCPROPERTYSET('3NvAEHr9HAeOkIa1LoUEud',#5,'Tekla Common','Common Properties to Shared building elements',(#407,#408,#409,#410,#1471,#1567,#413));
#1852= IFCPROPERTYSET('3Rmx46dhXB59ZoZKDTwzod',#5,'Tekla Quantity','Quantity Properties to Shared building elements',(#1569,#1475,#1570,#417,#1571,#766,#420,#1572));
#1853= IFCPROPERTYSET('0x_$F5Y8f5zvU0jHD$q3e_',#5,'PlateBaseQuantities',$,(#423,#424,#1574,#426,#427,#428));
#1854= IFCPROPERTYSET('1DmXz36fP3HwoDnlNDxk_f',#5,'Pset_PlateCommon','Definition from IAI: Properties common to the definition of all occurrences of IfcPlate.',(#430,#431,#432,#433,#434,#435));
#1855= IFCSHAPEREPRESENTATION(#12,'Body','Brep',(#1602));
#1856= IFCPRODUCTDEFINITIONSHAPE($,$,(#1855));
#1857= IFCCARTESIANPOINT((-17146.8785046469,-4332.04200845247,2642.64257120366));
#1858= IFCAXIS2PLACEMENT3D(#1857,#1353,#550);
#1859= IFCLOCALPLACEMENT(#1821,#1858);
#1860= IFCPLATE('0bNrdOVvT7YuEyBFLBeHWa',#957,'Beamshoe','PL2*22',$,#1859,#1856,'ID255f59d8-7f97-478b-83bc-2cf54ba11824');
#1861= IFCPROPERTYSET('2oLHcLNzj2uOuTfKnErTZ2',#5,'Tekla Common','Common Properties to Shared building elements',(#407,#408,#409,#410,#1471,#1567,#413));
#1862= IFCPROPERTYSET('3SZUtOEeD1DOcTxs7s5ARW',#5,'Tekla Quantity','Quantity Properties to Shared building elements',(#1569,#1475,#1570,#417,#1571,#766,#420,#1572));
#1863= IFCPROPERTYSET('0b7SSyVtf8Zvjw9qz5ZbC2',#5,'PlateBaseQuantities',$,(#423,#424,#1574,#426,#427,#428));
#1864= IFCPROPERTYSET('32a775NarCpBG048wb7DcR',#5,'Pset_PlateCommon','Definition from IAI: Properties common to the definition of all occurrences of IfcPlate.',(#430,#431,#432,#433,#434,#435));
#1865= IFCSHAPEREPRESENTATION(#12,'Body','Brep',(#1639));
#1866= IFCPRODUCTDEFINITIONSHAPE($,$,(#1865));
#1867= IFCCARTESIANPOINT((-17071.3011690511,-4358.77448412029,2537.32541092501));
#1868= IFCAXIS2PLACEMENT3D(#1867,#1644,#624);
#1869= IFCLOCALPLACEMENT(#1821,#1868);
#1870= IFCPLATE('32SihnchT7lPKp35JTjujt',#957,'Beamshoe','PL2*45',$,#1869,#1866,'Beams-0(?)');
#1871= IFCPROPERTYSET('3rmuD3cJ13gvglSK$6kr3w',#5,'Tekla Common','Common Properties to Shared building elements',(#407,#408,#409,#410,#1649,#1472,#413));
#1872= IFCPROPERTYSET('0zsJ0HQ0P07eSAlrvXsmMB',#5,'Tekla Quantity','Quantity Properties to Shared building elements',(#1651,#1475,#1652,#1653,#1654,#766,#420,#421));
#1873= IFCPROPERTYSET('2DzlLMiaH33OrfGJEzT0pa',#5,'PlateBaseQuantities',$,(#423,#424,#1656,#426,#427,#428));
#1874= IFCPROPERTYSET('1_XdtLpc5EC8L24zsGHQP9',#5,'Pset_PlateCommon','Definition from IAI: Properties common to the definition of all occurrences of IfcPlate.',(#430,#431,#432,#433,#434,#435));
#1875= IFCLOCALPLACEMENT(#42,#10);
#1876= IFCELEMENTASSEMBLY('2yqQPBKzbA7edDUiJvJHOu',#957,'Beamshoe',$,$,#1875,$,'Beamsh-0(?)',.NOTDEFINED.,.NOTDEFINED.);
#1877= IFCPROPERTYSET('2izRYekfb70PVHMneMORwp',#5,'Tekla Assembly','Assembly Properties',(#1415,#48,#1416,#1417,#1418,#52,#53,#54));
#1878= IFCPROPERTYSET('1RSuL26eP8GBjRNM1MK4N2',#5,'AssemblyBaseQuantities',$,(#1420));
#1879= IFCSHAPEREPRESENTATION(#12,'Body','Brep',(#1461));
#1880= IFCPRODUCTDEFINITIONSHAPE($,$,(#1879));
#1881= IFCCARTESIANPOINT((-17014.6232227885,-3715.26565693685,2536.32553896412));
#1882= IFCAXIS2PLACEMENT3D(#1881,#1121,#1466);
#1883= IFCLOCALPLACEMENT(#1875,#1882);
#1884= IFCPLATE('1q9ih4F8P0Thm13oosQmAB',#957,'Beamshoe','PL2*75',$,#1883,#1880,'ID7426cac4-3c86-4076-bc01-0f2cb66b028b');
#1885= IFCPROPERTYSET('0tg8pAbQr98vRDHFJZv2vP',#5,'Tekla Common','Common Properties to Shared building elements',(#407,#408,#409,#410,#1471,#1472,#413));
#1886= IFCPROPERTYSET('1pas$fml5AtPqkqbxYx0lH',#5,'Tekla Quantity','Quantity Properties to Shared building elements',(#1474,#1475,#1476,#1477,#1478,#766,#420,#1479));
#1887= IFCPROPERTYSET('1J3vA136j3$AT_dMQRwyeG',#5,'PlateBaseQuantities',$,(#423,#424,#1481,#426,#427,#428));
#1888= IFCPROPERTYSET('1JSp4yDBz4BgI9JegQy21u',#5,'Pset_PlateCommon','Definition from IAI: Properties common to the definition of all occurrences of IfcPlate.',(#430,#431,#432,#433,#434,#435));
#1889= IFCSHAPEREPRESENTATION(#12,'Body','Brep',(#1515));
#1890= IFCPRODUCTDEFINITIONSHAPE($,$,(#1889));
#1891= IFCCARTESIANPOINT((-17093.4477916647,-3755.50649312905,2535.17072123955));
#1892= IFCAXIS2PLACEMENT3D(#1891,#1121,#1520);
#1893= IFCLOCALPLACEMENT(#1875,#1892);
#1894= IFCPLATE('2M9Zu$Fvf1x8nvXLTV7ubn',#957,'Beamshoe','PL2*75',$,#1893,#1890,'ID96263e3f-3f9a-41ec-8c79-85575f1f8971');
#1895= IFCPROPERTYSET('2zst65TMj0LvuuCzMw_pmB',#5,'Tekla Common','Common Properties to Shared building elements',(#407,#408,#409,#410,#1471,#1472,#413));
#1896= IFCPROPERTYSET('3pZ2YVq89CGQWjfByZMGA6',#5,'Tekla Quantity','Quantity Properties to Shared building elements',(#1474,#1475,#1476,#1477,#1478,#766,#420,#1479));
#1897= IFCPROPERTYSET('3YVtZGdkn9ThTKl5yioa4Q',#5,'PlateBaseQuantities',$,(#423,#424,#1481,#426,#427,#428));
#1898= IFCPROPERTYSET('18kADC2FDF9v6eZRwbVpVX',#5,'Pset_PlateCommon','Definition from IAI: Properties common to the definition of all occurrences of IfcPlate.',(#430,#431,#432,#433,#434,#435));
#1899= IFCSHAPEREPRESENTATION(#12,'Body','Brep',(#1558));
#1900= IFCPRODUCTDEFINITIONSHAPE($,$,(#1899));
#1901= IFCCARTESIANPOINT((-17091.8824480273,-3707.4586002866,2642.64258035295));
#1902= IFCAXIS2PLACEMENT3D(#1901,#1353,#550);
#1903= IFCLOCALPLACEMENT(#1875,#1902);
#1904= IFCPLATE('3GdRkZA0H7EOC6lMgc4KtN',#957,'Beamshoe','PL2*22',$,#1903,#1900,'IDd09dbba3-2804-4739-8306-bd6aa6114dd7');
#1905= IFCPROPERTYSET('1Uk3yaeJjA981G2YUGddga',#5,'Tekla Common','Common Properties to Shared building elements',(#407,#408,#409,#410,#1471,#1567,#413));
#1906= IFCPROPERTYSET('2Yu45TKj10EuL4zpix8krM',#5,'Tekla Quantity','Quantity Properties to Shared building elements',(#1569,#1475,#1570,#417,#1571,#766,#420,#1572));
#1907= IFCPROPERTYSET('3svxDhpvP3rOdL8jA5NRkn',#5,'PlateBaseQuantities',$,(#423,#424,#1574,#426,#427,#428));
#1908= IFCPROPERTYSET('0KtPt2g3X5sgqmTKu52Ztt',#5,'Pset_PlateCommon','Definition from IAI: Properties common to the definition of all occurrences of IfcPlate.',(#430,#431,#432,#433,#434,#435));
#1909= IFCSHAPEREPRESENTATION(#12,'Body','Brep',(#1602));
#1910= IFCPRODUCTDEFINITIONSHAPE($,$,(#1909));
#1911= IFCCARTESIANPOINT((-17094.2506992696,-3734.35453652379,2642.64257997494));
#1912= IFCAXIS2PLACEMENT3D(#1911,#1353,#550);
#1913= IFCLOCALPLACEMENT(#1875,#1912);
#1914= IFCPLATE('3VcnZooo1DEfWlj5$HTly2',#957,'Beamshoe','PL2*22',$,#1913,#1910,'IDdf9b18f2-cb20-4d3a-982f-b45fd176ff02');
#1915= IFCPROPERTYSET('3zyDhhmXT9R8kjAcTDf5I6',#5,'Tekla Common','Common Properties to Shared building elements',(#407,#408,#409,#410,#1471,#1567,#413));
#1916= IFCPROPERTYSET('2baEWFQsj87x$_Og$0LoOm',#5,'Tekla Quantity','Quantity Properties to Shared building elements',(#1569,#1475,#1570,#417,#1571,#766,#420,#1572));
#1917= IFCPROPERTYSET('1GmaysQYb93fBsRqFtquvG',#5,'PlateBaseQuantities',$,(#423,#424,#1574,#426,#427,#428));
#1918= IFCPROPERTYSET('2NLfg8mOn5chJFbi5T8ovt',#5,'Pset_PlateCommon','Definition from IAI: Properties common to the definition of all occurrences of IfcPlate.',(#430,#431,#432,#433,#434,#435));
#1919= IFCSHAPEREPRESENTATION(#12,'Body','Brep',(#1639));
#1920= IFCPRODUCTDEFINITIONSHAPE($,$,(#1919));
#1921= IFCCARTESIANPOINT((-17018.6733636716,-3761.08701219165,2537.32541969639));
#1922= IFCAXIS2PLACEMENT3D(#1921,#1644,#624);
#1923= IFCLOCALPLACEMENT(#1875,#1922);
#1924= IFCPLATE('3AUBcW1fz6bPXqj$nAAkAt',#957,'Beamshoe','PL2*45',$,#1923,#1920,'Beams-0(?)');
#1925= IFCPROPERTYSET('0TLKFveVX2ThJd1BisRJEl',#5,'Tekla Common','Common Properties to Shared building elements',(#407,#408,#409,#410,#1649,#1472,#413));
#1926= IFCPROPERTYSET('1rpa1dEcD0gPCWce$tse10',#5,'Tekla Quantity','Quantity Properties to Shared building elements',(#1651,#1475,#1652,#1653,#1654,#766,#420,#421));
#1927= IFCPROPERTYSET('2pJMhK6ln2v85rC$DTRnca',#5,'PlateBaseQuantities',$,(#423,#424,#1656,#426,#427,#428));
#1928= IFCPROPERTYSET('2SlG84p0DB38HIZqYhBSgs',#5,'Pset_PlateCommon','Definition from IAI: Properties common to the definition of all occurrences of IfcPlate.',(#430,#431,#432,#433,#434,#435));
#1929= IFCLOCALPLACEMENT(#42,#10);
#1930= IFCELEMENTASSEMBLY('2w0yK6xR59d8sLEzx4rB$_',#957,'Beamshoe',$,$,#1929,$,'Beamsh-0(?)',.NOTDEFINED.,.NOTDEFINED.);
#1931= IFCPROPERTYSET('0QlpJAL6j5LQe1dveIIPWe',#5,'Tekla Assembly','Assembly Properties',(#1415,#48,#1416,#1417,#1418,#52,#53,#54));
#1932= IFCPROPERTYSET('3qUE5Ht3T8OxOtNfcpWyGM',#5,'AssemblyBaseQuantities',$,(#1420));
#1933= IFCSHAPEREPRESENTATION(#12,'Body','Brep',(#1461));
#1934= IFCPRODUCTDEFINITIONSHAPE($,$,(#1933));
#1935= IFCCARTESIANPOINT((-16961.995417409,-3117.5781850082,2536.32554773562));
#1936= IFCAXIS2PLACEMENT3D(#1935,#1121,#1466);
#1937= IFCLOCALPLACEMENT(#1929,#1936);
#1938= IFCPLATE('1nL5FPTojBXAk0WoJ9Quud',#957,'Beamshoe','PL2*75',$,#1937,#1934,'ID715453d9-772b-4b84-ab80-8324c96b8e27');
#1939= IFCPROPERTYSET('03Li1tkDXANvz53beRYsYr',#5,'Tekla Common','Common Properties to Shared building elements',(#407,#408,#409,#410,#1471,#1472,#413));
#1940= IFCPROPERTYSET('0ESyX4BXjBjQVrBhnTfceb',#5,'Tekla Quantity','Quantity Properties to Shared building elements',(#1474,#1475,#1476,#1477,#1478,#766,#420,#1479));
#1941= IFCPROPERTYSET('1n1jRtubL4MvsR7S59uHCM',#5,'PlateBaseQuantities',$,(#423,#424,#1481,#426,#427,#428));
#1942= IFCPROPERTYSET('0sceHvTMHDWeBv$0UfI95I',#5,'Pset_PlateCommon','Definition from IAI: Properties common to the definition of all occurrences of IfcPlate.',(#430,#431,#432,#433,#434,#435));
#1943= IFCSHAPEREPRESENTATION(#12,'Body','Brep',(#1515));
#1944= IFCPRODUCTDEFINITIONSHAPE($,$,(#1943));
#1945= IFCCARTESIANPOINT((-17040.8199862852,-3157.8190212004,2535.17073001095));
#1946= IFCAXIS2PLACEMENT3D(#1945,#1121,#1520);
#1947= IFCLOCALPLACEMENT(#1929,#1946);
#1948= IFCPLATE('1Tfo$a8Pb7ih8IHYVjCRiO',#957,'Beamshoe','PL2*75',$,#1947,#1944,'ID5da72fe4-2199-47b2-b212-4627ed31bb18');
#1949= IFCPROPERTYSET('2PVMB8Vvj4C9ALQ7pr37h5',#5,'Tekla Common','Common Properties to Shared building elements',(#407,#408,#409,#410,#1471,#1472,#413));
#1950= IFCPROPERTYSET('0O6jTrXJ15Kunas$0lbPE4',#5,'Tekla Quantity','Quantity Properties to Shared building elements',(#1474,#1475,#1476,#1477,#1478,#766,#420,#1479));
#1951= IFCPROPERTYSET('3L5ZCUC2T4gOLZvhtvM_6r',#5,'PlateBaseQuantities',$,(#423,#424,#1481,#426,#427,#428));
#1952= IFCPROPERTYSET('3yWJY8w2j1eR70zq7JsXs3',#5,'Pset_PlateCommon','Definition from IAI: Properties common to the definition of all occurrences of IfcPlate.',(#430,#431,#432,#433,#434,#435));
#1953= IFCSHAPEREPRESENTATION(#12,'Body','Brep',(#1558));
#1954= IFCPRODUCTDEFINITIONSHAPE($,$,(#1953));
#1955= IFCCARTESIANPOINT((-17039.2546426501,-3109.771128358,2642.64258912489));
#1956= IFCAXIS2PLACEMENT3D(#1955,#1353,#550);
#1957= IFCLOCALPLACEMENT(#1929,#1956);
#1958= IFCPLATE('2wPIhFIg9738gWG3HOn8Vq',#957,'Beamshoe','PL2*22',$,#1957,#1954,'IDba652acf-4aa2-470c-8aa0-403458c487f4');
#1959= IFCPROPERTYSET('23ybYfmHf4ePNKSKqtqNTG',#5,'Tekla Common','Common Properties to Shared building elements',(#407,#408,#409,#410,#1471,#1567,#413));
#1960= IFCPROPERTYSET('0kDGXE_mz6ORdl0fhl1l_d',#5,'Tekla Quantity','Quantity Properties to Shared building elements',(#1569,#1475,#1570,#417,#1571,#766,#420,#1572));
#1961= IFCPROPERTYSET('3OSlksGE5A9eAXNRGwqTCD',#5,'PlateBaseQuantities',$,(#423,#424,#1574,#426,#427,#428));
#1962= IFCPROPERTYSET('2fuHm7Ser6pPQfKw23hRKJ',#5,'Pset_PlateCommon','Definition from IAI: Properties common to the definition of all occurrences of IfcPlate.',(#430,#431,#432,#433,#434,#435));
#1963= IFCSHAPEREPRESENTATION(#12,'Body','Brep',(#1602));
#1964= IFCPRODUCTDEFINITIONSHAPE($,$,(#1963));
#1965= IFCCARTESIANPOINT((-17041.6228938923,-3136.6670645951,2642.64258874688));
#1966= IFCAXIS2PLACEMENT3D(#1965,#1353,#550);
#1967= IFCLOCALPLACEMENT(#1929,#1966);
#1968= IFCPLATE('3x_vKv0DPFsusfNmQawfjx',#957,'Beamshoe','PL2*22',$,#1967,#1964,'IDfbfb9539-00d6-4fdb-8da9-5f06a4ea9b7b');
#1969= IFCPROPERTYSET('11Yp4GmqvEauk$aOfBRrqX',#5,'Tekla Common','Common Properties to Shared building elements',(#407,#408,#409,#410,#1471,#1567,#413));
#1970= IFCPROPERTYSET('1IN0_e77DF2eh5tXzG1$gz',#5,'Tekla Quantity','Quantity Properties to Shared building elements',(#1569,#1475,#1570,#417,#1571,#766,#420,#1572));
#1971= IFCPROPERTYSET('2GZjcUKdnCdfSa_j5s5WY5',#5,'PlateBaseQuantities',$,(#423,#424,#1574,#426,#427,#428));
#1972= IFCPROPERTYSET('07DFLxohTFP8ZSQQTmAZPv',#5,'Pset_PlateCommon','Definition from IAI: Properties common to the definition of all occurrences of IfcPlate.',(#430,#431,#432,#433,#434,#435));
#1973= IFCSHAPEREPRESENTATION(#12,'Body','Brep',(#1639));
#1974= IFCPRODUCTDEFINITIONSHAPE($,$,(#1973));
#1975= IFCCARTESIANPOINT((-16966.0455582922,-3163.39954026299,2537.32542846779));
#1976= IFCAXIS2PLACEMENT3D(#1975,#1644,#624);
#1977= IFCLOCALPLACEMENT(#1929,#1976);
#1978= IFCPLATE('0Edv2qoTfF6u1TQoAMrqZo',#957,'Beamshoe','PL2*45',$,#1977,#1974,'Beams-0(?)');
#1979= IFCPROPERTYSET('1Gpy2qVcLC2fPANZ9PBKLC',#5,'Tekla Common','Common Properties to Shared building elements',(#407,#408,#409,#410,#1649,#1472,#413));
#1980= IFCPROPERTYSET('1_uoEZNqv4B8RpIsBJ7ZEl',#5,'Tekla Quantity','Quantity Properties to Shared building elements',(#1651,#1475,#1652,#1653,#1654,#766,#420,#421));
#1981= IFCPROPERTYSET('1wXKZ6govEtRjmdSZCL6uw',#5,'PlateBaseQuantities',$,(#423,#424,#1656,#426,#427,#428));
#1982= IFCPROPERTYSET('2YUjJN65D8oe$D$c$cYmvR',#5,'Pset_PlateCommon','Definition from IAI: Properties common to the definition of all occurrences of IfcPlate.',(#430,#431,#432,#433,#434,#435));
#1983= IFCLOCALPLACEMENT(#42,#10);
#1984= IFCELEMENTASSEMBLY('3kabIJn8bCM9ctsKcpNXVI',#957,'Beamshoe',$,$,#1983,$,'Beamsh-0(?)',.NOTDEFINED.,.NOTDEFINED.);
#1985= IFCPROPERTYSET('1R4qbT0W5FT997kyThoeXO',#5,'Tekla Assembly','Assembly Properties',(#1415,#48,#1416,#1417,#1418,#52,#53,#54));
#1986= IFCPROPERTYSET('0A_1gk2Df63eqdcgOjccp7',#5,'AssemblyBaseQuantities',$,(#1420));
#1987= IFCSHAPEREPRESENTATION(#12,'Body','Brep',(#1461));
#1988= IFCPRODUCTDEFINITIONSHAPE($,$,(#1987));
#1989= IFCCARTESIANPOINT((-16909.3676120296,-2519.89071307954,2536.32555650704));
#1990= IFCAXIS2PLACEMENT3D(#1989,#1121,#1466);
#1991= IFCLOCALPLACEMENT(#1983,#1990);
#1992= IFCPLATE('3u7vJmH191Vf5IDiGsrKp_',#957,'Beamshoe','PL2*75',$,#1991,#1988,'IDf81f94f0-4412-417e-9152-36c436d54cfe');
#1993= IFCPROPERTYSET('1j2DS$1i974AHSckkVkzJU',#5,'Tekla Common','Common Properties to Shared building elements',(#407,#408,#409,#410,#1471,#1472,#413));
#1994= IFCPROPERTYSET('35QQYQWfz1vuTLplA$1W4M',#5,'Tekla Quantity','Quantity Properties to Shared building elements',(#1474,#1475,#1476,#1477,#1478,#766,#420,#1479));
#1995= IFCPROPERTYSET('193d5vA5r1DQ2FS8cCs97e',#5,'PlateBaseQuantities',$,(#423,#424,#1481,#426,#427,#428));
#1996= IFCPROPERTYSET('3NuEWTx4D0o8ppW2sKTiu$',#5,'Pset_PlateCommon','Definition from IAI: Properties common to the definition of all occurrences of IfcPlate.',(#430,#431,#432,#433,#434,#435));
#1997= IFCSHAPEREPRESENTATION(#12,'Body','Brep',(#1515));
#1998= IFCPRODUCTDEFINITIONSHAPE($,$,(#1997));
#1999= IFCCARTESIANPOINT((-16988.1921809058,-2560.13154927174,2535.17073878235));
#2000= IFCAXIS2PLACEMENT3D(#1999,#1121,#1520);
#2001= IFCLOCALPLACEMENT(#1983,#2000);
#2002= IFCPLATE('27Ugm8Hgj5qgU4mEX0oVFG',#957,'Beamshoe','PL2*75',$,#2001,#1998,'ID877aac08-46ab-45d2-a784-c0e840c9f3d0');
#2003= IFCPROPERTYSET('0yKY6ztHf13ReQ3eYWlU7$',#5,'Tekla Common','Common Properties to Shared building elements',(#407,#408,#409,#410,#1471,#1472,#413));
#2004= IFCPROPERTYSET('3fzfjc8OT16RtGADTdBHSM',#5,'Tekla Quantity','Quantity Properties to Shared building elements',(#1474,#1475,#1476,#1477,#1478,#766,#420,#1479));
#2005= IFCPROPERTYSET('1W8AP8xDPAXvAMXnsmbyHc',#5,'PlateBaseQuantities',$,(#423,#424,#1481,#426,#427,#428));
#2006= IFCPROPERTYSET('1Ec9y2asX9Y8XmUn9EIw2H',#5,'Pset_PlateCommon','Definition from IAI: Properties common to the definition of all occurrences of IfcPlate.',(#430,#431,#432,#433,#434,#435));
#2007= IFCSHAPEREPRESENTATION(#12,'Body','Brep',(#1558));
#2008= IFCPRODUCTDEFINITIONSHAPE($,$,(#2007));
#2009= IFCCARTESIANPOINT((-16986.6268372728,-2512.08365642914,2642.64259789596));
#2010= IFCAXIS2PLACEMENT3D(#2009,#1353,#550);
#2011= IFCLOCALPLACEMENT(#1983,#2010);
#2012= IFCPLATE('18hDUV$6187B8odpRBG7AB',#957,'Beamshoe','PL2*22',$,#2011,#2008,'ID48acd79f-fc60-481c-b232-9f36cb40728b');
#2013= IFCPROPERTYSET('15HRNb4x59Z9hGjs_m1h3C',#5,'Tekla Common','Common Properties to Shared building elements',(#407,#408,#409,#410,#1471,#1567,#413));
#2014= IFCPROPERTYSET('3FmiVylnb6T8Z8PrIEZZnl',#5,'Tekla Quantity','Quantity Properties to Shared building elements',(#1569,#1475,#1570,#417,#1571,#766,#420,#1572));
#2015= IFCPROPERTYSET('1hRv1zsdbBd87ArYFvoFEI',#5,'PlateBaseQuantities',$,(#423,#424,#1574,#426,#427,#428));
#2016= IFCPROPERTYSET('14CqKJz5nF_v6hc2911skL',#5,'Pset_PlateCommon','Definition from IAI: Properties common to the definition of all occurrences of IfcPlate.',(#430,#431,#432,#433,#434,#435));
#2017= IFCSHAPEREPRESENTATION(#12,'Body','Brep',(#1602));
#2018= IFCPRODUCTDEFINITIONSHAPE($,$,(#2017));
#2019= IFCCARTESIANPOINT((-16988.9950885151,-2538.97959266639,2642.64259751795));
#2020= IFCAXIS2PLACEMENT3D(#2019,#1353,#550);
#2021= IFCLOCALPLACEMENT(#1983,#2020);
#2022= IFCPLATE('3fZLodF4b8DguKq8BVLjnR',#957,'Beamshoe','PL2*22',$,#2021,#2018,'IDe98d5ca7-3c49-4836-ae14-d082df56dc5b');
#2023= IFCPROPERTYSET('3czWIRcqTBwuVpURNSm2mf',#5,'Tekla Common','Common Properties to Shared building elements',(#407,#408,#409,#410,#1471,#1567,#413));
#2024= IFCPROPERTYSET('1v_fXGzHrDaQ4vOh$EKqEb',#5,'Tekla Quantity','Quantity Properties to Shared building elements',(#1569,#1475,#1570,#417,#1571,#766,#420,#1572));
#2025= IFCPROPERTYSET('37o_j9hWD2oOfAWs8KYclE',#5,'PlateBaseQuantities',$,(#423,#424,#1574,#426,#427,#428));
#2026= IFCPROPERTYSET('08$eOkW5b04Q0OmcPHjuCL',#5,'Pset_PlateCommon','Definition from IAI: Properties common to the definition of all occurrences of IfcPlate.',(#430,#431,#432,#433,#434,#435));
#2027= IFCSHAPEREPRESENTATION(#12,'Body','Brep',(#1639));
#2028= IFCPRODUCTDEFINITIONSHAPE($,$,(#2027));
#2029= IFCCARTESIANPOINT((-16913.4177529128,-2565.71206833433,2537.32543723919));
#2030= IFCAXIS2PLACEMENT3D(#2029,#1644,#624);
#2031= IFCLOCALPLACEMENT(#1983,#2030);
#2032= IFCPLATE('37rGN_RZb3heIEep1kIILe',#957,'Beamshoe','PL2*45',$,#2031,#2028,'Beams-0(?)');
#2033= IFCPROPERTYSET('10jzwO_n98LejrGY8FAU6_',#5,'Tekla Common','Common Properties to Shared building elements',(#407,#408,#409,#410,#1649,#1472,#413));
#2034= IFCPROPERTYSET('0$I_AIzjPE4vQN4GM_DPSm',#5,'Tekla Quantity','Quantity Properties to Shared building elements',(#1651,#1475,#1652,#1653,#1654,#766,#420,#421));
#2035= IFCPROPERTYSET('3OQxmiEo96cQC7qOGJrNTi',#5,'PlateBaseQuantities',$,(#423,#424,#1656,#426,#427,#428));
#2036= IFCPROPERTYSET('2iQIt3vVn4XelVeszbZIT9',#5,'Pset_PlateCommon','Definition from IAI: Properties common to the definition of all occurrences of IfcPlate.',(#430,#431,#432,#433,#434,#435));
#2037= IFCLOCALPLACEMENT(#42,#10);
#2038= IFCELEMENTASSEMBLY('1pPm9u83PDkB1xOK491eVb',#958,'Beamshoe',$,$,#2037,$,'Beamsh-0(?)',.NOTDEFINED.,.NOTDEFINED.);
#2039= IFCPROPERTYSET('0FouEpGb1AW8h3OxLZYf9Q',#5,'Tekla Assembly','Assembly Properties',(#1415,#48,#1416,#1417,#1418,#52,#53,#54));
#2040= IFCPROPERTYSET('1CoY9faaH1PQrcnaWmu7rs',#5,'AssemblyBaseQuantities',$,(#1420));
#2041= IFCSHAPEREPRESENTATION(#12,'Body','Brep',(#1461));
#2042= IFCPRODUCTDEFINITIONSHAPE($,$,(#2041));
#2043= IFCCARTESIANPOINT((-16856.73980669,-1922.20324114617,2536.32556527256));
#2044= IFCAXIS2PLACEMENT3D(#2043,#1121,#1466);
#2045= IFCLOCALPLACEMENT(#2037,#2044);
#2046= IFCPLATE('3Yb$75Vm56_OeSecOMQ6Xj',#958,'Beamshoe','PL2*75',$,#2045,#2042,'IDe297f1c5-7f01-46f9-8a1c-a2661668686d');
#2047= IFCPROPERTYSET('3d6qKqJhb5_Bc13_MXf$FF',#5,'Tekla Common','Common Properties to Shared building elements',(#407,#408,#409,#410,#1471,#1472,#413));
#2048= IFCPROPERTYSET('3HWLL8YuP2$h7JKX5TW9AQ',#5,'Tekla Quantity','Quantity Properties to Shared building elements',(#1474,#1475,#1476,#1477,#1478,#766,#420,#1479));
#2049= IFCPROPERTYSET('3F8uMpFZ1DThwnWTq9a5rF',#5,'PlateBaseQuantities',$,(#423,#424,#1481,#426,#427,#428));
#2050= IFCPROPERTYSET('0PhHqHgDzFo8t59LRfvbVw',#5,'Pset_PlateCommon','Definition from IAI: Properties common to the definition of all occurrences of IfcPlate.',(#430,#431,#432,#433,#434,#435));
#2051= IFCSHAPEREPRESENTATION(#12,'Body','Brep',(#1515));
#2052= IFCPRODUCTDEFINITIONSHAPE($,$,(#2051));
#2053= IFCCARTESIANPOINT((-16935.564375566,-1962.44407733844,2535.17074754714));
#2054= IFCAXIS2PLACEMENT3D(#2053,#1121,#1520);
#2055= IFCLOCALPLACEMENT(#2037,#2054);
#2056= IFCPLATE('00LEtx9m9CQxb8OrSf$spK',#958,'Beamshoe','PL2*75',$,#2055,#2052,'ID0054edfb-2702-4c6b-b948-635729ff6cd4');
#2057= IFCPROPERTYSET('1NzpPD_av4aRUPMEwAAPYR',#5,'Tekla Common','Common Properties to Shared building elements',(#407,#408,#409,#410,#1471,#1472,#413));
#2058= IFCPROPERTYSET('3lDzglbfbEVhWjJS$aQ71w',#5,'Tekla Quantity','Quantity Properties to Shared building elements',(#1474,#1475,#1476,#1477,#1478,#766,#420,#1479));
#2059= IFCPROPERTYSET('3J5PeVlO96IvGhvXCZg3WX',#5,'PlateBaseQuantities',$,(#423,#424,#1481,#426,#427,#428));
#2060= IFCPROPERTYSET('1j1OanGlb1MwH7NyTjafKV',#5,'Pset_PlateCommon','Definition from IAI: Properties common to the definition of all occurrences of IfcPlate.',(#430,#431,#432,#433,#434,#435));
#2061= IFCSHAPEREPRESENTATION(#12,'Body','Brep',(#1558));
#2062= IFCPRODUCTDEFINITIONSHAPE($,$,(#2061));
#2063= IFCCARTESIANPOINT((-16933.9990319351,-1914.39618449518,2642.64260666239));
#2064= IFCAXIS2PLACEMENT3D(#2063,#1353,#550);
#2065= IFCLOCALPLACEMENT(#2037,#2064);
#2066= IFCPLATE('1hpFQZ1lj6Dxe$fLL0mnZk',#958,'Beamshoe','PL2*22',$,#2065,#2062,'ID6bccf6a3-06fb-4637-ba3f-a55540c318ee');
#2067= IFCPROPERTYSET('32GWmsYzX6eAgtR3WbhJM$',#5,'Tekla Common','Common Properties to Shared building elements',(#407,#408,#409,#410,#1471,#1567,#413));
#2068= IFCPROPERTYSET('3kjpyv6lr4BPa7sJuUOSuR',#5,'Tekla Quantity','Quantity Properties to Shared building elements',(#1569,#1475,#1570,#417,#1571,#766,#420,#1572));
#2069= IFCPROPERTYSET('1xfxXH7ML4Beg_1rC2O7a7',#5,'PlateBaseQuantities',$,(#423,#424,#1574,#426,#427,#428));
#2070= IFCPROPERTYSET('1KAKN1FNj67QgmNYRyKiS8',#5,'Pset_PlateCommon','Definition from IAI: Properties common to the definition of all occurrences of IfcPlate.',(#430,#431,#432,#433,#434,#435));
#2071= IFCSHAPEREPRESENTATION(#12,'Body','Brep',(#1602));
#2072= IFCPRODUCTDEFINITIONSHAPE($,$,(#2071));
#2073= IFCCARTESIANPOINT((-16936.3672831774,-1941.29212073247,2642.64260628439));
#2074= IFCAXIS2PLACEMENT3D(#2073,#1353,#550);
#2075= IFCLOCALPLACEMENT(#2037,#2074);
#2076= IFCPLATE('2F0_cLS9v6gP2ne5RikNGA',#958,'Beamshoe','PL2*22',$,#2075,#2072,'ID8f03e995-709e-46a9-90b1-a056ecb9740a');
#2077= IFCPROPERTYSET('2I951kaLjA5gDKeUdgaZza',#5,'Tekla Common','Common Properties to Shared building elements',(#407,#408,#409,#410,#1471,#1567,#413));
#2078= IFCPROPERTYSET('3QhTzWKmzAQf0gC2cm9wdh',#5,'Tekla Quantity','Quantity Properties to Shared building elements',(#1569,#1475,#1570,#417,#1571,#766,#420,#1572));
#2079= IFCPROPERTYSET('2P3hDeuoHAK9hz0dBisL1f',#5,'PlateBaseQuantities',$,(#423,#424,#1574,#426,#427,#428));
#2080= IFCPROPERTYSET('31ryUguJD3U9x7i0oEqmfW',#5,'Pset_PlateCommon','Definition from IAI: Properties common to the definition of all occurrences of IfcPlate.',(#430,#431,#432,#433,#434,#435));
#2081= IFCSHAPEREPRESENTATION(#12,'Body','Brep',(#1639));
#2082= IFCPRODUCTDEFINITIONSHAPE($,$,(#2081));
#2083= IFCCARTESIANPOINT((-16860.7899475732,-1968.02459640099,2537.32544600409));
#2084= IFCAXIS2PLACEMENT3D(#2083,#1644,#624);
#2085= IFCLOCALPLACEMENT(#2037,#2084);
#2086= IFCPLATE('3Y3F9w_1rEbvYQz0D_ZImU',#958,'Beamshoe','PL2*45',$,#2085,#2082,'Beams-0(?)');
#2087= IFCPROPERTYSET('37D$EhLcrEKRoJAoCn9MlD',#5,'Tekla Common','Common Properties to Shared building elements',(#407,#408,#409,#410,#1649,#1472,#413));
#2088= IFCPROPERTYSET('0RBWBhWBb4XOiSp4bJJbNn',#5,'Tekla Quantity','Quantity Properties to Shared building elements',(#1651,#1475,#1652,#1653,#1654,#766,#420,#421));
#2089= IFCPROPERTYSET('2RLLCL0GL22Qi_J0Kh_AZr',#5,'PlateBaseQuantities',$,(#423,#424,#1656,#426,#427,#428));
#2090= IFCPROPERTYSET('13FvS3ZhDE2BBjA4Oio9hD',#5,'Pset_PlateCommon','Definition from IAI: Properties common to the definition of all occurrences of IfcPlate.',(#430,#431,#432,#433,#434,#435));
#2091= IFCLOCALPLACEMENT(#42,#10);
#2092= IFCELEMENTASSEMBLY('0Ey9PWU9D8IvkYREbaOVZk',#957,'Beamshoe',$,$,#2091,$,'Beamsh-0(?)',.NOTDEFINED.,.NOTDEFINED.);
#2093= IFCPROPERTYSINGLEVALUE('Assembly/Cast unit top elevation',$,IFCLABEL(' +2.687'),$);
#2094= IFCPROPERTYSINGLEVALUE('Assembly/Cast unit bottom elevation',$,IFCLABEL(' +2.578'),$);
#2095= IFCPROPERTYSET('1Re$Hnbp5CuQu6Ta7zyYB8',#5,'Tekla Assembly','Assembly Properties',(#1415,#48,#2093,#2094,#1418,#52,#53,#54));
#2096= IFCPROPERTYSET('0mEJIwh2PBcxggGQfz8Fna',#5,'AssemblyBaseQuantities',$,(#1420));
#2097= IFCSHAPEREPRESENTATION(#12,'Body','Brep',(#1461));
#2098= IFCPRODUCTDEFINITIONSHAPE($,$,(#2097));
#2099= IFCCARTESIANPOINT((-14576.6804413528,-6988.73320166586,2578.14517380673));
#2100= IFCAXIS2PLACEMENT3D(#2099,#1121,#1520);
#2101= IFCLOCALPLACEMENT(#2091,#2100);
#2102= IFCPLATE('14yfq92h9AcPHjmuyTceI7',#957,'Beamshoe','PL2*75',$,#2101,#2098,'ID44f29d09-0ab2-4a99-946d-c38f1d9a8487');
#2103= IFCPROPERTYSINGLEVALUE('Bottom elevation',$,IFCLABEL(' +2.578'),$);
#2104= IFCPROPERTYSET('0aaG5mBgX2ivo_fvnB2aZr',#5,'Tekla Common','Common Properties to Shared building elements',(#407,#408,#409,#410,#1358,#2103,#413));
#2105= IFCPROPERTYSET('1rli7yJBP02xHwimnnRy4S',#5,'Tekla Quantity','Quantity Properties to Shared building elements',(#1474,#1475,#1476,#1477,#1478,#766,#420,#1479));
#2106= IFCPROPERTYSET('2MuUbGVEjCmfWMUmr$uML6',#5,'PlateBaseQuantities',$,(#423,#424,#1481,#426,#427,#428));
#2107= IFCPROPERTYSET('1p4G6yYHrAVgnHEvuqLVuD',#5,'Pset_PlateCommon','Definition from IAI: Properties common to the definition of all occurrences of IfcPlate.',(#430,#431,#432,#433,#434,#435));
#2108= IFCSHAPEREPRESENTATION(#12,'Body','Brep',(#1515));
#2109= IFCPRODUCTDEFINITIONSHAPE($,$,(#2108));
#2110= IFCCARTESIANPOINT((-14497.8558722495,-6948.49236549378,2579.2999915355));
#2111= IFCAXIS2PLACEMENT3D(#2110,#1121,#1466);
#2112= IFCLOCALPLACEMENT(#2091,#2111);
#2113= IFCPLATE('0mKmBG9r9AO8DQG2ZlupnS',#957,'Beamshoe','PL2*75',$,#2112,#2109,'ID305302d0-2752-4a60-835a-4028efe33c5c');
#2114= IFCPROPERTYSET('3ncwK37STF0u7or$zYGyP3',#5,'Tekla Common','Common Properties to Shared building elements',(#407,#408,#409,#410,#1358,#2103,#413));
#2115= IFCPROPERTYSET('16wVvahGLBOh5DZXoQpMj8',#5,'Tekla Quantity','Quantity Properties to Shared building elements',(#1474,#1475,#1476,#1477,#1478,#766,#420,#1479));
#2116= IFCPROPERTYSET('0gXYRHv6L3Eg6jCy56o20p',#5,'PlateBaseQuantities',$,(#423,#424,#1481,#426,#427,#428));
#2117= IFCPROPERTYSET('2umH94LDH5_vB$XqazwD46',#5,'Pset_PlateCommon','Definition from IAI: Properties common to the definition of all occurrences of IfcPlate.',(#430,#431,#432,#433,#434,#435));
#2118= IFCLOCALPLACEMENT(#42,#10);
#2119= IFCELEMENTASSEMBLY('2ZSuwwjynExQBWylCQ$QfN',#957,'Beamshoe',$,$,#2118,$,'Beamsh-0(?)',.NOTDEFINED.,.NOTDEFINED.);
#2120= IFCPROPERTYSET('15Swf6I8z8iummJKfb9vWA',#5,'Tekla Assembly','Assembly Properties',(#1415,#48,#2093,#2094,#1418,#52,#53,#54));
#2121= IFCPROPERTYSET('08$LHuZLP4d8SGSFK19xfs',#5,'AssemblyBaseQuantities',$,(#1420));
#2122= IFCSHAPEREPRESENTATION(#12,'Body','Brep',(#1461));
#2123= IFCPRODUCTDEFINITIONSHAPE($,$,(#2122));
#2124= IFCCARTESIANPOINT((-14524.052632945,-6391.04573000387,2578.14518262496));
#2125= IFCAXIS2PLACEMENT3D(#2124,#1121,#1520);
#2126= IFCLOCALPLACEMENT(#2118,#2125);
#2127= IFCPLATE('3002Wy44T8eg5pIoyam9q2',#957,'Beamshoe','PL2*75',$,#2126,#2123,'IDc000283c-1047-48a2-a173-4b2f24c09d02');
#2128= IFCPROPERTYSET('2Dw07e0$P6DezllRtv3AlE',#5,'Tekla Common','Common Properties to Shared building elements',(#407,#408,#409,#410,#1358,#2103,#413));
#2129= IFCPROPERTYSET('2o2rMCc65FABAoJPKJO8aB',#5,'Tekla Quantity','Quantity Properties to Shared building elements',(#1474,#1475,#1476,#1477,#1478,#766,#420,#1479));
#2130= IFCPROPERTYSET('2ZPJt1_mfEUgTvqiRAEb8K',#5,'PlateBaseQuantities',$,(#423,#424,#1481,#426,#427,#428));
#2131= IFCPROPERTYSET('27Juf08yb6vvgPzMOFE7q5',#5,'Pset_PlateCommon','Definition from IAI: Properties common to the definition of all occurrences of IfcPlate.',(#430,#431,#432,#433,#434,#435));
#2132= IFCSHAPEREPRESENTATION(#12,'Body','Brep',(#1515));
#2133= IFCPRODUCTDEFINITIONSHAPE($,$,(#2132));
#2134= IFCCARTESIANPOINT((-14445.2280638417,-6350.8048938318,2579.30000035372));
#2135= IFCAXIS2PLACEMENT3D(#2134,#1121,#1466);
#2136= IFCLOCALPLACEMENT(#2118,#2135);
#2137= IFCPLATE('3kp1K9Q3r2_PBhcsQAaoiN',#957,'Beamshoe','PL2*75',$,#2136,#2133,'IDeecc1509-683d-42f9-92eb-9b668a932b17');
#2138= IFCPROPERTYSET('2iVlVT_ob33h3p3n$DZwNq',#5,'Tekla Common','Common Properties to Shared building elements',(#407,#408,#409,#410,#1358,#2103,#413));
#2139= IFCPROPERTYSET('0_p6W$zoXDA8vfaXVEa9La',#5,'Tekla Quantity','Quantity Properties to Shared building elements',(#1474,#1475,#1476,#1477,#1478,#766,#420,#1479));
#2140= IFCPROPERTYSET('3HwJ2ZB0X9vO9Y61cZSGnB',#5,'PlateBaseQuantities',$,(#423,#424,#1481,#426,#427,#428));
#2141= IFCPROPERTYSET('2Ic6Sh6kvBAwpiuz2XgE9o',#5,'Pset_PlateCommon','Definition from IAI: Properties common to the definition of all occurrences of IfcPlate.',(#430,#431,#432,#433,#434,#435));
#2142= IFCLOCALPLACEMENT(#42,#10);
#2143= IFCELEMENTASSEMBLY('3tlDyHw_L3pRf3mtPRYTyH',#957,'Beamshoe',$,$,#2142,$,'Beamsh-0(?)',.NOTDEFINED.,.NOTDEFINED.);
#2144= IFCPROPERTYSET('0zhGwb1ivEaQULsKMe8jhn',#5,'Tekla Assembly','Assembly Properties',(#1415,#48,#2093,#2094,#1418,#52,#53,#54));
#2145= IFCPROPERTYSET('2m7qPfk8HBjxiH6UYJ4qnR',#5,'AssemblyBaseQuantities',$,(#1420));
#2146= IFCSHAPEREPRESENTATION(#12,'Body','Brep',(#1461));
#2147= IFCPRODUCTDEFINITIONSHAPE($,$,(#2146));
#2148= IFCCARTESIANPOINT((-14471.4248245372,-5793.35825834188,2578.1451914439));
#2149= IFCAXIS2PLACEMENT3D(#2148,#1121,#1520);
#2150= IFCLOCALPLACEMENT(#2142,#2149);
#2151= IFCPLATE('1u2rjF8ePCLBGKq4raMRnR',#957,'Beamshoe','PL2*75',$,#2150,#2147,'ID780b5b4f-2286-4c54-b414-d04d6459bc5b');
#2152= IFCPROPERTYSET('1VBKWINEnAM9uS2N7EewA9',#5,'Tekla Common','Common Properties to Shared building elements',(#407,#408,#409,#410,#1358,#2103,#413));
#2153= IFCPROPERTYSET('0FdHpJBdzCRh8r8mOJj4tP',#5,'Tekla Quantity','Quantity Properties to Shared building elements',(#1474,#1475,#1476,#1477,#1478,#766,#420,#1479));
#2154= IFCPROPERTYSET('2cyV6XeHn9dv2weLqeFLZ8',#5,'PlateBaseQuantities',$,(#423,#424,#1481,#426,#427,#428));
#2155= IFCPROPERTYSET('01Lkp2qsz94AWd57c4UOez',#5,'Pset_PlateCommon','Definition from IAI: Properties common to the definition of all occurrences of IfcPlate.',(#430,#431,#432,#433,#434,#435));
#2156= IFCSHAPEREPRESENTATION(#12,'Body','Brep',(#1515));
#2157= IFCPRODUCTDEFINITIONSHAPE($,$,(#2156));
#2158= IFCCARTESIANPOINT((-14392.6002554339,-5753.1174221698,2579.30000917193));
#2159= IFCAXIS2PLACEMENT3D(#2158,#1121,#1466);
#2160= IFCLOCALPLACEMENT(#2142,#2159);
#2161= IFCPLATE('0iaXozf6vEKQS4p5ELJHTV',#957,'Beamshoe','PL2*75',$,#2160,#2157,'ID2c921cbd-a46e-4e51-a704-cc53954d175f');
#2162= IFCPROPERTYSET('2w$DxXeN50EOGAmyj6rQdU',#5,'Tekla Common','Common Properties to Shared building elements',(#407,#408,#409,#410,#1358,#2103,#413));
#2163= IFCPROPERTYSET('38Kk9Uv$jC98ES4S4kayLL',#5,'Tekla Quantity','Quantity Properties to Shared building elements',(#1474,#1475,#1476,#1477,#1478,#766,#420,#1479));
#2164= IFCPROPERTYSET('3wrqwyqov7_90mvLCe4IEN',#5,'PlateBaseQuantities',$,(#423,#424,#1481,#426,#427,#428));
#2165= IFCPROPERTYSET('3kp5gT1O57ZRlZWFaa5BkX',#5,'Pset_PlateCommon','Definition from IAI: Properties common to the definition of all occurrences of IfcPlate.',(#430,#431,#432,#433,#434,#435));
#2166= IFCLOCALPLACEMENT(#42,#10);
#2167= IFCELEMENTASSEMBLY('1HXb_K6Xf4q8GC7PEmJCyQ',#957,'Beamshoe',$,$,#2166,$,'Beamsh-0(?)',.NOTDEFINED.,.NOTDEFINED.);
#2168= IFCPROPERTYSET('2dX$$V1vD2rxZQ$9LbEWmg',#5,'Tekla Assembly','Assembly Properties',(#1415,#48,#2093,#2094,#1418,#52,#53,#54));
#2169= IFCPROPERTYSET('0rZMSfyrTC0euIHrWa_Uj0',#5,'AssemblyBaseQuantities',$,(#1420));
#2170= IFCSHAPEREPRESENTATION(#12,'Body','Brep',(#1461));
#2171= IFCPRODUCTDEFINITIONSHAPE($,$,(#2170));
#2172= IFCCARTESIANPOINT((-14418.7970161295,-5195.67078667988,2578.14520026222));
#2173= IFCAXIS2PLACEMENT3D(#2172,#1121,#1520);
#2174= IFCLOCALPLACEMENT(#2166,#2173);
#2175= IFCPLATE('2NWYtaqDrB5woOvqvMGokr',#957,'Beamshoe','PL2*75',$,#2174,#2171,'ID97822de4-d0dd-4b17-ac98-e74e56432bb5');
#2176= IFCPROPERTYSET('1qPGkLIbD94QQvsQLR4Xag',#5,'Tekla Common','Common Properties to Shared building elements',(#407,#408,#409,#410,#1358,#2103,#413));
#2177= IFCPROPERTYSET('0a4RPh7Mn669d7CGuYzuY9',#5,'Tekla Quantity','Quantity Properties to Shared building elements',(#1474,#1475,#1476,#1477,#1478,#766,#420,#1479));
#2178= IFCPROPERTYSET('17vXGJsdjBjejzHHs9SAEU',#5,'PlateBaseQuantities',$,(#423,#424,#1481,#426,#427,#428));
#2179= IFCPROPERTYSET('3dgky2_u13aBP_fqf9Dvrp',#5,'Pset_PlateCommon','Definition from IAI: Properties common to the definition of all occurrences of IfcPlate.',(#430,#431,#432,#433,#434,#435));
#2180= IFCSHAPEREPRESENTATION(#12,'Body','Brep',(#1515));
#2181= IFCPRODUCTDEFINITIONSHAPE($,$,(#2180));
#2182= IFCCARTESIANPOINT((-14339.9724470261,-5155.42995050781,2579.30001799014));
#2183= IFCAXIS2PLACEMENT3D(#2182,#1121,#1466);
#2184= IFCLOCALPLACEMENT(#2166,#2183);
#2185= IFCPLATE('39MYa$Et17au2OoFUYJH9x',#957,'Beamshoe','PL2*75',$,#2184,#2181,'IDc95a293f-3b70-4793-8098-c8f7a24d127b');
#2186= IFCPROPERTYSET('1yf7u$k_b4zRFN4y2n4D1w',#5,'Tekla Common','Common Properties to Shared building elements',(#407,#408,#409,#410,#1358,#2103,#413));
#2187= IFCPROPERTYSET('01aV9r91P2lRENJlWrunF4',#5,'Tekla Quantity','Quantity Properties to Shared building elements',(#1474,#1475,#1476,#1477,#1478,#766,#420,#1479));
#2188= IFCPROPERTYSET('0g0Jwpw8575xC$Hdia4HL1',#5,'PlateBaseQuantities',$,(#423,#424,#1481,#426,#427,#428));
#2189= IFCPROPERTYSET('3Frd5o22rAHh55oPejkBi4',#5,'Pset_PlateCommon','Definition from IAI: Properties common to the definition of all occurrences of IfcPlate.',(#430,#431,#432,#433,#434,#435));
#2190= IFCLOCALPLACEMENT(#42,#10);
#2191= IFCELEMENTASSEMBLY('3lRIkbUaXFtxKrhxT3IoLD',#957,'Beamshoe',$,$,#2190,$,'Beamsh-0(?)',.NOTDEFINED.,.NOTDEFINED.);
#2192= IFCPROPERTYSET('3nar89XyfE8AXLg73O96YT',#5,'Tekla Assembly','Assembly Properties',(#1415,#48,#2093,#2094,#1418,#52,#53,#54));
#2193= IFCPROPERTYSET('2rXG7MET9E5ec9d9OVcjwI',#5,'AssemblyBaseQuantities',$,(#1420));
#2194= IFCSHAPEREPRESENTATION(#12,'Body','Brep',(#1461));
#2195= IFCPRODUCTDEFINITIONSHAPE($,$,(#2194));
#2196= IFCCARTESIANPOINT((-14366.1692077217,-4597.98331501788,2578.14520908037));
#2197= IFCAXIS2PLACEMENT3D(#2196,#1121,#1520);
#2198= IFCLOCALPLACEMENT(#2190,#2197);
#2199= IFCPLATE('2E5FblRpXDjAOfPl64SfoY',#957,'Beamshoe','PL2*75',$,#2198,#2195,'ID8e14f96f-6f38-4db4-a629-66f184729ca2');
#2200= IFCPROPERTYSET('2Q5EvF4zP85BxVxahEvkLc',#5,'Tekla Common','Common Properties to Shared building elements',(#407,#408,#409,#410,#1358,#2103,#413));
#2201= IFCPROPERTYSET('32pNRRkmz0LRBJJKEQlGkf',#5,'Tekla Quantity','Quantity Properties to Shared building elements',(#1474,#1475,#1476,#1477,#1478,#766,#420,#1479));
#2202= IFCPROPERTYSET('0hWKG8Rm596wBz1jwog9WN',#5,'PlateBaseQuantities',$,(#423,#424,#1481,#426,#427,#428));
#2203= IFCPROPERTYSET('3ISc$vMcf9qRoVMRUk8KpT',#5,'Pset_PlateCommon','Definition from IAI: Properties common to the definition of all occurrences of IfcPlate.',(#430,#431,#432,#433,#434,#435));
#2204= IFCSHAPEREPRESENTATION(#12,'Body','Brep',(#1515));
#2205= IFCPRODUCTDEFINITIONSHAPE($,$,(#2204));
#2206= IFCCARTESIANPOINT((-14287.3446386183,-4557.74247884582,2579.30002680836));
#2207= IFCAXIS2PLACEMENT3D(#2206,#1121,#1466);
#2208= IFCLOCALPLACEMENT(#2190,#2207);
#2209= IFCPLATE('0z5O_VeTDCx8r4gN4MYSg8',#957,'Beamshoe','PL2*75',$,#2208,#2205,'ID3d158f9f-a1d3-4cec-8d44-a9711689ca88');
#2210= IFCPROPERTYSET('1l8ghiXc56NArGdVzs6EvK',#5,'Tekla Common','Common Properties to Shared building elements',(#407,#408,#409,#410,#1358,#2103,#413));
#2211= IFCPROPERTYSET('2Nbzz8lF99jfDhf43OjXYe',#5,'Tekla Quantity','Quantity Properties to Shared building elements',(#1474,#1475,#1476,#1477,#1478,#766,#420,#1479));
#2212= IFCPROPERTYSET('34yFOus4X4TfO9yy$Ytle8',#5,'PlateBaseQuantities',$,(#423,#424,#1481,#426,#427,#428));
#2213= IFCPROPERTYSET('0XdCbwGq16JAPeS6XP4wy8',#5,'Pset_PlateCommon','Definition from IAI: Properties common to the definition of all occurrences of IfcPlate.',(#430,#431,#432,#433,#434,#435));
#2214= IFCLOCALPLACEMENT(#42,#10);
#2215= IFCELEMENTASSEMBLY('24yDyySaDFZBhLkytv5$q3',#957,'Beamshoe',$,$,#2214,$,'Beamsh-0(?)',.NOTDEFINED.,.NOTDEFINED.);
#2216= IFCPROPERTYSET('3aMCDu6XL7M8Yq2sK$BSsJ',#5,'Tekla Assembly','Assembly Properties',(#1415,#48,#2093,#2094,#1418,#52,#53,#54));
#2217= IFCPROPERTYSET('1$A9z_z0H6EP4Bvbhqvxy8',#5,'AssemblyBaseQuantities',$,(#1420));
#2218= IFCSHAPEREPRESENTATION(#12,'Body','Brep',(#1461));
#2219= IFCPRODUCTDEFINITIONSHAPE($,$,(#2218));
#2220= IFCCARTESIANPOINT((-14313.5413993144,-4000.29584335581,2578.14521789853));
#2221= IFCAXIS2PLACEMENT3D(#2220,#1121,#1520);
#2222= IFCLOCALPLACEMENT(#2214,#2221);
#2223= IFCPLATE('0cz09_E_54zBX041DWeVv1',#957,'Beamshoe','PL2*75',$,#2222,#2219,'ID26f4027e-3be1-44f4-b840-101360a1fe41');
#2224= IFCPROPERTYSET('2XPFoz77z3tQtYcGn8VPDV',#5,'Tekla Common','Common Properties to Shared building elements',(#407,#408,#409,#410,#1358,#2103,#413));
#2225= IFCPROPERTYSET('2dsYn3PyT1gQre$Zj0mkyk',#5,'Tekla Quantity','Quantity Properties to Shared building elements',(#1474,#1475,#1476,#1477,#1478,#766,#420,#1479));
#2226= IFCPROPERTYSET('0xCbofsr517O3pOKcb_nuD',#5,'PlateBaseQuantities',$,(#423,#424,#1481,#426,#427,#428));
#2227= IFCPROPERTYSET('2bj9WNqGfBhhxg_aEv4mik',#5,'Pset_PlateCommon','Definition from IAI: Properties common to the definition of all occurrences of IfcPlate.',(#430,#431,#432,#433,#434,#435));
#2228= IFCSHAPEREPRESENTATION(#12,'Body','Brep',(#1515));
#2229= IFCPRODUCTDEFINITIONSHAPE($,$,(#2228));
#2230= IFCCARTESIANPOINT((-14234.716830211,-3960.05500718381,2579.30003562657));
#2231= IFCAXIS2PLACEMENT3D(#2230,#1121,#1466);
#2232= IFCLOCALPLACEMENT(#2214,#2231);
#2233= IFCPLATE('01PQaR6gf35BRBqlP3l1hM',#957,'Beamshoe','PL2*75',$,#2232,#2229,'ID0165a91b-1aaa-4314-b6cb-d2f643bc1ad6');
#2234= IFCPROPERTYSET('2bqB1sIhf4RROpK6tvt1Xm',#5,'Tekla Common','Common Properties to Shared building elements',(#407,#408,#409,#410,#1358,#2103,#413));
#2235= IFCPROPERTYSET('1xCaH04vf0PeSS5kqvFP3S',#5,'Tekla Quantity','Quantity Properties to Shared building elements',(#1474,#1475,#1476,#1477,#1478,#766,#420,#1479));
#2236= IFCPROPERTYSET('2$Ue4mGIX9uwU7alzM3ZY7',#5,'PlateBaseQuantities',$,(#423,#424,#1481,#426,#427,#428));
#2237= IFCPROPERTYSET('0t_odGP75DWRIX1_KSLCHq',#5,'Pset_PlateCommon','Definition from IAI: Properties common to the definition of all occurrences of IfcPlate.',(#430,#431,#432,#433,#434,#435));
#2238= IFCLOCALPLACEMENT(#42,#10);
#2239= IFCELEMENTASSEMBLY('0Lu29Kf09Eg8abM67qdfU9',#957,'Beamshoe',$,$,#2238,$,'Beamsh-0(?)',.NOTDEFINED.,.NOTDEFINED.);
#2240= IFCPROPERTYSET('0Xo64S7890tOtVJiGryV5p',#5,'Tekla Assembly','Assembly Properties',(#1415,#48,#2093,#2094,#1418,#52,#53,#54));
#2241= IFCPROPERTYSET('2DS04085D6zfvRt3AgxjEW',#5,'AssemblyBaseQuantities',$,(#1420));
#2242= IFCSHAPEREPRESENTATION(#12,'Body','Brep',(#1461));
#2243= IFCPRODUCTDEFINITIONSHAPE($,$,(#2242));
#2244= IFCCARTESIANPOINT((-14260.9135909065,-3402.60837169382,2578.14522671681));
#2245= IFCAXIS2PLACEMENT3D(#2244,#1121,#1520);
#2246= IFCLOCALPLACEMENT(#2238,#2245);
#2247= IFCPLATE('1uB7136TLAWhMyPuzSxhTp',#957,'Beamshoe','PL2*75',$,#2246,#2243,'ID782c7043-19d5-4a82-b5bc-678f5ceeb773');
#2248= IFCPROPERTYSET('3XiGfzFv9AwxMOQ2tvgmmK',#5,'Tekla Common','Common Properties to Shared building elements',(#407,#408,#409,#410,#1358,#2103,#413));
#2249= IFCPROPERTYSET('1y67QotW968fCReqAaiTrS',#5,'Tekla Quantity','Quantity Properties to Shared building elements',(#1474,#1475,#1476,#1477,#1478,#766,#420,#1479));
#2250= IFCPROPERTYSET('2QyyeWNOHFNRd4Eo$oRi81',#5,'PlateBaseQuantities',$,(#423,#424,#1481,#426,#427,#428));
#2251= IFCPROPERTYSET('3hjmXAlnHFuPnUhgOqZbiN',#5,'Pset_PlateCommon','Definition from IAI: Properties common to the definition of all occurrences of IfcPlate.',(#430,#431,#432,#433,#434,#435));
#2252= IFCSHAPEREPRESENTATION(#12,'Body','Brep',(#1515));
#2253= IFCPRODUCTDEFINITIONSHAPE($,$,(#2252));
#2254= IFCCARTESIANPOINT((-14182.0890218031,-3362.36753552182,2579.30004444479));
#2255= IFCAXIS2PLACEMENT3D(#2254,#1121,#1466);
#2256= IFCLOCALPLACEMENT(#2238,#2255);
#2257= IFCPLATE('2UE7e5dhL8JxdT8O8sJzCf',#957,'Beamshoe','PL2*75',$,#2256,#2253,'ID9e387a05-9eb5-484f-b9dd-2182364fd329');
#2258= IFCPROPERTYSET('1$SzbQr6fBsxqvNlO2wah5',#5,'Tekla Common','Common Properties to Shared building elements',(#407,#408,#409,#410,#1358,#2103,#413));
#2259= IFCPROPERTYSET('2z9dMbSSv6iwHNTpOOzg7H',#5,'Tekla Quantity','Quantity Properties to Shared building elements',(#1474,#1475,#1476,#1477,#1478,#766,#420,#1479));
#2260= IFCPROPERTYSET('3zlMoqZRr29PoExGl7NKKv',#5,'PlateBaseQuantities',$,(#423,#424,#1481,#426,#427,#428));
#2261= IFCPROPERTYSET('392pyi0D59hQZvT5OtocyB',#5,'Pset_PlateCommon','Definition from IAI: Properties common to the definition of all occurrences of IfcPlate.',(#430,#431,#432,#433,#434,#435));
#2262= IFCLOCALPLACEMENT(#42,#10);
#2263= IFCELEMENTASSEMBLY('25BZmjXmD6FeCcH9E3O30d',#957,'Beamshoe',$,$,#2262,$,'Beamsh-0(?)',.NOTDEFINED.,.NOTDEFINED.);
#2264= IFCPROPERTYSET('1VOXP8d$PEjBAPCRBFTA9p',#5,'Tekla Assembly','Assembly Properties',(#1415,#48,#2093,#2094,#1418,#52,#53,#54));
#2265= IFCPROPERTYSET('18Ka2$C6b2Rv7L8tse_Rso',#5,'AssemblyBaseQuantities',$,(#1420));
#2266= IFCSHAPEREPRESENTATION(#12,'Body','Brep',(#1461));
#2267= IFCPRODUCTDEFINITIONSHAPE($,$,(#2266));
#2268= IFCCARTESIANPOINT((-14208.2857824986,-2804.92090003184,2578.1452355349));
#2269= IFCAXIS2PLACEMENT3D(#2268,#1121,#1520);
#2270= IFCLOCALPLACEMENT(#2262,#2269);
#2271= IFCPLATE('2tMc5LHRH0QRDybCD4L_yZ',#957,'Beamshoe','PL2*75',$,#2270,#2267,'IDb75a6155-45b4-4069-b37c-94c34457ef23');
#2272= IFCPROPERTYSET('0XJ4B9i1H0yBdkC8usylL2',#5,'Tekla Common','Common Properties to Shared building elements',(#407,#408,#409,#410,#1358,#2103,#413));
#2273= IFCPROPERTYSET('3qxg69PITD5OyQ$xz8pAl9',#5,'Tekla Quantity','Quantity Properties to Shared building elements',(#1474,#1475,#1476,#1477,#1478,#766,#420,#1479));
#2274= IFCPROPERTYSET('0sUm2SDP92yOAe$doDZzPZ',#5,'PlateBaseQuantities',$,(#423,#424,#1481,#426,#427,#428));
#2275= IFCPROPERTYSET('27OK3dAs9CYvwVvew6UXMY',#5,'Pset_PlateCommon','Definition from IAI: Properties common to the definition of all occurrences of IfcPlate.',(#430,#431,#432,#433,#434,#435));
#2276= IFCSHAPEREPRESENTATION(#12,'Body','Brep',(#1515));
#2277= IFCPRODUCTDEFINITIONSHAPE($,$,(#2276));
#2278= IFCCARTESIANPOINT((-14129.4612133952,-2764.68006385984,2579.300053263));
#2279= IFCAXIS2PLACEMENT3D(#2278,#1121,#1466);
#2280= IFCLOCALPLACEMENT(#2262,#2279);
#2281= IFCPLATE('2QsADUJ9zDOuxYjJuXqmfu',#957,'Beamshoe','PL2*75',$,#2280,#2277,'ID9ad8a35e-4c9f-4d63-8ee2-b53e21d30a78');
#2282= IFCPROPERTYSET('2KlBOT35vFWB6qmBKjZLUe',#5,'Tekla Common','Common Properties to Shared building elements',(#407,#408,#409,#410,#1358,#2103,#413));
#2283= IFCPROPERTYSET('1UlIDAJgf9ZOYFz97NoMin',#5,'Tekla Quantity','Quantity Properties to Shared building elements',(#1474,#1475,#1476,#1477,#1478,#766,#420,#1479));
#2284= IFCPROPERTYSET('3vNDd1Tn5CwOBtR_IFtdVq',#5,'PlateBaseQuantities',$,(#423,#424,#1481,#426,#427,#428));
#2285= IFCPROPERTYSET('1cGcHUwS17ShHZTmmkMPU7',#5,'Pset_PlateCommon','Definition from IAI: Properties common to the definition of all occurrences of IfcPlate.',(#430,#431,#432,#433,#434,#435));
#2286= IFCCARTESIANPOINT((56.99999999994,2.82842712474621,114.000000000098));
#2287= IFCCARTESIANPOINT((56.99999999994,0.,114.000000000098));
#2288= IFCCARTESIANPOINT((-57.0000000000091,0.,114.000000000247));
#2289= IFCCARTESIANPOINT((-57.0000000000091,2.82842712474621,114.000000000247));
#2290= IFCPOLYLOOP((#2286,#2287,#2288,#2289));
#2291= IFCFACEOUTERBOUND(#2290,.T.);
#2292= IFCFACE((#2291));
#2293= IFCCARTESIANPOINT((56.9999999999382,0.,116.828427124849));
#2294= IFCCARTESIANPOINT((-57.0000000000109,0.,116.828427125001));
#2295= IFCPOLYLOOP((#2287,#2293,#2294,#2288));
#2296= IFCFACEOUTERBOUND(#2295,.T.);
#2297= IFCFACE((#2296));
#2298= IFCPOLYLOOP((#2293,#2286,#2289,#2294));
#2299= IFCFACEOUTERBOUND(#2298,.T.);
#2300= IFCFACE((#2299));
#2301= IFCPOLYLOOP((#2294,#2289,#2288));
#2302= IFCFACEOUTERBOUND(#2301,.T.);
#2303= IFCFACE((#2302));
#2304= IFCPOLYLOOP((#2293,#2287,#2286));
#2305= IFCFACEOUTERBOUND(#2304,.T.);
#2306= IFCFACE((#2305));
#2307= IFCCLOSEDSHELL((#528,#533,#536,#539,#542,#2292,#2297,#2300,#2303,#2306));
#2308= IFCFACETEDBREP(#2307);
#2309= IFCSTYLEDITEM(#2308,(#502),$);
#2310= IFCSHAPEREPRESENTATION(#12,'Body','Brep',(#2308));
#2311= IFCPRODUCTDEFINITIONSHAPE($,$,(#2310));
#2312= IFCCARTESIANPOINT((-17390.9595660346,-6986.84130780351,2391.99999999945));
#2313= IFCAXIS2PLACEMENT3D(#2312,#549,#550);
#2314= IFCLOCALPLACEMENT(#943,#2313);
#2315= IFCFASTENER('2m$T$aysP4nROdWTfSfT$L',#957,'Weld',$,$,#2314,#2311,'IDb0fddfe4-f366-44c5-b627-81da5ca5dfd5');
#2316= IFCPROPERTYSET('34HC7$X5T8Nw8XQKY35lPZ',#5,'Tekla Weld Common','Common weld properties',(#554,#555,#556,#557,#558,#559,#560,#561,#562,#563,#564,#565,#420));
#2317= IFCPROPERTYSET('2cdfizusP8lxqENn9kfOID',#5,'Tekla Weld Above Line','Above line weld properties',(#567,#568,#569,#570,#571,#572,#573,#574,#575,#576,#577,#578,#579,#580));
#2318= IFCPROPERTYSET('3gs7VEPanFAO8UCvlBGLJ7',#5,'Tekla Weld Below Line','Below line weld properties',(#582,#583,#584,#585,#586,#587,#588,#589,#590,#591,#592,#593,#594,#595));
#2319= IFCCLOSEDSHELL((#528,#533,#536,#539,#542,#611,#603,#608,#614,#617));
#2320= IFCFACETEDBREP(#2319);
#2321= IFCSTYLEDITEM(#2320,(#502),$);
#2322= IFCSHAPEREPRESENTATION(#12,'Body','Brep',(#2320));
#2323= IFCPRODUCTDEFINITIONSHAPE($,$,(#2322));
#2324= IFCCARTESIANPOINT((-17452.7394947167,-7038.62200316417,2391.99999999945));
#2325= IFCAXIS2PLACEMENT3D(#2324,#624,#549);
#2326= IFCLOCALPLACEMENT(#943,#2325);
#2327= IFCFASTENER('3Ldv_Z9Y51ffnRwtfeXHRA',#957,'Weld',$,$,#2326,#2323,'IDd59f9fa3-2621-41a6-9c5b-eb7a688516ca');
#2328= IFCPROPERTYSET('2W_q8hL$9DUgvr5xyW$yif',#5,'Tekla Weld Common','Common weld properties',(#554,#555,#556,#557,#558,#559,#560,#561,#562,#563,#564,#565,#420));
#2329= IFCPROPERTYSET('01V2mG1uvAE9dkc8YNUJaj',#5,'Tekla Weld Above Line','Above line weld properties',(#567,#568,#569,#570,#571,#572,#573,#574,#575,#576,#577,#578,#579,#580));
#2330= IFCPROPERTYSET('1et1CEyynCDfGsrkJAzDUS',#5,'Tekla Weld Below Line','Below line weld properties',(#582,#583,#584,#585,#586,#587,#588,#589,#590,#591,#592,#593,#594,#630));
#2331= IFCSHAPEREPRESENTATION(#12,'Body','Brep',(#2320));
#2332= IFCPRODUCTDEFINITIONSHAPE($,$,(#2331));
#2333= IFCCARTESIANPOINT((-17442.7402613955,-6925.06137912143,2391.99999999945));
#2334= IFCAXIS2PLACEMENT3D(#2333,#550,#635);
#2335= IFCLOCALPLACEMENT(#943,#2334);
#2336= IFCFASTENER('1DaLk0z79B198IIxLpuAZE',#957,'Weld',$,$,#2335,#2332,'ID4d915b80-f472-4b04-9212-4bb573e0a8ce');
#2337= IFCPROPERTYSET('0vSvcFNwj0S9LEp7jO1TGM',#5,'Tekla Weld Common','Common weld properties',(#554,#555,#556,#557,#558,#559,#560,#561,#562,#563,#564,#565,#420));
#2338= IFCPROPERTYSET('0nc_q0B8b7SvHokhJEeb0C',#5,'Tekla Weld Above Line','Above line weld properties',(#567,#568,#569,#570,#571,#572,#573,#574,#575,#576,#577,#578,#579,#580));
#2339= IFCPROPERTYSET('2sMlyaba16OADn$zPEWlFn',#5,'Tekla Weld Below Line','Below line weld properties',(#582,#583,#584,#585,#586,#587,#588,#589,#590,#591,#592,#593,#594,#630));
#2340= IFCSHAPEREPRESENTATION(#12,'Body','Brep',(#671));
#2341= IFCPRODUCTDEFINITIONSHAPE($,$,(#2340));
#2342= IFCCARTESIANPOINT((-17452.7394947164,-7038.62200316404,2395.99999999945));
#2343= IFCAXIS2PLACEMENT3D(#2342,#635,#624);
#2344= IFCLOCALPLACEMENT(#943,#2343);
#2345= IFCBEAM('0shvsGZSP2Sfo2XJzZkT$W',#957,'PLATE','PL8*114',$,#2344,#2341,'ID36af9d90-8dc6-4272-9c82-853f63b9dfe0');
#2346= IFCPROPERTYSET('3SWzwZ$cT1KgzTRviNozIt',#5,'Tekla Common','Common Properties to Shared building elements',(#407,#408,#409,#410,#680,#681,#413));
#2347= IFCPROPERTYSET('1abm8eqLzBXQz7XJ$wHANO',#5,'Tekla Quantity','Quantity Properties to Shared building elements',(#565,#683,#684,#685,#686,#687,#420,#688));
#2348= IFCPROPERTYSET('29NMKPj41FJQoQLcYqgW_T',#5,'BeamBaseQuantities',$,(#565,#690,#423,#691));
#2349= IFCPROPERTYSET('1t1qZtkpvAoQN$0iLjK0Xz',#5,'Pset_BeamCommon','Definition from IAI: Properties common to the definition of all occurrences of IfcBeam.',(#430,#693,#694,#431,#432,#434));
#2350= IFCLOCALPLACEMENT(#42,#10);
#2351= IFCELEMENTASSEMBLY('0fa_1HId90MR0AcASSZmaB',#958,'Beamshoe',$,$,#2350,$,'Beamsh-0(?)',.NOTDEFINED.,.NOTDEFINED.);
#2352= IFCPROPERTYSET('2mTIpIuCL0zQgKlFB40eOY',#5,'Tekla Assembly','Assembly Properties',(#1415,#48,#1416,#1417,#1418,#52,#53,#54));
#2353= IFCPROPERTYSET('3gWuhLQor8$xbGiroqapW1',#5,'AssemblyBaseQuantities',$,(#1420));
#2354= IFCSHAPEREPRESENTATION(#12,'Body','Brep',(#1461));
#2355= IFCPRODUCTDEFINITIONSHAPE($,$,(#2354));
#2356= IFCCARTESIANPOINT((-17330.3900550992,-7301.39048850581,2536.32548609335));
#2357= IFCAXIS2PLACEMENT3D(#2356,#1121,#1466);
#2358= IFCLOCALPLACEMENT(#2350,#2357);
#2359= IFCPLATE('06T2WxY6T4Keygp8DVuk0D',#958,'Beamshoe','PL2*75',$,#2358,#2355,'ID0674283b-8867-4452-8f2a-cc835fe2e00d');
#2360= IFCPROPERTYSET('1cOVeXSeLFuuaoHzRjmODn',#5,'Tekla Common','Common Properties to Shared building elements',(#407,#408,#409,#410,#1471,#1472,#413));
#2361= IFCPROPERTYSET('1JXGqX1W1AD9WR_eVzPcEc',#5,'Tekla Quantity','Quantity Properties to Shared building elements',(#1474,#1475,#1476,#1477,#1478,#766,#420,#1479));
#2362= IFCPROPERTYSET('206Eyj2a1A2Af6pB7bZ7C7',#5,'PlateBaseQuantities',$,(#423,#424,#1481,#426,#427,#428));
#2363= IFCPROPERTYSET('2EUaaBvZL0xQ5B2J1zj8FM',#5,'Pset_PlateCommon','Definition from IAI: Properties common to the definition of all occurrences of IfcPlate.',(#430,#431,#432,#433,#434,#435));
#2364= IFCSHAPEREPRESENTATION(#12,'Body','Brep',(#1515));
#2365= IFCPRODUCTDEFINITIONSHAPE($,$,(#2364));
#2366= IFCCARTESIANPOINT((-17409.2146239749,-7341.63132469804,2535.17066837586));
#2367= IFCAXIS2PLACEMENT3D(#2366,#1121,#1520);
#2368= IFCLOCALPLACEMENT(#2350,#2367);
#2369= IFCPLATE('0BIRgZP111JBmMh_sdaDOx',#958,'Beamshoe','PL2*75',$,#2368,#2365,'ID0b49baa3-6410-414c-bc16-afeda790d63b');
#2370= IFCPROPERTYSET('1DWhVF8ITAsvm1Tfntx8k4',#5,'Tekla Common','Common Properties to Shared building elements',(#407,#408,#409,#410,#1471,#1472,#413));
#2371= IFCPROPERTYSET('1hZlPPxMD5cR27tgwCNF2h',#5,'Tekla Quantity','Quantity Properties to Shared building elements',(#1474,#1475,#1476,#1477,#1478,#766,#420,#1479));
#2372= IFCPROPERTYSET('2jmOMHhbrF4Al_gwEHrl5j',#5,'PlateBaseQuantities',$,(#423,#424,#1481,#426,#427,#428));
#2373= IFCPROPERTYSET('2So_1ZAMn3c9YfHeUQviLa',#5,'Pset_PlateCommon','Definition from IAI: Properties common to the definition of all occurrences of IfcPlate.',(#430,#431,#432,#433,#434,#435));
#2374= IFCSHAPEREPRESENTATION(#12,'Body','Brep',(#1558));
#2375= IFCPRODUCTDEFINITIONSHAPE($,$,(#2374));
#2376= IFCCARTESIANPOINT((-17407.6492802509,-7293.5834309936,2642.64252753563));
#2377= IFCAXIS2PLACEMENT3D(#2376,#1353,#550);
#2378= IFCLOCALPLACEMENT(#2350,#2377);
#2379= IFCPLATE('3Ti9Nohpr8WfTMCK8X7Rud',#958,'Beamshoe','PL2*22',$,#2378,#2375,'IDddb095f2-af3d-4882-9756-3142211dbe27');
#2380= IFCPROPERTYSET('1nCpzXfH56BhDNpH4dg2Kh',#5,'Tekla Common','Common Properties to Shared building elements',(#407,#408,#409,#410,#1471,#1567,#413));
#2381= IFCPROPERTYSET('2wk5vgYQzCKBb_QoE63WKr',#5,'Tekla Quantity','Quantity Properties to Shared building elements',(#1569,#1475,#1570,#417,#1571,#766,#420,#1572));
#2382= IFCPROPERTYSET('0n54nfg2r1Ku9e3SSY9zv6',#5,'PlateBaseQuantities',$,(#423,#424,#1574,#426,#427,#428));
#2383= IFCPROPERTYSET('25E9rANkX7VgBz03pOi5wA',#5,'Pset_PlateCommon','Definition from IAI: Properties common to the definition of all occurrences of IfcPlate.',(#430,#431,#432,#433,#434,#435));
#2384= IFCSHAPEREPRESENTATION(#12,'Body','Brep',(#1602));
#2385= IFCPRODUCTDEFINITIONSHAPE($,$,(#2384));
#2386= IFCCARTESIANPOINT((-17410.0175315691,-7320.47936809344,2642.64252715763));
#2387= IFCAXIS2PLACEMENT3D(#2386,#1353,#550);
#2388= IFCLOCALPLACEMENT(#2350,#2387);
#2389= IFCPLATE('2bhA6axWr2bw2HkrDk8mEi',#958,'Beamshoe','PL2*22',$,#2388,#2385,'IDa5aca1a4-ee0d-4297-a091-bb536e2303ac');
#2390= IFCPROPERTYSET('27dP$VVIj4S8iEIXT9twgM',#5,'Tekla Common','Common Properties to Shared building elements',(#407,#408,#409,#410,#1471,#1567,#413));
#2391= IFCPROPERTYSET('0DBfbR6mDB3wfLeHLrhx$t',#5,'Tekla Quantity','Quantity Properties to Shared building elements',(#1569,#1475,#1570,#417,#1571,#766,#420,#1572));
#2392= IFCPROPERTYSET('2O2FMVoWH8lRM7dLS2s77G',#5,'PlateBaseQuantities',$,(#423,#424,#1574,#426,#427,#428));
#2393= IFCPROPERTYSET('3QSOEfeYv2HOd02jZ5VdmJ',#5,'Pset_PlateCommon','Definition from IAI: Properties common to the definition of all occurrences of IfcPlate.',(#430,#431,#432,#433,#434,#435));
#2394= IFCSHAPEREPRESENTATION(#12,'Body','Brep',(#1639));
#2395= IFCPRODUCTDEFINITIONSHAPE($,$,(#2394));
#2396= IFCCARTESIANPOINT((-17334.4401959825,-7347.21184376062,2537.32536683299));
#2397= IFCAXIS2PLACEMENT3D(#2396,#1644,#624);
#2398= IFCLOCALPLACEMENT(#2350,#2397);
#2399= IFCPLATE('0kq_xPO1bCXf_ue57KCRD$',#958,'Beamshoe','PL2*45',$,#2398,#2395,'Beams-0(?)');
#2400= IFCPROPERTYSET('1ZXeY7Qsb0hx0rjtNn1wNN',#5,'Tekla Common','Common Properties to Shared building elements',(#407,#408,#409,#410,#1649,#1472,#413));
#2401= IFCPROPERTYSET('2SbELE0dn46B06aFVlawjp',#5,'Tekla Quantity','Quantity Properties to Shared building elements',(#1651,#1475,#1652,#1653,#1654,#766,#420,#421));
#2402= IFCPROPERTYSET('3fZuO6g$v6dhNZmBZ7yXnr',#5,'PlateBaseQuantities',$,(#423,#424,#1656,#426,#427,#428));
#2403= IFCPROPERTYSET('0OeSti1Wz15RbH1L$Yegyy',#5,'Pset_PlateCommon','Definition from IAI: Properties common to the definition of all occurrences of IfcPlate.',(#430,#431,#432,#433,#434,#435));
#2404= IFCLOCALPLACEMENT(#42,#10);
#2405= IFCELEMENTASSEMBLY('35dihQLtbDwBuDy0Kkvtgh',#957,'PRUSS',$,$,#2404,$,'S-2',.NOTDEFINED.,.NOTDEFINED.);
#2406= IFCPROPERTYSINGLEVALUE('Assembly/Cast unit Mark',$,IFCLABEL('S-2'),$);
#2407= IFCPROPERTYSINGLEVALUE('Assembly/Cast unit top elevation',$,IFCLABEL(' +2.711'),$);
#2408= IFCPROPERTYSINGLEVALUE('Assembly/Cast unit bottom elevation',$,IFCLABEL(' +2.537'),$);
#2409= IFCPROPERTYSINGLEVALUE('Assembly/Cast unit weight',$,IFCMASSMEASURE(7.),$);
#2410= IFCPROPERTYSET('0SqmixH_15Hxj_eT997cBB',#5,'Tekla Assembly','Assembly Properties',(#2406,#48,#2407,#2408,#2409,#52,#53,#54));
#2411= IFCPROPERTYSINGLEVALUE('Width',$,IFCLENGTHMEASURE(145.),$);
#2412= IFCPROPERTYSET('0jOydQj7T5IueBkkW0Eaqn',#5,'AssemblyBaseQuantities',$,(#2411));
#2413= IFCCOLOURRGB('Light Green',0.356862745098039,0.592156862745098,0.137254901960784);
#2414= IFCSURFACESTYLERENDERING(#2413,0.,$,$,$,$,IFCNORMALISEDRATIOMEASURE(0.00390625),IFCSPECULAREXPONENT(10.),.NOTDEFINED.);
#2415= IFCSURFACESTYLE('TIMBER/C24',.POSITIVE.,(#2414));
#2416= IFCPRESENTATIONSTYLEASSIGNMENT((#2415));
#2417= IFCCARTESIANPOINT((275.785938651392,72.4999999999573,-22.4999999998963));
#2418= IFCCARTESIANPOINT((161.746700358835,72.4999999999854,22.5000000000637));
#2419= IFCCARTESIANPOINT((2019.99444973756,72.4999999996103,22.5000000007749));
#2420= IFCCARTESIANPOINT((2019.99425746863,72.4999999996053,-22.4999999992251));
#2421= IFCPOLYLOOP((#2417,#2418,#2419,#2420));
#2422= IFCFACEOUTERBOUND(#2421,.T.);
#2423= IFCFACE((#2422));
#2424= IFCCARTESIANPOINT((163.979581359039,-72.5000000000459,22.5000000000637));
#2425= IFCCARTESIANPOINT((2019.99444970644,-72.5000000004206,22.5000000007749));
#2426= IFCPOLYLOOP((#2418,#2424,#2425,#2419));
#2427= IFCFACEOUTERBOUND(#2426,.T.);
#2428= IFCFACE((#2427));
#2429= IFCCARTESIANPOINT((278.018819651596,-72.5000000000741,-22.4999999998945));
#2430= IFCCARTESIANPOINT((2019.99425743751,-72.5000000004261,-22.4999999992269));
#2431= IFCPOLYLOOP((#2424,#2429,#2430,#2425));
#2432= IFCFACEOUTERBOUND(#2431,.T.);
#2433= IFCFACE((#2432));
#2434= IFCPOLYLOOP((#2429,#2417,#2420,#2430));
#2435= IFCFACEOUTERBOUND(#2434,.T.);
#2436= IFCFACE((#2435));
#2437= IFCPOLYLOOP((#2425,#2430,#2420,#2419));
#2438= IFCFACEOUTERBOUND(#2437,.T.);
#2439= IFCFACE((#2438));
#2440= IFCPOLYLOOP((#2429,#2424,#2418,#2417));
#2441= IFCFACEOUTERBOUND(#2440,.T.);
#2442= IFCFACE((#2441));
#2443= IFCCLOSEDSHELL((#2423,#2428,#2433,#2436,#2439,#2442));
#2444= IFCFACETEDBREP(#2443);
#2445= IFCSTYLEDITEM(#2444,(#2416),$);
#2446= IFCSHAPEREPRESENTATION(#12,'Body','Brep',(#2444));
#2447= IFCPRODUCTDEFINITIONSHAPE($,$,(#2446));
#2448= IFCCARTESIANPOINT((-15393.3384181515,-7495.55177970073,2640.81101191142));
#2449= IFCDIRECTION((0.087717264625835,0.996145411818252,7.9994505540526E-08));
#2450= IFCAXIS2PLACEMENT3D(#2448,#2449,#1466);
#2451= IFCLOCALPLACEMENT(#2404,#2450);
#2452= IFCBEAM('3wCJW9Ab15JAbKvBGKltzI',#957,'PRUSS','45*145',$,#2451,#2447,'P-33');
#2453= IFCBEAMTYPE('2SEclELrjCseJsNTdpWppS',#5,'45*145',$,$,$,$,$,$,.NOTDEFINED.);
#2454= IFCPROPERTYSINGLEVALUE('Class',$,IFCLABEL('3'),$);
#2455= IFCPROPERTYSINGLEVALUE('Top elevation',$,IFCLABEL(' +2.711'),$);
#2456= IFCPROPERTYSINGLEVALUE('Bottom elevation',$,IFCLABEL(' +2.537'),$);
#2457= IFCPROPERTYSET('3l1cLDvkP5qAxDXmTxNnoN',#5,'Tekla Common','Common Properties to Shared building elements',(#2454,#408,#409,#410,#2455,#2456,#413));
#2458= IFCPROPERTYSINGLEVALUE('Length',$,IFCLENGTHMEASURE(1858.2),$);
#2459= IFCPROPERTYSINGLEVALUE('Net surface area',$,IFCAREAMEASURE(0.708),$);
#2460= IFCPROPERTYSINGLEVALUE('Area per tons',$,IFCAREAMEASURE(100.511),$);
#2461= IFCPROPERTYSINGLEVALUE('Volume',$,IFCVOLUMEMEASURE(0.012),$);
#2462= IFCPROPERTYSINGLEVALUE('Weight',$,IFCMASSMEASURE(7.05),$);
#2463= IFCPROPERTYSET('2wx2uKkeX9VxNYM9vL346W',#5,'Tekla Quantity','Quantity Properties to Shared building elements',(#2458,#2411,#1652,#2459,#2460,#766,#2461,#2462));
#2464= IFCPROPERTYSINGLEVALUE('OuterSurfaceArea',$,IFCAREAMEASURE(0.7),$);
#2465= IFCPROPERTYSINGLEVALUE('NetWeight',$,IFCMASSMEASURE(7.),$);
#2466= IFCPROPERTYSET('0E8uXTExbAhA30JKzTWtlQ',#5,'BeamBaseQuantities',$,(#2458,#2464,#423,#2465));
#2467= IFCPROPERTYSINGLEVALUE('Slope',$,IFCPLANEANGLEMEASURE(0.0154),$);
#2468= IFCPROPERTYSET('3_vXvhfKfBZvjNmZuUvrLq',#5,'Pset_BeamCommon','Definition from IAI: Properties common to the definition of all occurrences of IfcBeam.',(#430,#693,#2467,#431,#432,#434));
#2469= IFCMATERIAL('TIMBER/C24');
#2470= IFCSHAPEREPRESENTATION(#12,'Body','Brep',(#1602));
#2471= IFCPRODUCTDEFINITIONSHAPE($,$,(#2470));
#2472= IFCCARTESIANPOINT((-14500.3506809372,-6969.35395340692,2686.8026446721));
#2473= IFCAXIS2PLACEMENT3D(#2472,#1353,#624);
#2474= IFCLOCALPLACEMENT(#2091,#2473);
#2475= IFCPLATE('3$rNRAeOn6nvN0VSHhDQe6',#957,'Beamshoe','PL2*22',$,#2474,#2471,'IDffd576ca-a18c-46c7-95c0-7dc46b35aa06');
#2476= IFCPROPERTYSINGLEVALUE('Bottom elevation',$,IFCLABEL(' +2.589'),$);
#2477= IFCPROPERTYSET('2qjpb2mQ5CuONbbfvI7uKm',#5,'Tekla Common','Common Properties to Shared building elements',(#407,#408,#409,#410,#1358,#2476,#413));
#2478= IFCPROPERTYSET('1FFaRnCI9BxfhnoCVBEWbb',#5,'Tekla Quantity','Quantity Properties to Shared building elements',(#1569,#1475,#1570,#417,#1571,#766,#420,#1572));
#2479= IFCPROPERTYSET('2IHwH8P558jgHQIbkBV5iW',#5,'PlateBaseQuantities',$,(#423,#424,#1574,#426,#427,#428));
#2480= IFCPROPERTYSET('0h1Dq0IOzFV9QZtT3lLHiU',#5,'Pset_PlateCommon','Definition from IAI: Properties common to the definition of all occurrences of IfcPlate.',(#430,#431,#432,#433,#434,#435));
#2481= IFCSHAPEREPRESENTATION(#12,'Body','Brep',(#1558));
#2482= IFCPRODUCTDEFINITIONSHAPE($,$,(#2481));
#2483= IFCCARTESIANPOINT((-14502.7189323252,-6996.24988973855,2686.80264429409));
#2484= IFCAXIS2PLACEMENT3D(#2483,#1353,#624);
#2485= IFCLOCALPLACEMENT(#2091,#2484);
#2486= IFCPLATE('26fXPhY157wxxxF_pXQSBy',#957,'Beamshoe','PL2*22',$,#2485,#2482,'ID86a6166b-8811-47eb-befb-3fece169c2fc');
#2487= IFCPROPERTYSET('3rkrkVJSb3WRCdaFW6_6mf',#5,'Tekla Common','Common Properties to Shared building elements',(#407,#408,#409,#410,#1358,#2476,#413));
#2488= IFCPROPERTYSET('3DHblDtlj9fAY4W7myaJ3F',#5,'Tekla Quantity','Quantity Properties to Shared building elements',(#1569,#1475,#1570,#417,#1571,#766,#420,#1572));
#2489= IFCPROPERTYSET('2SGwxQ5VH0oPu7bL5AqvGl',#5,'PlateBaseQuantities',$,(#423,#424,#1574,#426,#427,#428));
#2490= IFCPROPERTYSET('2nYC_D_gD5QhsDnNMBF_DL',#5,'Pset_PlateCommon','Definition from IAI: Properties common to the definition of all occurrences of IfcPlate.',(#430,#431,#432,#433,#434,#435));
#2491= IFCSHAPEREPRESENTATION(#12,'Body','Brep',(#1639));
#2492= IFCPRODUCTDEFINITIONSHAPE($,$,(#2491));
#2493= IFCCARTESIANPOINT((-14572.660976672,-6942.90914532689,2579.14505598086));
#2494= IFCDIRECTION((0.996027693561863,-0.0877026158953513,0.0153975589931374));
#2495= IFCAXIS2PLACEMENT3D(#2493,#2494,#550);
#2496= IFCLOCALPLACEMENT(#2091,#2495);
#2497= IFCPLATE('1WUnEXCVP3rAddnJuyvsRO',#957,'Beamshoe','PL2*45',$,#2496,#2492,'Beams-0(?)');
#2498= IFCPROPERTYSINGLEVALUE('Top elevation',$,IFCLABEL(' +2.581'),$);
#2499= IFCPROPERTYSET('3ze4ojwHD6N8O4Ie3sfBis',#5,'Tekla Common','Common Properties to Shared building elements',(#407,#408,#409,#410,#2498,#2103,#413));
#2500= IFCPROPERTYSET('0VkYgmVOnACvmYI0Rf6zbb',#5,'Tekla Quantity','Quantity Properties to Shared building elements',(#1651,#1475,#1652,#1653,#1654,#766,#420,#421));
#2501= IFCPROPERTYSET('3RiNyOrM53D9lIp_8mrPuq',#5,'PlateBaseQuantities',$,(#423,#424,#1656,#426,#427,#428));
#2502= IFCPROPERTYSET('31YgxT9YjAp8gmfKLnYwpi',#5,'Pset_PlateCommon','Definition from IAI: Properties common to the definition of all occurrences of IfcPlate.',(#430,#431,#432,#433,#434,#435));
#2503= IFCLOCALPLACEMENT(#42,#10);
#2504= IFCELEMENTASSEMBLY('0zP5Vif1L9KfWHsk5dqhPo',#957,'PRUSS',$,$,#2503,$,'S-1',.NOTDEFINED.,.NOTDEFINED.);
#2505= IFCPROPERTYSINGLEVALUE('Assembly/Cast unit Mark',$,IFCLABEL('S-1'),$);
#2506= IFCPROPERTYSINGLEVALUE('Assembly/Cast unit top elevation',$,IFCLABEL(' +2.726'),$);
#2507= IFCPROPERTYSINGLEVALUE('Assembly/Cast unit weight',$,IFCMASSMEASURE(11.2),$);
#2508= IFCPROPERTYSET('0OumLaVaHC0v10vitQkDvE',#5,'Tekla Assembly','Assembly Properties',(#2505,#48,#2506,#2408,#2507,#52,#53,#54));
#2509= IFCPROPERTYSET('3a0nYBx8zECB2WSXn_7bra',#5,'AssemblyBaseQuantities',$,(#2411));
#2510= IFCCARTESIANPOINT((0.000151678801557864,72.5000000000127,-22.5));
#2511= IFCCARTESIANPOINT((0.000343718984368024,72.5000000000182,22.5000000000018));
#2512= IFCCARTESIANPOINT((2859.99444975972,72.4999999994402,22.5000000010969));
#2513= IFCCARTESIANPOINT((2859.99425749079,72.4999999994357,-22.4999999989031));
#2514= IFCPOLYLOOP((#2510,#2511,#2512,#2513));
#2515= IFCFACEOUTERBOUND(#2514,.T.);
#2516= IFCFACE((#2515));
#2517= IFCCARTESIANPOINT((0.000343687863278319,-72.5000000000127,22.5));
#2518= IFCCARTESIANPOINT((2859.9944497286,-72.5000000005907,22.5000000010987));
#2519= IFCPOLYLOOP((#2511,#2517,#2518,#2512));
#2520= IFCFACEOUTERBOUND(#2519,.T.);
#2521= IFCFACE((#2520));
#2522= IFCCARTESIANPOINT((0.000151647680468159,-72.5000000000182,-22.5000000000018));
#2523= IFCCARTESIANPOINT((2859.99425745967,-72.5000000005957,-22.4999999989031));
#2524= IFCPOLYLOOP((#2517,#2522,#2523,#2518));
#2525= IFCFACEOUTERBOUND(#2524,.T.);
#2526= IFCFACE((#2525));
#2527= IFCPOLYLOOP((#2522,#2510,#2513,#2523));
#2528= IFCFACEOUTERBOUND(#2527,.T.);
#2529= IFCFACE((#2528));
#2530= IFCPOLYLOOP((#2518,#2523,#2513,#2512));
#2531= IFCFACEOUTERBOUND(#2530,.T.);
#2532= IFCFACE((#2531));
#2533= IFCPOLYLOOP((#2522,#2517,#2511,#2510));
#2534= IFCFACEOUTERBOUND(#2533,.T.);
#2535= IFCFACE((#2534));
#2536= IFCCLOSEDSHELL((#2516,#2521,#2526,#2529,#2532,#2535));
#2537= IFCFACETEDBREP(#2536);
#2538= IFCSTYLEDITEM(#2537,(#2416),$);
#2539= IFCSHAPEREPRESENTATION(#12,'Body','Brep',(#2537));
#2540= IFCPRODUCTDEFINITIONSHAPE($,$,(#2539));
#2541= IFCCARTESIANPOINT((-14504.0476646014,-6971.53807608559,2653.74497033833));
#2542= IFCAXIS2PLACEMENT3D(#2541,#2449,#1466);
#2543= IFCLOCALPLACEMENT(#2503,#2542);
#2544= IFCBEAM('2SuhfSP2DB1R7FriaT0ujs',#957,'PRUSS','45*145',$,#2543,#2540,'P-31');
#2545= IFCPROPERTYSINGLEVALUE('Top elevation',$,IFCLABEL(' +2.726'),$);
#2546= IFCPROPERTYSET('0YP2N4F19EXeV5haIH0sik',#5,'Tekla Common','Common Properties to Shared building elements',(#2454,#408,#409,#410,#2545,#2456,#413));
#2547= IFCPROPERTYSINGLEVALUE('Length',$,IFCLENGTHMEASURE(2860.),$);
#2548= IFCPROPERTYSINGLEVALUE('Net surface area',$,IFCAREAMEASURE(1.1),$);
#2549= IFCPROPERTYSINGLEVALUE('Area per tons',$,IFCAREAMEASURE(98.228),$);
#2550= IFCPROPERTYSINGLEVALUE('Volume',$,IFCVOLUMEMEASURE(0.019),$);
#2551= IFCPROPERTYSINGLEVALUE('Weight',$,IFCMASSMEASURE(11.2),$);
#2552= IFCPROPERTYSET('1bzxv0yxD3_eu3c3pF45W2',#5,'Tekla Quantity','Quantity Properties to Shared building elements',(#2547,#2411,#1652,#2548,#2549,#766,#2550,#2551));
#2553= IFCPROPERTYSINGLEVALUE('OuterSurfaceArea',$,IFCAREAMEASURE(1.1),$);
#2554= IFCPROPERTYSINGLEVALUE('NetWeight',$,IFCMASSMEASURE(11.2),$);
#2555= IFCPROPERTYSET('3CZddLmNv6iBX2dvQ0Fi3b',#5,'BeamBaseQuantities',$,(#2547,#2553,#423,#2554));
#2556= IFCPROPERTYSET('24vv4n3F58sOcWkLChE7O3',#5,'Pset_BeamCommon','Definition from IAI: Properties common to the definition of all occurrences of IfcBeam.',(#430,#693,#2467,#431,#432,#434));
#2557= IFCSHAPEREPRESENTATION(#12,'Body','Brep',(#1602));
#2558= IFCPRODUCTDEFINITIONSHAPE($,$,(#2557));
#2559= IFCCARTESIANPOINT((-14447.7228725294,-6371.66648174508,2686.80265349029));
#2560= IFCAXIS2PLACEMENT3D(#2559,#1353,#624);
#2561= IFCLOCALPLACEMENT(#2118,#2560);
#2562= IFCPLATE('34UuSpPfH3gPh9UzWvklnD',#957,'Beamshoe','PL2*22',$,#2561,#2558,'IDc47b8733-6694-43a9-9ac9-7bd839bafc4d');
#2563= IFCPROPERTYSET('1Nq4MwOhbEGeX04Uv62IOY',#5,'Tekla Common','Common Properties to Shared building elements',(#407,#408,#409,#410,#1358,#2476,#413));
#2564= IFCPROPERTYSET('2U_Cta9uP1YO_h0yQKv1zj',#5,'Tekla Quantity','Quantity Properties to Shared building elements',(#1569,#1475,#1570,#417,#1571,#766,#420,#1572));
#2565= IFCPROPERTYSET('0JWyMMf$P0UBHCCKEKBnea',#5,'PlateBaseQuantities',$,(#423,#424,#1574,#426,#427,#428));
#2566= IFCPROPERTYSET('3dxZifwur7kABX29CfvMFm',#5,'Pset_PlateCommon','Definition from IAI: Properties common to the definition of all occurrences of IfcPlate.',(#430,#431,#432,#433,#434,#435));
#2567= IFCSHAPEREPRESENTATION(#12,'Body','Brep',(#1558));
#2568= IFCPRODUCTDEFINITIONSHAPE($,$,(#2567));
#2569= IFCCARTESIANPOINT((-14450.0911239174,-6398.56241807682,2686.80265311227));
#2570= IFCAXIS2PLACEMENT3D(#2569,#1353,#624);
#2571= IFCLOCALPLACEMENT(#2118,#2570);
#2572= IFCPLATE('0lYrGKTqv8gfXE8iezfHTS',#957,'Beamshoe','PL2*22',$,#2571,#2568,'ID2f8b5414-774e-48aa-984e-22ca3da5175c');
#2573= IFCPROPERTYSET('0SfEfb9rzAJAKiapzbR0$q',#5,'Tekla Common','Common Properties to Shared building elements',(#407,#408,#409,#410,#1358,#2476,#413));
#2574= IFCPROPERTYSET('1exwwSzib0tg82QJ$p7rqG',#5,'Tekla Quantity','Quantity Properties to Shared building elements',(#1569,#1475,#1570,#417,#1571,#766,#420,#1572));
#2575= IFCPROPERTYSET('0SHCsdegf3CPO1fOvPIU_u',#5,'PlateBaseQuantities',$,(#423,#424,#1574,#426,#427,#428));
#2576= IFCPROPERTYSET('3C1ksJPz91HfpH05PgmDNn',#5,'Pset_PlateCommon','Definition from IAI: Properties common to the definition of all occurrences of IfcPlate.',(#430,#431,#432,#433,#434,#435));
#2577= IFCSHAPEREPRESENTATION(#12,'Body','Brep',(#1639));
#2578= IFCPRODUCTDEFINITIONSHAPE($,$,(#2577));
#2579= IFCCARTESIANPOINT((-14520.0331682643,-6345.2216736649,2579.14506479907));
#2580= IFCAXIS2PLACEMENT3D(#2579,#2494,#550);
#2581= IFCLOCALPLACEMENT(#2118,#2580);
#2582= IFCPLATE('1M4sitaBr4MxusEdnmt$iG',#957,'Beamshoe','PL2*45',$,#2581,#2578,'Beams-0(?)');
#2583= IFCPROPERTYSET('2wSx2gaXn97h90WsquSAs5',#5,'Tekla Common','Common Properties to Shared building elements',(#407,#408,#409,#410,#2498,#2103,#413));
#2584= IFCPROPERTYSET('2sazgwvPn3j82gyZF6LVaf',#5,'Tekla Quantity','Quantity Properties to Shared building elements',(#1651,#1475,#1652,#1653,#1654,#766,#420,#421));
#2585= IFCPROPERTYSET('2xmNUboc9BbuAcyYkQwSY9',#5,'PlateBaseQuantities',$,(#423,#424,#1656,#426,#427,#428));
#2586= IFCPROPERTYSET('2ZIIgRnoj7vfDHR5VXbAUx',#5,'Pset_PlateCommon','Definition from IAI: Properties common to the definition of all occurrences of IfcPlate.',(#430,#431,#432,#433,#434,#435));
#2587= IFCLOCALPLACEMENT(#42,#10);
#2588= IFCELEMENTASSEMBLY('1iW$DU5zj3sQf7j4IuY3Ju',#957,'PRUSS',$,$,#2587,$,'S-1',.NOTDEFINED.,.NOTDEFINED.);
#2589= IFCPROPERTYSET('0jSx1FVcj2fB9_5AYjI2aS',#5,'Tekla Assembly','Assembly Properties',(#2505,#48,#2506,#2408,#2507,#52,#53,#54));
#2590= IFCPROPERTYSET('274QNwhmjEvOe3BzQ7Kc9K',#5,'AssemblyBaseQuantities',$,(#2411));
#2591= IFCCARTESIANPOINT((6.72326605126727E-05,72.5000000000132,-22.5000000000009));
#2592= IFCCARTESIANPOINT((0.000259272843322833,72.5000000000182,22.5));
#2593= IFCCARTESIANPOINT((2859.99437139279,72.4999999994407,22.5000000010987));
#2594= IFCCARTESIANPOINT((2859.99417912385,72.4999999994352,-22.4999999989031));
#2595= IFCPOLYLOOP((#2591,#2592,#2593,#2594));
#2596= IFCFACEOUTERBOUND(#2595,.T.);
#2597= IFCFACE((#2596));
#2598= IFCCARTESIANPOINT((0.000259241720414138,-72.5000000000132,22.5000000000009));
#2599= IFCCARTESIANPOINT((2859.99437136166,-72.5000000005907,22.5000000010978));
#2600= IFCPOLYLOOP((#2592,#2598,#2599,#2593));
#2601= IFCFACEOUTERBOUND(#2600,.T.);
#2602= IFCFACE((#2601));
#2603= IFCCARTESIANPOINT((6.72015357849887E-05,-72.5000000000182,-22.5000000000018));
#2604= IFCCARTESIANPOINT((2859.99417909273,-72.5000000005962,-22.4999999989031));
#2605= IFCPOLYLOOP((#2598,#2603,#2604,#2599));
#2606= IFCFACEOUTERBOUND(#2605,.T.);
#2607= IFCFACE((#2606));
#2608= IFCPOLYLOOP((#2603,#2591,#2594,#2604));
#2609= IFCFACEOUTERBOUND(#2608,.T.);
#2610= IFCFACE((#2609));
#2611= IFCPOLYLOOP((#2599,#2604,#2594,#2593));
#2612= IFCFACEOUTERBOUND(#2611,.T.);
#2613= IFCFACE((#2612));
#2614= IFCPOLYLOOP((#2603,#2598,#2592,#2591));
#2615= IFCFACEOUTERBOUND(#2614,.T.);
#2616= IFCFACE((#2615));
#2617= IFCCLOSEDSHELL((#2597,#2602,#2607,#2610,#2613,#2616));
#2618= IFCFACETEDBREP(#2617);
#2619= IFCSTYLEDITEM(#2618,(#2416),$);
#2620= IFCSHAPEREPRESENTATION(#12,'Body','Brep',(#2618));
#2621= IFCPRODUCTDEFINITIONSHAPE($,$,(#2620));
#2622= IFCCARTESIANPOINT((-14451.4198982497,-6373.85060072014,2653.74497850629));
#2623= IFCAXIS2PLACEMENT3D(#2622,#2449,#1466);
#2624= IFCLOCALPLACEMENT(#2587,#2623);
#2625= IFCBEAM('1Q8l9tRfb9oPdMBJJgC6ta',#957,'PRUSS','45*145',$,#2624,#2621,'P-31');
#2626= IFCPROPERTYSET('3WKtRZ22nFs91rOAISa3fE',#5,'Tekla Common','Common Properties to Shared building elements',(#2454,#408,#409,#410,#2545,#2456,#413));
#2627= IFCPROPERTYSET('0wx5aosm1A0fjsES5dPH$0',#5,'Tekla Quantity','Quantity Properties to Shared building elements',(#2547,#2411,#1652,#2548,#2549,#766,#2550,#2551));
#2628= IFCPROPERTYSET('3cXfjNoxH2wOaIubd7QdqB',#5,'BeamBaseQuantities',$,(#2547,#2553,#423,#2554));
#2629= IFCPROPERTYSET('1at4CGLrDFsxSwjavKT1Au',#5,'Pset_BeamCommon','Definition from IAI: Properties common to the definition of all occurrences of IfcBeam.',(#430,#693,#2467,#431,#432,#434));
#2630= IFCSHAPEREPRESENTATION(#12,'Body','Brep',(#1602));
#2631= IFCPRODUCTDEFINITIONSHAPE($,$,(#2630));
#2632= IFCCARTESIANPOINT((-14395.0950641216,-5773.97901008325,2686.80266230494));
#2633= IFCAXIS2PLACEMENT3D(#2632,#1353,#624);
#2634= IFCLOCALPLACEMENT(#2142,#2633);
#2635= IFCPLATE('33ytr4xrb3YwJ41nvxx0MS',#957,'Beamshoe','PL2*22',$,#2634,#2631,'IDc3f37d44-ef59-438b-a4c4-071e7bec059c');
#2636= IFCPROPERTYSET('2xrZwHTPT0m9wfNGqBhOEj',#5,'Tekla Common','Common Properties to Shared building elements',(#407,#408,#409,#410,#1358,#2476,#413));
#2637= IFCPROPERTYSET('1CIyGKq6bFzOC2WWIQrp_6',#5,'Tekla Quantity','Quantity Properties to Shared building elements',(#1569,#1475,#1570,#417,#1571,#766,#420,#1572));
#2638= IFCPROPERTYSET('1uxqZaMN5DZvaXYlABdwsn',#5,'PlateBaseQuantities',$,(#423,#424,#1574,#426,#427,#428));
#2639= IFCPROPERTYSET('2G4VbJ3FHA0uP6Kq5boc26',#5,'Pset_PlateCommon','Definition from IAI: Properties common to the definition of all occurrences of IfcPlate.',(#430,#431,#432,#433,#434,#435));
#2640= IFCSHAPEREPRESENTATION(#12,'Body','Brep',(#1558));
#2641= IFCPRODUCTDEFINITIONSHAPE($,$,(#2640));
#2642= IFCCARTESIANPOINT((-14397.4633155002,-5800.8749463083,2686.80266192692));
#2643= IFCAXIS2PLACEMENT3D(#2642,#1353,#624);
#2644= IFCLOCALPLACEMENT(#2142,#2643);
#2645= IFCPLATE('0UUv5EcwrEUOVAkxnIIt6d',#957,'Beamshoe','PL2*22',$,#2644,#2641,'ID1e7b914e-9bad-4e79-87ca-bbbc524b71a7');
#2646= IFCPROPERTYSET('1tVADj8hX0J9d3TDxU8F7u',#5,'Tekla Common','Common Properties to Shared building elements',(#407,#408,#409,#410,#1358,#2476,#413));
#2647= IFCPROPERTYSET('3xgcC8WFrFeRK4DdGV6l4g',#5,'Tekla Quantity','Quantity Properties to Shared building elements',(#1569,#1475,#1570,#417,#1571,#766,#420,#1572));
#2648= IFCPROPERTYSET('34O5xTv3f7Yh66JufdgRZS',#5,'PlateBaseQuantities',$,(#423,#424,#1574,#426,#427,#428));
#2649= IFCPROPERTYSET('1g8UkNViz3hRQWe90fULS2',#5,'Pset_PlateCommon','Definition from IAI: Properties common to the definition of all occurrences of IfcPlate.',(#430,#431,#432,#433,#434,#435));
#2650= IFCSHAPEREPRESENTATION(#12,'Body','Brep',(#1639));
#2651= IFCPRODUCTDEFINITIONSHAPE($,$,(#2650));
#2652= IFCCARTESIANPOINT((-14467.4053598565,-5747.53420200291,2579.14507361729));
#2653= IFCAXIS2PLACEMENT3D(#2652,#2494,#550);
#2654= IFCLOCALPLACEMENT(#2142,#2653);
#2655= IFCPLATE('0urVAkj9X9YPCBPrE$BfRn',#957,'Beamshoe','PL2*45',$,#2654,#2651,'Beams-0(?)');
#2656= IFCPROPERTYSET('05FVMXmZn9iB7WP2Zcc1tu',#5,'Tekla Common','Common Properties to Shared building elements',(#407,#408,#409,#410,#2498,#2103,#413));
#2657= IFCPROPERTYSET('022$u_eErEowb5KTZMv5Ii',#5,'Tekla Quantity','Quantity Properties to Shared building elements',(#1651,#1475,#1652,#1653,#1654,#766,#420,#421));
#2658= IFCPROPERTYSET('095liXsbDFVQSKUEoxwgr3',#5,'PlateBaseQuantities',$,(#423,#424,#1656,#426,#427,#428));
#2659= IFCPROPERTYSET('3r3vPSx$r6dRTd5qBWDebB',#5,'Pset_PlateCommon','Definition from IAI: Properties common to the definition of all occurrences of IfcPlate.',(#430,#431,#432,#433,#434,#435));
#2660= IFCLOCALPLACEMENT(#42,#10);
#2661= IFCELEMENTASSEMBLY('2_5MTjP3HBYxrlFAOSdXuu',#957,'PRUSS',$,$,#2660,$,'S-1',.NOTDEFINED.,.NOTDEFINED.);
#2662= IFCPROPERTYSET('3rJUoCxpb83BLPvgaceC9p',#5,'Tekla Assembly','Assembly Properties',(#2505,#48,#2506,#2408,#2507,#52,#53,#54));
#2663= IFCPROPERTYSET('1WDph4WEP5cQW2oe83LZOZ',#5,'AssemblyBaseQuantities',$,(#2411));
#2664= IFCSHAPEREPRESENTATION(#12,'Body','Brep',(#2618));
#2665= IFCPRODUCTDEFINITIONSHAPE($,$,(#2664));
#2666= IFCCARTESIANPOINT((-14398.792131898,-5776.16312535468,2653.74498667425));
#2667= IFCAXIS2PLACEMENT3D(#2666,#2449,#1466);
#2668= IFCLOCALPLACEMENT(#2660,#2667);
#2669= IFCBEAM('1z0GfuRdvBeB18rhSJNy7g',#957,'PRUSS','45*145',$,#2668,#2665,'P-31');
#2670= IFCPROPERTYSET('0qqa6qjsD0zw1P4FJTjwhl',#5,'Tekla Common','Common Properties to Shared building elements',(#2454,#408,#409,#410,#2545,#2456,#413));
#2671= IFCPROPERTYSET('0b4Jqlf1L23eAT$wyHEfQL',#5,'Tekla Quantity','Quantity Properties to Shared building elements',(#2547,#2411,#1652,#2548,#2549,#766,#2550,#2551));
#2672= IFCPROPERTYSET('2lVpXaGWX4KBSDrAdOJglh',#5,'BeamBaseQuantities',$,(#2547,#2553,#423,#2554));
#2673= IFCPROPERTYSET('0QAM_$Dc96gxy4WDncosI5',#5,'Pset_BeamCommon','Definition from IAI: Properties common to the definition of all occurrences of IfcBeam.',(#430,#693,#2467,#431,#432,#434));
#2674= IFCSHAPEREPRESENTATION(#12,'Body','Brep',(#1602));
#2675= IFCPRODUCTDEFINITIONSHAPE($,$,(#2674));
#2676= IFCCARTESIANPOINT((-14342.4672557138,-5176.29153842141,2686.80267112271));
#2677= IFCAXIS2PLACEMENT3D(#2676,#1353,#624);
#2678= IFCLOCALPLACEMENT(#2166,#2677);
#2679= IFCPLATE('3z_uXgbSTBhBdiUaeJfz30',#957,'Beamshoe','PL2*22',$,#2678,#2675,'IDfdfb886a-95c7-4bac-b9ec-7a4a13a7d0c0');
#2680= IFCPROPERTYSET('2Q_lRzqZT5FhNqTIl6EvLW',#5,'Tekla Common','Common Properties to Shared building elements',(#407,#408,#409,#410,#1358,#2476,#413));
#2681= IFCPROPERTYSET('2wdBWw32X9LwEW2Ny19Ubo',#5,'Tekla Quantity','Quantity Properties to Shared building elements',(#1569,#1475,#1570,#417,#1571,#766,#420,#1572));
#2682= IFCPROPERTYSET('0LUwrOUb1BOxqY1lTzoyd5',#5,'PlateBaseQuantities',$,(#423,#424,#1574,#426,#427,#428));
#2683= IFCPROPERTYSET('0n3fpey3v0CfqwNHYdiC0x',#5,'Pset_PlateCommon','Definition from IAI: Properties common to the definition of all occurrences of IfcPlate.',(#430,#431,#432,#433,#434,#435));
#2684= IFCSHAPEREPRESENTATION(#12,'Body','Brep',(#1558));
#2685= IFCPRODUCTDEFINITIONSHAPE($,$,(#2684));
#2686= IFCCARTESIANPOINT((-14344.8355070925,-5203.18747464652,2686.80267074469));
#2687= IFCAXIS2PLACEMENT3D(#2686,#1353,#624);
#2688= IFCLOCALPLACEMENT(#2166,#2687);
#2689= IFCPLATE('0TelpYPJzFDuB5X6leLDrH',#957,'Beamshoe','PL2*22',$,#2688,#2685,'ID1da2fce2-653f-4f37-82c5-846be854dd51');
#2690= IFCPROPERTYSET('2hSVejoYD4FP5TIsSyooa0',#5,'Tekla Common','Common Properties to Shared building elements',(#407,#408,#409,#410,#1358,#2476,#413));
#2691= IFCPROPERTYSET('2jBBt0CKXBTu_dBglN8kM6',#5,'Tekla Quantity','Quantity Properties to Shared building elements',(#1569,#1475,#1570,#417,#1571,#766,#420,#1572));
#2692= IFCPROPERTYSET('2VS3Pwme1C1vjg947dRTYc',#5,'PlateBaseQuantities',$,(#423,#424,#1574,#426,#427,#428));
#2693= IFCPROPERTYSET('1WqhRT6tD02eAe69x$GYP1',#5,'Pset_PlateCommon','Definition from IAI: Properties common to the definition of all occurrences of IfcPlate.',(#430,#431,#432,#433,#434,#435));
#2694= IFCSHAPEREPRESENTATION(#12,'Body','Brep',(#1639));
#2695= IFCPRODUCTDEFINITIONSHAPE($,$,(#2694));
#2696= IFCCARTESIANPOINT((-14414.7775514487,-5149.84673034092,2579.1450824355));
#2697= IFCAXIS2PLACEMENT3D(#2696,#2494,#550);
#2698= IFCLOCALPLACEMENT(#2166,#2697);
#2699= IFCPLATE('1vwblPw6r79ejMmIe5wZAy',#957,'Beamshoe','PL2*45',$,#2698,#2695,'Beams-0(?)');
#2700= IFCPROPERTYSET('1PrhE3c1f8Pu0P3svnAM40',#5,'Tekla Common','Common Properties to Shared building elements',(#407,#408,#409,#410,#2498,#2103,#413));
#2701= IFCPROPERTYSET('11wQaYxpfCyPsw$NAjoIy2',#5,'Tekla Quantity','Quantity Properties to Shared building elements',(#1651,#1475,#1652,#1653,#1654,#766,#420,#421));
#2702= IFCPROPERTYSET('2aRN1qqvTA6PtbRGteeZ8g',#5,'PlateBaseQuantities',$,(#423,#424,#1656,#426,#427,#428));
#2703= IFCPROPERTYSET('0ymGVFRir3RB6MN0mI4z6p',#5,'Pset_PlateCommon','Definition from IAI: Properties common to the definition of all occurrences of IfcPlate.',(#430,#431,#432,#433,#434,#435));
#2704= IFCLOCALPLACEMENT(#42,#10);
#2705= IFCELEMENTASSEMBLY('0LinstUZjDTekpvwuvs_xk',#957,'PRUSS',$,$,#2704,$,'S-1',.NOTDEFINED.,.NOTDEFINED.);
#2706= IFCPROPERTYSET('09Uq_bLxv0hAgkUv6vEHEV',#5,'Tekla Assembly','Assembly Properties',(#2505,#48,#2506,#2408,#2507,#52,#53,#54));
#2707= IFCPROPERTYSET('1ivO5pEQ1BNgf_7anlvS$4',#5,'AssemblyBaseQuantities',$,(#2411));
#2708= IFCCARTESIANPOINT((-1.72134878084762E-05,72.5000000000132,-22.5));
#2709= IFCCARTESIANPOINT((0.000174826695001684,72.5000000000182,22.5000000000009));
#2710= IFCCARTESIANPOINT((2859.99429302586,72.4999999994402,22.5000000010996));
#2711= IFCCARTESIANPOINT((2859.99410075693,72.4999999994352,-22.4999999989022));
#2712= IFCPOLYLOOP((#2708,#2709,#2710,#2711));
#2713= IFCFACEOUTERBOUND(#2712,.T.);
#2714= IFCFACE((#2713));
#2715= IFCCARTESIANPOINT((0.000174795572092989,-72.5000000000132,22.5000000000018));
#2716= IFCCARTESIANPOINT((2859.99429299473,-72.5000000005907,22.5000000010987));
#2717= IFCPOLYLOOP((#2709,#2715,#2716,#2710));
#2718= IFCFACEOUTERBOUND(#2717,.T.);
#2719= IFCFACE((#2718));
#2720= IFCCARTESIANPOINT((-1.72446107171709E-05,-72.5000000000186,-22.5));
#2721= IFCCARTESIANPOINT((2859.99410072581,-72.5000000005962,-22.4999999989031));
#2722= IFCPOLYLOOP((#2715,#2720,#2721,#2716));
#2723= IFCFACEOUTERBOUND(#2722,.T.);
#2724= IFCFACE((#2723));
#2725= IFCPOLYLOOP((#2720,#2708,#2711,#2721));
#2726= IFCFACEOUTERBOUND(#2725,.T.);
#2727= IFCFACE((#2726));
#2728= IFCPOLYLOOP((#2716,#2721,#2711,#2710));
#2729= IFCFACEOUTERBOUND(#2728,.T.);
#2730= IFCFACE((#2729));
#2731= IFCPOLYLOOP((#2720,#2715,#2709,#2708));
#2732= IFCFACEOUTERBOUND(#2731,.T.);
#2733= IFCFACE((#2732));
#2734= IFCCLOSEDSHELL((#2714,#2719,#2724,#2727,#2730,#2733));
#2735= IFCFACETEDBREP(#2734);
#2736= IFCSTYLEDITEM(#2735,(#2416),$);
#2737= IFCSHAPEREPRESENTATION(#12,'Body','Brep',(#2735));
#2738= IFCPRODUCTDEFINITIONSHAPE($,$,(#2737));
#2739= IFCCARTESIANPOINT((-14346.1643655463,-5178.47564998922,2653.74499484221));
#2740= IFCAXIS2PLACEMENT3D(#2739,#2449,#1466);
#2741= IFCLOCALPLACEMENT(#2704,#2740);
#2742= IFCBEAM('0s6dlQP111TQnqEhkft5iz',#957,'PRUSS','45*145',$,#2741,#2738,'P-31');
#2743= IFCPROPERTYSET('27BlTVLi90VwH2Dw57Gn0r',#5,'Tekla Common','Common Properties to Shared building elements',(#2454,#408,#409,#410,#2545,#2456,#413));
#2744= IFCPROPERTYSET('0T1zYmw41AAOxfp686mwue',#5,'Tekla Quantity','Quantity Properties to Shared building elements',(#2547,#2411,#1652,#2548,#2549,#766,#2550,#2551));
#2745= IFCPROPERTYSET('3kIUxcGtjEXer0yCUKhk$N',#5,'BeamBaseQuantities',$,(#2547,#2553,#423,#2554));
#2746= IFCPROPERTYSET('07HAXCxTLEyOdDrMjct467',#5,'Pset_BeamCommon','Definition from IAI: Properties common to the definition of all occurrences of IfcBeam.',(#430,#693,#2467,#431,#432,#434));
#2747= IFCSHAPEREPRESENTATION(#12,'Body','Brep',(#1602));
#2748= IFCPRODUCTDEFINITIONSHAPE($,$,(#2747));
#2749= IFCCARTESIANPOINT((-14289.839447306,-4578.60406675955,2686.80267994129));
#2750= IFCAXIS2PLACEMENT3D(#2749,#1353,#624);
#2751= IFCLOCALPLACEMENT(#2190,#2750);
#2752= IFCPLATE('3qLkijpS178AtRE7g$4Ev7',#957,'Beamshoe','PL2*22',$,#2751,#2748,'IDf456eb2d-cdc0-4720-addb-387abf10ee47');
#2753= IFCPROPERTYSET('1I5pEEa6z2cg2JhTv4PB5g',#5,'Tekla Common','Common Properties to Shared building elements',(#407,#408,#409,#410,#1358,#2476,#413));
#2754= IFCPROPERTYSET('2gHl4oGpDEmQGZXBxR40Fa',#5,'Tekla Quantity','Quantity Properties to Shared building elements',(#1569,#1475,#1570,#417,#1571,#766,#420,#1572));
#2755= IFCPROPERTYSET('2sypAHT0T2qvK7b$h3eN55',#5,'PlateBaseQuantities',$,(#423,#424,#1574,#426,#427,#428));
#2756= IFCPROPERTYSET('2HF6Grx6X9nBE6dn8PeVgg',#5,'Pset_PlateCommon','Definition from IAI: Properties common to the definition of all occurrences of IfcPlate.',(#430,#431,#432,#433,#434,#435));
#2757= IFCSHAPEREPRESENTATION(#12,'Body','Brep',(#1558));
#2758= IFCPRODUCTDEFINITIONSHAPE($,$,(#2757));
#2759= IFCCARTESIANPOINT((-14292.2076986847,-4605.50000298463,2686.80267956327));
#2760= IFCAXIS2PLACEMENT3D(#2759,#1353,#624);
#2761= IFCLOCALPLACEMENT(#2190,#2760);
#2762= IFCPLATE('2i748AVOv4NRZv0V6zdV3w',#957,'Beamshoe','PL2*22',$,#2761,#2758,'IDac1c420a-7d8e-445d-b8f9-01f1bd9df0fa');
#2763= IFCPROPERTYSET('1zH$TJws56Q8ioGigU6MWH',#5,'Tekla Common','Common Properties to Shared building elements',(#407,#408,#409,#410,#1358,#2476,#413));
#2764= IFCPROPERTYSET('35GVCMqJ58zvKh5bbY8PzF',#5,'Tekla Quantity','Quantity Properties to Shared building elements',(#1569,#1475,#1570,#417,#1571,#766,#420,#1572));
#2765= IFCPROPERTYSET('17SkumU517iQSNQCKAbcRf',#5,'PlateBaseQuantities',$,(#423,#424,#1574,#426,#427,#428));
#2766= IFCPROPERTYSET('0iuE3So9X5feV8d4t5Bq7w',#5,'Pset_PlateCommon','Definition from IAI: Properties common to the definition of all occurrences of IfcPlate.',(#430,#431,#432,#433,#434,#435));
#2767= IFCSHAPEREPRESENTATION(#12,'Body','Brep',(#1639));
#2768= IFCPRODUCTDEFINITIONSHAPE($,$,(#2767));
#2769= IFCCARTESIANPOINT((-14362.1497430409,-4552.15925867892,2579.14509125371));
#2770= IFCAXIS2PLACEMENT3D(#2769,#2494,#550);
#2771= IFCLOCALPLACEMENT(#2190,#2770);
#2772= IFCPLATE('1_k1s9xzbCnP8MSac_rnxG',#957,'Beamshoe','PL2*45',$,#2771,#2768,'Beams-0(?)');
#2773= IFCPROPERTYSET('0h$7gW7d5AkOXSgI6Js5NA',#5,'Tekla Common','Common Properties to Shared building elements',(#407,#408,#409,#410,#2498,#2103,#413));
#2774= IFCPROPERTYSET('1Q8U8H8sPFuAy3nAszhePM',#5,'Tekla Quantity','Quantity Properties to Shared building elements',(#1651,#1475,#1652,#1653,#1654,#766,#420,#421));
#2775= IFCPROPERTYSET('3c6tBgj_r8geIrvWBeXqVY',#5,'PlateBaseQuantities',$,(#423,#424,#1656,#426,#427,#428));
#2776= IFCPROPERTYSET('2MXA2isS506QlRq9mh2er5',#5,'Pset_PlateCommon','Definition from IAI: Properties common to the definition of all occurrences of IfcPlate.',(#430,#431,#432,#433,#434,#435));
#2777= IFCLOCALPLACEMENT(#42,#10);
#2778= IFCELEMENTASSEMBLY('1uvBavSQX9aOiIv1RZVTPD',#957,'PRUSS',$,$,#2777,$,'S-1',.NOTDEFINED.,.NOTDEFINED.);
#2779= IFCPROPERTYSET('1Ut4SgYFTE68FMe$ClPVp2',#5,'Tekla Assembly','Assembly Properties',(#2505,#48,#2506,#2408,#2507,#52,#53,#54));
#2780= IFCPROPERTYSET('2ulWaYmyT6n9sJ951Nr3wA',#5,'AssemblyBaseQuantities',$,(#2411));
#2781= IFCSHAPEREPRESENTATION(#12,'Body','Brep',(#2735));
#2782= IFCPRODUCTDEFINITIONSHAPE($,$,(#2781));
#2783= IFCCARTESIANPOINT((-14293.5365991946,-4580.78817462376,2653.74500301017));
#2784= IFCAXIS2PLACEMENT3D(#2783,#2449,#1466);
#2785= IFCLOCALPLACEMENT(#2777,#2784);
#2786= IFCBEAM('3eBu4pV1P6aRAGSSor7LNT',#957,'PRUSS','45*145',$,#2785,#2782,'P-31');
#2787= IFCPROPERTYSET('0iYs$Gqbv82w_l_01QEgJX',#5,'Tekla Common','Common Properties to Shared building elements',(#2454,#408,#409,#410,#2545,#2456,#413));
#2788= IFCPROPERTYSET('10QliJC0X4u9IZsjrBkiUM',#5,'Tekla Quantity','Quantity Properties to Shared building elements',(#2547,#2411,#1652,#2548,#2549,#766,#2550,#2551));
#2789= IFCPROPERTYSET('3kS$FzbQr2bxPQ3ePfuIjY',#5,'BeamBaseQuantities',$,(#2547,#2553,#423,#2554));
#2790= IFCPROPERTYSET('1T1UgkHMLEUwnT6rV1Qv13',#5,'Pset_BeamCommon','Definition from IAI: Properties common to the definition of all occurrences of IfcBeam.',(#430,#693,#2467,#431,#432,#434));
#2791= IFCSHAPEREPRESENTATION(#12,'Body','Brep',(#1602));
#2792= IFCPRODUCTDEFINITIONSHAPE($,$,(#2791));
#2793= IFCCARTESIANPOINT((-14237.2116388988,-3980.91659509772,2686.80268875969));
#2794= IFCAXIS2PLACEMENT3D(#2793,#1353,#624);
#2795= IFCLOCALPLACEMENT(#2214,#2794);
#2796= IFCPLATE('3KQNjwKDP9s9UNNojdLCbC',#957,'Beamshoe','PL2*22',$,#2795,#2792,'IDd4697b7a-50d6-49d8-9797-5f2b6754c94c');
#2797= IFCPROPERTYSET('0V2zewPk94exgJRYL7vwvi',#5,'Tekla Common','Common Properties to Shared building elements',(#407,#408,#409,#410,#1358,#2476,#413));
#2798= IFCPROPERTYSET('3S_VOyJBbBJBogPgZO9BLY',#5,'Tekla Quantity','Quantity Properties to Shared building elements',(#1569,#1475,#1570,#417,#1571,#766,#420,#1572));
#2799= IFCPROPERTYSET('1mlRYV5D91Cx0GsxiayeZD',#5,'PlateBaseQuantities',$,(#423,#424,#1574,#426,#427,#428));
#2800= IFCPROPERTYSET('2Z$iVBIdn9VOcC_6ODVOHK',#5,'Pset_PlateCommon','Definition from IAI: Properties common to the definition of all occurrences of IfcPlate.',(#430,#431,#432,#433,#434,#435));
#2801= IFCSHAPEREPRESENTATION(#12,'Body','Brep',(#1558));
#2802= IFCPRODUCTDEFINITIONSHAPE($,$,(#2801));
#2803= IFCCARTESIANPOINT((-14239.5798902774,-4007.8125313227,2686.80268838168));
#2804= IFCAXIS2PLACEMENT3D(#2803,#1353,#624);
#2805= IFCLOCALPLACEMENT(#2214,#2804);
#2806= IFCPLATE('24EEnzWNf6PxRW7utEq_NA',#957,'Beamshoe','PL2*22',$,#2805,#2802,'ID8438ec7d-817a-4667-b6e0-1f8dced3e5ca');
#2807= IFCPROPERTYSET('2ePgLvrJbFOepsxt4CV9zk',#5,'Tekla Common','Common Properties to Shared building elements',(#407,#408,#409,#410,#1358,#2476,#413));
#2808= IFCPROPERTYSET('0bf3PSpYnE9hgXm7H54QIi',#5,'Tekla Quantity','Quantity Properties to Shared building elements',(#1569,#1475,#1570,#417,#1571,#766,#420,#1572));
#2809= IFCPROPERTYSET('3$sUBsDC17XgddHMb6LUhD',#5,'PlateBaseQuantities',$,(#423,#424,#1574,#426,#427,#428));
#2810= IFCPROPERTYSET('2IwMMpgVr3kfOZpgwTdffw',#5,'Pset_PlateCommon','Definition from IAI: Properties common to the definition of all occurrences of IfcPlate.',(#430,#431,#432,#433,#434,#435));
#2811= IFCSHAPEREPRESENTATION(#12,'Body','Brep',(#1639));
#2812= IFCPRODUCTDEFINITIONSHAPE($,$,(#2811));
#2813= IFCCARTESIANPOINT((-14309.5219346336,-3954.47178701684,2579.14510007191));
#2814= IFCAXIS2PLACEMENT3D(#2813,#2494,#550);
#2815= IFCLOCALPLACEMENT(#2214,#2814);
#2816= IFCPLATE('3ZgmpBAab0rwCT9SI7BmxS',#957,'Beamshoe','PL2*45',$,#2815,#2812,'Beams-0(?)');
#2817= IFCPROPERTYSET('3yEfeIK6LFAw35Daz0lgU5',#5,'Tekla Common','Common Properties to Shared building elements',(#407,#408,#409,#410,#2498,#2103,#413));
#2818= IFCPROPERTYSET('28oepv6Cv39g495Quoi5KS',#5,'Tekla Quantity','Quantity Properties to Shared building elements',(#1651,#1475,#1652,#1653,#1654,#766,#420,#421));
#2819= IFCPROPERTYSET('3bEqZQf0T0kf$U3vzipQ54',#5,'PlateBaseQuantities',$,(#423,#424,#1656,#426,#427,#428));
#2820= IFCPROPERTYSET('0Hu7TextP0ier5h3ybiBY9',#5,'Pset_PlateCommon','Definition from IAI: Properties common to the definition of all occurrences of IfcPlate.',(#430,#431,#432,#433,#434,#435));
#2821= IFCLOCALPLACEMENT(#42,#10);
#2822= IFCELEMENTASSEMBLY('0en3frLQP6cvrwDnWL2TIS',#957,'PRUSS',$,$,#2821,$,'S-1',.NOTDEFINED.,.NOTDEFINED.);
#2823= IFCPROPERTYSET('26xFjndRP5bRug5st8h71h',#5,'Tekla Assembly','Assembly Properties',(#2505,#48,#2506,#2408,#2507,#52,#53,#54));
#2824= IFCPROPERTYSET('2iGtvebL53m8irwr28ZEB$',#5,'AssemblyBaseQuantities',$,(#2411));
#2825= IFCCARTESIANPOINT((0.00013260308696772,72.5000000000186,22.5));
#2826= IFCPOLYLOOP((#2708,#2825,#2710,#2711));
#2827= IFCFACEOUTERBOUND(#2826,.T.);
#2828= IFCFACE((#2827));
#2829= IFCPOLYLOOP((#2825,#2715,#2716,#2710));
#2830= IFCFACEOUTERBOUND(#2829,.T.);
#2831= IFCFACE((#2830));
#2832= IFCCARTESIANPOINT((-5.94682005612412E-05,-72.5000000000173,-22.5000000000018));
#2833= IFCPOLYLOOP((#2715,#2832,#2721,#2716));
#2834= IFCFACEOUTERBOUND(#2833,.T.);
#2835= IFCFACE((#2834));
#2836= IFCPOLYLOOP((#2832,#2708,#2711,#2721));
#2837= IFCFACEOUTERBOUND(#2836,.T.);
#2838= IFCFACE((#2837));
#2839= IFCPOLYLOOP((#2832,#2715,#2825,#2708));
#2840= IFCFACEOUTERBOUND(#2839,.T.);
#2841= IFCFACE((#2840));
#2842= IFCCLOSEDSHELL((#2828,#2831,#2835,#2838,#2730,#2841));
#2843= IFCFACETEDBREP(#2842);
#2844= IFCSTYLEDITEM(#2843,(#2416),$);
#2845= IFCSHAPEREPRESENTATION(#12,'Body','Brep',(#2843));
#2846= IFCPRODUCTDEFINITIONSHAPE($,$,(#2845));
#2847= IFCCARTESIANPOINT((-14240.9088328429,-3983.1006992583,2653.74501117813));
#2848= IFCAXIS2PLACEMENT3D(#2847,#2449,#1466);
#2849= IFCLOCALPLACEMENT(#2821,#2848);
#2850= IFCBEAM('3yhwmJ7Of78vXbzQ8FLJLh',#957,'PRUSS','45*145',$,#2849,#2846,'P-31');
#2851= IFCPROPERTYSET('21SSQ9jBv5oPv$DUIRRFuU',#5,'Tekla Common','Common Properties to Shared building elements',(#2454,#408,#409,#410,#2545,#2456,#413));
#2852= IFCPROPERTYSET('2EvSJfgSHFxf4jyJ570oOW',#5,'Tekla Quantity','Quantity Properties to Shared building elements',(#2547,#2411,#1652,#2548,#2549,#766,#2550,#2551));
#2853= IFCPROPERTYSET('0ttIPD0zvBQPmh3G9aT2aA',#5,'BeamBaseQuantities',$,(#2547,#2553,#423,#2554));
#2854= IFCPROPERTYSET('16A44eLpz2fBMZCyWASvdy',#5,'Pset_BeamCommon','Definition from IAI: Properties common to the definition of all occurrences of IfcBeam.',(#430,#693,#2467,#431,#432,#434));
#2855= IFCSHAPEREPRESENTATION(#12,'Body','Brep',(#1602));
#2856= IFCPRODUCTDEFINITIONSHAPE($,$,(#2855));
#2857= IFCCARTESIANPOINT((-14184.5838304909,-3383.22912343589,2686.80269757766));
#2858= IFCAXIS2PLACEMENT3D(#2857,#1353,#624);
#2859= IFCLOCALPLACEMENT(#2238,#2858);
#2860= IFCPLATE('0t7r2Vgyj8bxO14kC5phyl',#957,'Beamshoe','PL2*22',$,#2859,#2856,'ID371f509f-abcb-4897-b601-12e305cebf2f');
#2861= IFCPROPERTYSET('24VvT0C650TQP1U90iX03q',#5,'Tekla Common','Common Properties to Shared building elements',(#407,#408,#409,#410,#1358,#2476,#413));
#2862= IFCPROPERTYSET('2GiSCLZzL8I9_jmNTXRvcD',#5,'Tekla Quantity','Quantity Properties to Shared building elements',(#1569,#1475,#1570,#417,#1571,#766,#420,#1572));
#2863= IFCPROPERTYSET('1EzEAEJlr55Pq6elW7AS4r',#5,'PlateBaseQuantities',$,(#423,#424,#1574,#426,#427,#428));
#2864= IFCPROPERTYSET('3hHdGWz1f9KR6OmxzX2Ris',#5,'Pset_PlateCommon','Definition from IAI: Properties common to the definition of all occurrences of IfcPlate.',(#430,#431,#432,#433,#434,#435));
#2865= IFCSHAPEREPRESENTATION(#12,'Body','Brep',(#1558));
#2866= IFCPRODUCTDEFINITIONSHAPE($,$,(#2865));
#2867= IFCCARTESIANPOINT((-14186.9520818695,-3410.12505966086,2686.80269719964));
#2868= IFCAXIS2PLACEMENT3D(#2867,#1353,#624);
#2869= IFCLOCALPLACEMENT(#2238,#2868);
#2870= IFCPLATE('2SywUcNjzC$QEojK5$EOkL',#957,'Beamshoe','PL2*22',$,#2869,#2866,'ID9cf3a7a6-5edf-4cfd-a3b2-b5417f398b95');
#2871= IFCPROPERTYSET('1yFpogPvP96fhdWirC6SI5',#5,'Tekla Common','Common Properties to Shared building elements',(#407,#408,#409,#410,#1358,#2476,#413));
#2872= IFCPROPERTYSET('1hg07SfPP03xI8jiiemwpN',#5,'Tekla Quantity','Quantity Properties to Shared building elements',(#1569,#1475,#1570,#417,#1571,#766,#420,#1572));
#2873= IFCPROPERTYSET('2vD1glp$bDX8Xn$N40Ad5x',#5,'PlateBaseQuantities',$,(#423,#424,#1574,#426,#427,#428));
#2874= IFCPROPERTYSET('3QClDvsmj2yeGO8BHjSIBO',#5,'Pset_PlateCommon','Definition from IAI: Properties common to the definition of all occurrences of IfcPlate.',(#430,#431,#432,#433,#434,#435));
#2875= IFCSHAPEREPRESENTATION(#12,'Body','Brep',(#1639));
#2876= IFCPRODUCTDEFINITIONSHAPE($,$,(#2875));
#2877= IFCCARTESIANPOINT((-14256.8941262257,-3356.78431535486,2579.14510889013));
#2878= IFCAXIS2PLACEMENT3D(#2877,#2494,#550);
#2879= IFCLOCALPLACEMENT(#2238,#2878);
#2880= IFCPLATE('3iS4obkJHFw8g1iWXnhSOJ',#957,'Beamshoe','PL2*45',$,#2879,#2876,'Beams-0(?)');
#2881= IFCPROPERTYSET('0l0HRMUaD8igxi21b$Y9FK',#5,'Tekla Common','Common Properties to Shared building elements',(#407,#408,#409,#410,#2498,#2103,#413));
#2882= IFCPROPERTYSET('2Oi$u6$BLFkOjFtqYNxfIK',#5,'Tekla Quantity','Quantity Properties to Shared building elements',(#1651,#1475,#1652,#1653,#1654,#766,#420,#421));
#2883= IFCPROPERTYSET('0QhLS2tGLFRhaGsGoHXXjC',#5,'PlateBaseQuantities',$,(#423,#424,#1656,#426,#427,#428));
#2884= IFCPROPERTYSET('1hjjjkggvCbOAZeCI5gd9U',#5,'Pset_PlateCommon','Definition from IAI: Properties common to the definition of all occurrences of IfcPlate.',(#430,#431,#432,#433,#434,#435));
#2885= IFCLOCALPLACEMENT(#42,#10);
#2886= IFCELEMENTASSEMBLY('1xfi3RSjHB$RnOAzE0__ZA',#957,'PRUSS',$,$,#2885,$,'S-1',.NOTDEFINED.,.NOTDEFINED.);
#2887= IFCPROPERTYSET('3k7aGiFpjC2gy1YRiAcfPh',#5,'Tekla Assembly','Assembly Properties',(#2505,#48,#2506,#2408,#2507,#52,#53,#54));
#2888= IFCPROPERTYSET('0H5gqg3Lv7e9OY7aYBVor3',#5,'AssemblyBaseQuantities',$,(#2411));
#2889= IFCCARTESIANPOINT((-0.000143882934935391,72.5000000000127,-22.5000000000009));
#2890= IFCCARTESIANPOINT((4.81572296848753E-05,72.5000000000182,22.5000000000009));
#2891= IFCCARTESIANPOINT((2859.99417547522,72.4999999994384,22.4999999998026));
#2892= IFCCARTESIANPOINT((2859.99398320632,72.4999999994338,-22.5000000001992));
#2893= IFCPOLYLOOP((#2889,#2890,#2891,#2892));
#2894= IFCFACEOUTERBOUND(#2893,.T.);
#2895= IFCFACE((#2894));
#2896= IFCCARTESIANPOINT((4.81261031382019E-05,-72.5000000000127,22.5000000000018));
#2897= IFCCARTESIANPOINT((2859.9941754441,-72.5000000005925,22.4999999998026));
#2898= IFCPOLYLOOP((#2890,#2896,#2897,#2891));
#2899= IFCFACEOUTERBOUND(#2898,.T.);
#2900= IFCFACE((#2899));
#2901= IFCCARTESIANPOINT((-0.000143914059663075,-72.5000000000182,-22.5000000000009));
#2902= IFCCARTESIANPOINT((2859.99398317519,-72.5000000005975,-22.5000000001992));
#2903= IFCPOLYLOOP((#2896,#2901,#2902,#2897));
#2904= IFCFACEOUTERBOUND(#2903,.T.);
#2905= IFCFACE((#2904));
#2906= IFCPOLYLOOP((#2901,#2889,#2892,#2902));
#2907= IFCFACEOUTERBOUND(#2906,.T.);
#2908= IFCFACE((#2907));
#2909= IFCPOLYLOOP((#2897,#2902,#2892,#2891));
#2910= IFCFACEOUTERBOUND(#2909,.T.);
#2911= IFCFACE((#2910));
#2912= IFCPOLYLOOP((#2901,#2896,#2890,#2889));
#2913= IFCFACEOUTERBOUND(#2912,.T.);
#2914= IFCFACE((#2913));
#2915= IFCCLOSEDSHELL((#2895,#2900,#2905,#2908,#2911,#2914));
#2916= IFCFACETEDBREP(#2915);
#2917= IFCSTYLEDITEM(#2916,(#2416),$);
#2918= IFCSHAPEREPRESENTATION(#12,'Body','Brep',(#2916));
#2919= IFCPRODUCTDEFINITIONSHAPE($,$,(#2918));
#2920= IFCCARTESIANPOINT((-14188.2810664912,-3385.41322389285,2653.74501934609));
#2921= IFCAXIS2PLACEMENT3D(#2920,#2449,#1466);
#2922= IFCLOCALPLACEMENT(#2885,#2921);
#2923= IFCBEAM('3fZz0T0cLBDAhMvhF$wJy1',#957,'PRUSS','45*145',$,#2922,#2919,'P-31');
#2924= IFCPROPERTYSET('2mrV7pfYDBFOcpnfJfHl0S',#5,'Tekla Common','Common Properties to Shared building elements',(#2454,#408,#409,#410,#2545,#2456,#413));
#2925= IFCPROPERTYSET('2noGn03z576gbwKe_WUsP8',#5,'Tekla Quantity','Quantity Properties to Shared building elements',(#2547,#2411,#1652,#2548,#2549,#766,#2550,#2551));
#2926= IFCPROPERTYSET('1QGp7tm4D65v$wXvk5wf0O',#5,'BeamBaseQuantities',$,(#2547,#2553,#423,#2554));
#2927= IFCPROPERTYSET('3Ox7VCBhLDz9rV6hhXCi3R',#5,'Pset_BeamCommon','Definition from IAI: Properties common to the definition of all occurrences of IfcBeam.',(#430,#693,#2467,#431,#432,#434));
#2928= IFCSHAPEREPRESENTATION(#12,'Body','Brep',(#1602));
#2929= IFCPRODUCTDEFINITIONSHAPE($,$,(#2928));
#2930= IFCCARTESIANPOINT((-14131.956022083,-2785.54165177406,2686.80270639656));
#2931= IFCAXIS2PLACEMENT3D(#2930,#1353,#624);
#2932= IFCLOCALPLACEMENT(#2262,#2931);
#2933= IFCPLATE('0BSW2WCzb6pu66u4Hxhjb$',#957,'Beamshoe','PL2*22',$,#2932,#2929,'ID0b7200a0-33d9-46cf-8186-e0447baed97f');
#2934= IFCPROPERTYSET('35JKsUAXjBmPgEQqPOacfY',#5,'Tekla Common','Common Properties to Shared building elements',(#407,#408,#409,#410,#1358,#2476,#413));
#2935= IFCPROPERTYSET('0nxr$SbbL3y9gtzsRFSCgl',#5,'Tekla Quantity','Quantity Properties to Shared building elements',(#1569,#1475,#1570,#417,#1571,#766,#420,#1572));
#2936= IFCPROPERTYSET('2om5H3WOX5dQGNzvH2YmWO',#5,'PlateBaseQuantities',$,(#423,#424,#1574,#426,#427,#428));
#2937= IFCPROPERTYSET('24LeyI4eH99PHv4KEgG0_G',#5,'Pset_PlateCommon','Definition from IAI: Properties common to the definition of all occurrences of IfcPlate.',(#430,#431,#432,#433,#434,#435));
#2938= IFCSHAPEREPRESENTATION(#12,'Body','Brep',(#1558));
#2939= IFCPRODUCTDEFINITIONSHAPE($,$,(#2938));
#2940= IFCCARTESIANPOINT((-14134.3242734616,-2812.43758799902,2686.80270601855));
#2941= IFCAXIS2PLACEMENT3D(#2940,#1353,#624);
#2942= IFCLOCALPLACEMENT(#2262,#2941);
#2943= IFCPLATE('26wnq63cXC4ODWTaw_GGbd',#957,'Beamshoe','PL2*22',$,#2942,#2939,'ID86eb1d06-0e68-4c11-8360-764ebe410967');
#2944= IFCPROPERTYSET('0Wxlzke5P38PytQKzJ02iF',#5,'Tekla Common','Common Properties to Shared building elements',(#407,#408,#409,#410,#1358,#2476,#413));
#2945= IFCPROPERTYSET('3lXLJIYJL7c92jR1bMy03S',#5,'Tekla Quantity','Quantity Properties to Shared building elements',(#1569,#1475,#1570,#417,#1571,#766,#420,#1572));
#2946= IFCPROPERTYSET('1zEmQR5uX8EPSo7Zz012DJ',#5,'PlateBaseQuantities',$,(#423,#424,#1574,#426,#427,#428));
#2947= IFCPROPERTYSET('2l659dg9H7WgJQHD6QFGpe',#5,'Pset_PlateCommon','Definition from IAI: Properties common to the definition of all occurrences of IfcPlate.',(#430,#431,#432,#433,#434,#435));
#2948= IFCSHAPEREPRESENTATION(#12,'Body','Brep',(#1639));
#2949= IFCPRODUCTDEFINITIONSHAPE($,$,(#2948));
#2950= IFCCARTESIANPOINT((-14204.2663178178,-2759.09684369288,2579.14511770834));
#2951= IFCAXIS2PLACEMENT3D(#2950,#2494,#550);
#2952= IFCLOCALPLACEMENT(#2262,#2951);
#2953= IFCPLATE('0Lbdqk3kHAePpYU9$zaQKh',#957,'Beamshoe','PL2*45',$,#2952,#2949,'Beams-0(?)');
#2954= IFCPROPERTYSET('2p3v0oAUb0WvIe1IibA3bq',#5,'Tekla Common','Common Properties to Shared building elements',(#407,#408,#409,#410,#2498,#2103,#413));
#2955= IFCPROPERTYSET('0gY_egctL0_9Jvr5M$KLE6',#5,'Tekla Quantity','Quantity Properties to Shared building elements',(#1651,#1475,#1652,#1653,#1654,#766,#420,#421));
#2956= IFCPROPERTYSET('11v6PLE9b7T8926egcnczH',#5,'PlateBaseQuantities',$,(#423,#424,#1656,#426,#427,#428));
#2957= IFCPROPERTYSET('1Sr6t_IwjFtgwtXbHgsH6m',#5,'Pset_PlateCommon','Definition from IAI: Properties common to the definition of all occurrences of IfcPlate.',(#430,#431,#432,#433,#434,#435));
#2958= IFCLOCALPLACEMENT(#42,#10);
#2959= IFCELEMENTASSEMBLY('2KIUpVTeT6juoRTuxOlHGR',#957,'PRUSS',$,$,#2958,$,'S-1',.NOTDEFINED.,.NOTDEFINED.);
#2960= IFCPROPERTYSET('2w3WYCUSjECRxOAJFXeLx6',#5,'Tekla Assembly','Assembly Properties',(#2505,#48,#2506,#2408,#2507,#52,#53,#54));
#2961= IFCPROPERTYSET('3nvHTfRgfBHgMh6JWsIqE6',#5,'AssemblyBaseQuantities',$,(#2411));
#2962= IFCSHAPEREPRESENTATION(#12,'Body','Brep',(#2916));
#2963= IFCPRODUCTDEFINITIONSHAPE($,$,(#2962));
#2964= IFCCARTESIANPOINT((-14135.6533001394,-2787.72574852739,2653.74502751405));
#2965= IFCAXIS2PLACEMENT3D(#2964,#2449,#1466);
#2966= IFCLOCALPLACEMENT(#2958,#2965);
#2967= IFCBEAM('3hmpv7rQb7WAc2o84W$MW7',#957,'PRUSS','45*145',$,#2966,#2963,'P-31');
#2968= IFCPROPERTYSET('3T_OyzI3bFOA8MCVeIYx8e',#5,'Tekla Common','Common Properties to Shared building elements',(#2454,#408,#409,#410,#2545,#2456,#413));
#2969= IFCPROPERTYSET('2wW5uWEFr58Pw0CJr9M0S9',#5,'Tekla Quantity','Quantity Properties to Shared building elements',(#2547,#2411,#1652,#2548,#2549,#766,#2550,#2551));
#2970= IFCPROPERTYSET('3EXc6LxSD5uQim5mvBqPdG',#5,'BeamBaseQuantities',$,(#2547,#2553,#423,#2554));
#2971= IFCPROPERTYSET('180Ej1uOzBW8ySibV6KvH4',#5,'Pset_BeamCommon','Definition from IAI: Properties common to the definition of all occurrences of IfcBeam.',(#430,#693,#2467,#431,#432,#434));
#2972= IFCLOCALPLACEMENT(#42,#10);
#2973= IFCELEMENTASSEMBLY('01cVMiaHv2XPSyuAh0DkY_',#958,'Beamshoe',$,$,#2972,$,'Beamsh-0(?)',.NOTDEFINED.,.NOTDEFINED.);
#2974= IFCPROPERTYSET('0ikK_OAjPFJB81eCm15i8o',#5,'Tekla Assembly','Assembly Properties',(#1415,#48,#2093,#2094,#1418,#52,#53,#54));
#2975= IFCPROPERTYSET('1RN5zm9I58CQXhOR57gel3',#5,'AssemblyBaseQuantities',$,(#1420));
#2976= IFCSHAPEREPRESENTATION(#12,'Body','Brep',(#1461));
#2977= IFCPRODUCTDEFINITIONSHAPE($,$,(#2976));
#2978= IFCCARTESIANPOINT((-14155.6580768991,-2207.23468906576,2578.14537096226));
#2979= IFCDIRECTION((-0.0153271206911559,0.00147655097274992,0.999881442556338));
#2980= IFCDIRECTION((0.996028074017323,-0.0876982950015253,0.015397559000269));
#2981= IFCAXIS2PLACEMENT3D(#2978,#2979,#2980);
#2982= IFCLOCALPLACEMENT(#2972,#2981);
#2983= IFCPLATE('2Rs59wiCzFkQ7CwT7k3rJx',#958,'Beamshoe','PL2*75',$,#2982,#2977,'ID9bd8527a-b0cf-4fb9-a1cc-e9d1ee0f54fb');
#2984= IFCPROPERTYSET('3Ke43KIVT8lgy0QcTuo0M9',#5,'Tekla Common','Common Properties to Shared building elements',(#407,#408,#409,#410,#1358,#2103,#413));
#2985= IFCPROPERTYSET('3mDcPV6i1BA9yiCnQCoPmF',#5,'Tekla Quantity','Quantity Properties to Shared building elements',(#1474,#1475,#1476,#1477,#1478,#766,#420,#1479));
#2986= IFCPROPERTYSET('1ZBZCl5Dj3YfxjbCwzMesT',#5,'PlateBaseQuantities',$,(#423,#424,#1481,#426,#427,#428));
#2987= IFCPROPERTYSET('1fy2nv6kD2T93jahXOm0ie',#5,'Pset_PlateCommon','Definition from IAI: Properties common to the definition of all occurrences of IfcPlate.',(#430,#431,#432,#433,#434,#435));
#2988= IFCSHAPEREPRESENTATION(#12,'Body','Brep',(#1515));
#2989= IFCPRODUCTDEFINITIONSHAPE($,$,(#2988));
#2990= IFCCARTESIANPOINT((-14076.8334695211,-2166.993208415,2579.30006193112));
#2991= IFCDIRECTION((-0.996028074017323,0.0876982950015288,-0.0153975590002682));
#2992= IFCAXIS2PLACEMENT3D(#2990,#1121,#2991);
#2993= IFCLOCALPLACEMENT(#2972,#2992);
#2994= IFCPLATE('0tdg_tN710JvqICp1okNBg',#958,'Beamshoe','PL2*75',$,#2993,#2989,'ID379eafb7-5c70-404f-9d12-333072b972ea');
#2995= IFCPROPERTYSET('3SKP$rIPP658En0tE0kWxI',#5,'Tekla Common','Common Properties to Shared building elements',(#407,#408,#409,#410,#1358,#2103,#413));
#2996= IFCPROPERTYSET('0o_PgM$Z537xTIcaw5utio',#5,'Tekla Quantity','Quantity Properties to Shared building elements',(#1474,#1475,#1476,#1477,#1478,#766,#420,#1479));
#2997= IFCPROPERTYSET('35oX7TXcn1iwFZgjBc1fam',#5,'PlateBaseQuantities',$,(#423,#424,#1481,#426,#427,#428));
#2998= IFCPROPERTYSET('1ELjLBM412ZfI8HmYdTJY2',#5,'Pset_PlateCommon','Definition from IAI: Properties common to the definition of all occurrences of IfcPlate.',(#430,#431,#432,#433,#434,#435));
#2999= IFCCARTESIANPOINT((-0.0123325428867247,-0.99999999996362,97.5003675682051));
#3000= IFCCARTESIANPOINT((-0.0123325428871794,1.00000000003456,97.5003675682051));
#3001= IFCPOLYLOOP((#1424,#2999,#3000,#1427));
#3002= IFCFACEOUTERBOUND(#3001,.T.);
#3003= IFCFACE((#3002));
#3004= IFCCARTESIANPOINT((1.98766747313039,-0.99999999996362,97.5003675682065));
#3005= IFCCARTESIANPOINT((1.98766747312993,1.00000000003456,97.5003675682065));
#3006= IFCPOLYLOOP((#2999,#3004,#3005,#3000));
#3007= IFCFACEOUTERBOUND(#3006,.T.);
#3008= IFCFACE((#3007));
#3009= IFCCARTESIANPOINT((21.9901973761657,-0.999999999979991,77.500367568211));
#3010= IFCCARTESIANPOINT((21.9901973761657,1.00000000001819,77.5003675682105));
#3011= IFCPOLYLOOP((#3004,#3009,#3010,#3005));
#3012= IFCFACEOUTERBOUND(#3011,.T.);
#3013= IFCFACE((#3012));
#3014= IFCPOLYLOOP((#3009,#1543,#1544,#3010));
#3015= IFCFACEOUTERBOUND(#3014,.T.);
#3016= IFCFACE((#3015));
#3017= IFCPOLYLOOP((#3005,#3010,#1544,#1427,#3000));
#3018= IFCFACEOUTERBOUND(#3017,.T.);
#3019= IFCFACE((#3018));
#3020= IFCPOLYLOOP((#1543,#3009,#3004,#2999,#1424));
#3021= IFCFACEOUTERBOUND(#3020,.T.);
#3022= IFCFACE((#3021));
#3023= IFCCLOSEDSHELL((#3003,#3008,#3013,#3016,#1550,#3019,#3022));
#3024= IFCFACETEDBREP(#3023);
#3025= IFCSTYLEDITEM(#3024,(#1423),$);
#3026= IFCSHAPEREPRESENTATION(#12,'Body','Brep',(#3024));
#3027= IFCPRODUCTDEFINITIONSHAPE($,$,(#3026));
#3028= IFCCARTESIANPOINT((-14081.6953155808,-2214.73717233668,2686.80208243752));
#3029= IFCAXIS2PLACEMENT3D(#3028,#1353,#624);
#3030= IFCLOCALPLACEMENT(#2972,#3029);
#3031= IFCPLATE('0urYoYbnzB9QyBtOvPudB8',#958,'Beamshoe','PL2*22',$,#3030,#3027,'ID38d62ca2-971f-4b25-af0b-dd8e59e272c8');
#3032= IFCPROPERTYSET('2_6cdqtvvFQxnftv5CisA9',#5,'Tekla Common','Common Properties to Shared building elements',(#407,#408,#409,#410,#1358,#2476,#413));
#3033= IFCPROPERTYSET('0CEmAAk4n8Ze8cLoqAIngl',#5,'Tekla Quantity','Quantity Properties to Shared building elements',(#1569,#1475,#1570,#417,#1571,#766,#420,#1572));
#3034= IFCPROPERTYSET('12Qi1NAm9AghuDVkcImsUx',#5,'PlateBaseQuantities',$,(#423,#424,#1574,#426,#427,#428));
#3035= IFCPROPERTYSET('0aJ4nLiBn8T9jKSRzLR0z_',#5,'Pset_PlateCommon','Definition from IAI: Properties common to the definition of all occurrences of IfcPlate.',(#430,#431,#432,#433,#434,#435));
#3036= IFCSHAPEREPRESENTATION(#12,'Body','Brep',(#1602));
#3037= IFCPRODUCTDEFINITIONSHAPE($,$,(#3036));
#3038= IFCCARTESIANPOINT((-14079.3282568564,-2187.85478093256,2686.80208284411));
#3039= IFCAXIS2PLACEMENT3D(#3038,#1353,#624);
#3040= IFCLOCALPLACEMENT(#2972,#3039);
#3041= IFCPLATE('2hYJQm9BH0gRWB1ZbM8rus',#958,'Beamshoe','PL2*22',$,#3040,#3037,'IDab8936b0-24b4-40a9-b80b-063956235e36');
#3042= IFCPROPERTYSET('0mWqvB6AXDmRiFdzlP9OOC',#5,'Tekla Common','Common Properties to Shared building elements',(#407,#408,#409,#410,#1358,#2476,#413));
#3043= IFCPROPERTYSET('1304BiwnnFzeNpmNt4hbZB',#5,'Tekla Quantity','Quantity Properties to Shared building elements',(#1569,#1475,#1570,#417,#1571,#766,#420,#1572));
#3044= IFCPROPERTYSET('1kGjl8BtL5cxMTCGcQs8Zr',#5,'PlateBaseQuantities',$,(#423,#424,#1574,#426,#427,#428));
#3045= IFCPROPERTYSET('0cFA8PvsXErux_yhTBf9Du',#5,'Pset_PlateCommon','Definition from IAI: Properties common to the definition of all occurrences of IfcPlate.',(#430,#431,#432,#433,#434,#435));
#3046= IFCSHAPEREPRESENTATION(#12,'Body','Brep',(#1639));
#3047= IFCPRODUCTDEFINITIONSHAPE($,$,(#3046));
#3048= IFCCARTESIANPOINT((-14151.6386219794,-2161.41063187591,2579.14512650956));
#3049= IFCAXIS2PLACEMENT3D(#3048,#2494,#550);
#3050= IFCLOCALPLACEMENT(#2972,#3049);
#3051= IFCPLATE('0kdmieadb3Sf_IcjVfw8kB',#958,'Beamshoe','PL2*45',$,#3050,#3047,'Beams-0(?)');
#3052= IFCPROPERTYSET('18l55GxFn9Xwzon1e1dIgq',#5,'Tekla Common','Common Properties to Shared building elements',(#407,#408,#409,#410,#2498,#2103,#413));
#3053= IFCPROPERTYSET('35kbm4gOz8DOm9tvohgiJr',#5,'Tekla Quantity','Quantity Properties to Shared building elements',(#1651,#1475,#1652,#1653,#1654,#766,#420,#421));
#3054= IFCPROPERTYSET('13WRDU6u17OON35qDXdg$g',#5,'PlateBaseQuantities',$,(#423,#424,#1656,#426,#427,#428));
#3055= IFCPROPERTYSET('0q5R3FqK57zvj_WNIg$yrD',#5,'Pset_PlateCommon','Definition from IAI: Properties common to the definition of all occurrences of IfcPlate.',(#430,#431,#432,#433,#434,#435));
#3056= IFCOWNERHISTORY(#3,#4,$,.NOCHANGE.,$,$,$,1752573600);
#3057= IFCLOCALPLACEMENT(#42,#10);
#3058= IFCELEMENTASSEMBLY('3bZVVlfXj3th2u8GJkiiVQ',#3056,'POSTI VUNDAMENT',$,$,#3057,$,'V-1',.NOTDEFINED.,.NOTDEFINED.);
#3059= IFCPROPERTYSINGLEVALUE('Assembly/Cast unit Mark',$,IFCLABEL('V-1'),$);
#3060= IFCPROPERTYSINGLEVALUE('Assembly/Cast unit top elevation',$,IFCLABEL(' -0.165'),$);
#3061= IFCPROPERTYSINGLEVALUE('Assembly/Cast unit bottom elevation',$,IFCLABEL(' -1.100'),$);
#3062= IFCPROPERTYSINGLEVALUE('Assembly/Cast unit weight',$,IFCMASSMEASURE(631.1),$);
#3063= IFCPROPERTYSINGLEVALUE('Cast unit rebar weight',$,IFCMASSMEASURE(13.8),$);
#3064= IFCPROPERTYSINGLEVALUE('Cast unit type',$,IFCLABEL('Cast in place'),$);
#3065= IFCPROPERTYSET('0sHVDhi010Ve3e9VSuP49I',#5,'Tekla Assembly','Assembly Properties',(#3059,#48,#3060,#3061,#3062,#3063,#53,#3064));
#3066= IFCPROPERTYSINGLEVALUE('Width',$,IFCLENGTHMEASURE(800.),$);
#3067= IFCPROPERTYSET('0GWi42QW95FOU89l174W6Q',#5,'AssemblyBaseQuantities',$,(#3066));
#3068= IFCLOCALPLACEMENT(#3057,#10);
#3069= IFCELEMENTASSEMBLY('3AsLs2feLFZez8_Wlj$h6f',#3056,'HPM16L',$,$,#3068,$,'EB_HPM16L-1',.NOTDEFINED.,.NOTDEFINED.);
#3070= IFCPROPERTYSINGLEVALUE('Assembly/Cast unit Mark',$,IFCLABEL('EB_HPM16L-1'),$);
#3071= IFCPROPERTYSINGLEVALUE('Assembly/Cast unit bottom elevation',$,IFCLABEL(' -0.305'),$);
#3072= IFCPROPERTYSINGLEVALUE('Assembly/Cast unit weight',$,IFCMASSMEASURE(0.2),$);
#3073= IFCPROPERTYSET('3Zh$bymgP3jhQdPsspMZlw',#5,'Tekla Assembly','Assembly Properties',(#3070,#48,#3060,#3071,#3072,#52,#53,#54));
#3074= IFCPROPERTYSINGLEVALUE('Width',$,IFCLENGTHMEASURE(16.),$);
#3075= IFCPROPERTYSET('02f_lDcHz94giL0FcvTo3Q',#5,'AssemblyBaseQuantities',$,(#3074));
#3076= IFCCOLOURRGB('Light Red',0.905882352941176,0.325490196078431,0.36078431372549);
#3077= IFCSURFACESTYLERENDERING(#3076,0.,$,$,$,$,IFCNORMALISEDRATIOMEASURE(0.00390625),IFCSPECULAREXPONENT(10.),.NOTDEFINED.);
#3078= IFCSURFACESTYLE('STEEL/Steel_Undefined',.POSITIVE.,(#3077));
#3079= IFCPRESENTATIONSTYLEASSIGNMENT((#3078));
#3080= IFCCARTESIANPOINT((0.,-7.99999999999818,-2.72848410531878E-12));
#3081= IFCCARTESIANPOINT((0.,-5.65685424948788,-5.65685424949334));
#3082= IFCCARTESIANPOINT((140.,-5.65685424948788,-5.65685424949334));
#3083= IFCCARTESIANPOINT((140.,-7.99999999999818,-2.72848410531878E-12));
#3084= IFCPOLYLOOP((#3080,#3081,#3082,#3083));
#3085= IFCFACEOUTERBOUND(#3084,.T.);
#3086= IFCFACE((#3085));
#3087= IFCCARTESIANPOINT((0.,3.63797880709171E-12,-7.99999999999727));
#3088= IFCCARTESIANPOINT((140.,3.63797880709171E-12,-7.99999999999727));
#3089= IFCPOLYLOOP((#3081,#3087,#3088,#3082));
#3090= IFCFACEOUTERBOUND(#3089,.T.);
#3091= IFCFACE((#3090));
#3092= IFCCARTESIANPOINT((0.,5.65685424949334,-5.65685424948788));
#3093= IFCCARTESIANPOINT((140.,5.65685424949334,-5.65685424948788));
#3094= IFCPOLYLOOP((#3087,#3092,#3093,#3088));
#3095= IFCFACEOUTERBOUND(#3094,.T.);
#3096= IFCFACE((#3095));
#3097= IFCCARTESIANPOINT((0.,7.99999999999636,4.54747350886464E-12));
#3098= IFCCARTESIANPOINT((140.,7.99999999999636,4.54747350886464E-12));
#3099= IFCPOLYLOOP((#3092,#3097,#3098,#3093));
#3100= IFCFACEOUTERBOUND(#3099,.T.);
#3101= IFCFACE((#3100));
#3102= IFCCARTESIANPOINT((0.,5.65685424948606,5.65685424949424));
#3103= IFCCARTESIANPOINT((140.,5.65685424948606,5.65685424949424));
#3104= IFCPOLYLOOP((#3097,#3102,#3103,#3098));
#3105= IFCFACEOUTERBOUND(#3104,.T.);
#3106= IFCFACE((#3105));
#3107= IFCCARTESIANPOINT((0.,-3.63797880709171E-12,7.99999999999818));
#3108= IFCCARTESIANPOINT((140.,-3.63797880709171E-12,7.99999999999818));
#3109= IFCPOLYLOOP((#3102,#3107,#3108,#3103));
#3110= IFCFACEOUTERBOUND(#3109,.T.);
#3111= IFCFACE((#3110));
#3112= IFCCARTESIANPOINT((0.,-5.65685424949334,5.65685424948879));
#3113= IFCCARTESIANPOINT((140.,-5.65685424949334,5.65685424948879));
#3114= IFCPOLYLOOP((#3107,#3112,#3113,#3108));
#3115= IFCFACEOUTERBOUND(#3114,.T.);
#3116= IFCFACE((#3115));
#3117= IFCPOLYLOOP((#3112,#3080,#3083,#3113));
#3118= IFCFACEOUTERBOUND(#3117,.T.);
#3119= IFCFACE((#3118));
#3120= IFCPOLYLOOP((#3088,#3093,#3098,#3103,#3108,#3113,#3083,#3082));
#3121= IFCFACEOUTERBOUND(#3120,.T.);
#3122= IFCFACE((#3121));
#3123= IFCPOLYLOOP((#3112,#3107,#3102,#3097,#3092,#3087,#3081,#3080));
#3124= IFCFACEOUTERBOUND(#3123,.T.);
#3125= IFCFACE((#3124));
#3126= IFCCLOSEDSHELL((#3086,#3091,#3096,#3101,#3106,#3111,#3116,#3119,#3122,#3125));
#3127= IFCFACETEDBREP(#3126);
#3128= IFCSTYLEDITEM(#3127,(#3079),$);
#3129= IFCSHAPEREPRESENTATION(#12,'Body','Brep',(#3127));
#3130= IFCPRODUCTDEFINITIONSHAPE($,$,(#3129));
#3131= IFCCARTESIANPOINT((-14237.7558131625,-5925.91696653489,-165.));
#3132= IFCDIRECTION((0.,0.,-1.));
#3133= IFCAXIS2PLACEMENT3D(#3131,#624,#3132);
#3134= IFCLOCALPLACEMENT(#3068,#3133);
#3135= IFCBEAM('2xKn3t3vvAu9HMHma8Vpll',#3056,'HPM16L','D16',$,#3134,#3130,'EB_HPM16L-1');
#3136= IFCBEAMTYPE('3qiAhB_zb4AONalBMrE7SV',#5,'D16',$,$,$,$,$,$,.NOTDEFINED.);
#3137= IFCPROPERTYSINGLEVALUE('Class',$,IFCLABEL('100'),$);
#3138= IFCPROPERTYSINGLEVALUE('Top elevation',$,IFCLABEL(' -0.165'),$);
#3139= IFCPROPERTYSINGLEVALUE('Bottom elevation',$,IFCLABEL(' -0.305'),$);
#3140= IFCPROPERTYSET('0NGdGvyrr5Vv$Y3yI5zMTH',#5,'Tekla Common','Common Properties to Shared building elements',(#3137,#408,#409,#410,#3138,#3139,#413));
#3141= IFCPROPERTYSINGLEVALUE('Length',$,IFCLENGTHMEASURE(140.),$);
#3142= IFCPROPERTYSINGLEVALUE('Height',$,IFCLENGTHMEASURE(16.),$);
#3143= IFCPROPERTYSINGLEVALUE('Area per tons',$,IFCAREAMEASURE(36.291),$);
#3144= IFCPROPERTYSINGLEVALUE('Weight',$,IFCMASSMEASURE(0.2),$);
#3145= IFCPROPERTYSET('0XvVBoFFL2PxuBZlVYLf7x',#5,'Tekla Quantity','Quantity Properties to Shared building elements',(#3141,#3074,#3142,#1653,#3143,#766,#420,#3144));
#3146= IFCPROPERTYSINGLEVALUE('NetWeight',$,IFCMASSMEASURE(0.2),$);
#3147= IFCPROPERTYSET('3an03RhKz2ruNyy7H4OvkV',#5,'BeamBaseQuantities',$,(#3141,#690,#423,#3146));
#3148= IFCPROPERTYSET('1_TavKOPzB6hQgKKfDNpb1',#5,'Pset_BeamCommon','Definition from IAI: Properties common to the definition of all occurrences of IfcBeam.',(#430,#693,#770,#431,#432,#434));
#3149= IFCSURFACESTYLE('Undefined',.POSITIVE.,(#3077));
#3150= IFCPRESENTATIONSTYLEASSIGNMENT((#3149));
#3151= IFCCARTESIANPOINT((0.,12.1243556529821,6.99999999999999));
#3152= IFCCARTESIANPOINT((0.,12.1243556529821,-7.00000000000001));
#3153= IFCCARTESIANPOINT((0.,-5.44009282066327E-15,-14.));
#3154= IFCCARTESIANPOINT((0.,-12.1243556529821,-7.));
#3155= IFCCARTESIANPOINT((0.,-12.1243556529821,7.));
#3156= IFCCARTESIANPOINT((0.,0.,14.));
#3157= IFCPOLYLOOP((#3151,#3152,#3153,#3154,#3155,#3156));
#3158= IFCFACEOUTERBOUND(#3157,.T.);
#3159= IFCFACE((#3158));
#3160= IFCCARTESIANPOINT((13.,-12.1243556529821,7.));
#3161= IFCCARTESIANPOINT((13.,0.,14.));
#3162= IFCPOLYLOOP((#3156,#3155,#3160,#3161));
#3163= IFCFACEOUTERBOUND(#3162,.T.);
#3164= IFCFACE((#3163));
#3165= IFCCARTESIANPOINT((13.,-12.1243556529821,-7.));
#3166= IFCPOLYLOOP((#3155,#3154,#3165,#3160));
#3167= IFCFACEOUTERBOUND(#3166,.T.);
#3168= IFCFACE((#3167));
#3169= IFCCARTESIANPOINT((13.,-5.44009282066327E-15,-14.));
#3170= IFCPOLYLOOP((#3154,#3153,#3169,#3165));
#3171= IFCFACEOUTERBOUND(#3170,.T.);
#3172= IFCFACE((#3171));
#3173= IFCCARTESIANPOINT((13.,12.1243556529821,-7.00000000000001));
#3174= IFCPOLYLOOP((#3153,#3152,#3173,#3169));
#3175= IFCFACEOUTERBOUND(#3174,.T.);
#3176= IFCFACE((#3175));
#3177= IFCCARTESIANPOINT((13.,12.1243556529821,6.99999999999999));
#3178= IFCPOLYLOOP((#3152,#3151,#3177,#3173));
#3179= IFCFACEOUTERBOUND(#3178,.T.);
#3180= IFCFACE((#3179));
#3181= IFCPOLYLOOP((#3151,#3156,#3161,#3177));
#3182= IFCFACEOUTERBOUND(#3181,.T.);
#3183= IFCFACE((#3182));
#3184= IFCPOLYLOOP((#3161,#3160,#3165,#3169,#3173,#3177));
#3185= IFCFACEOUTERBOUND(#3184,.T.);
#3186= IFCFACE((#3185));
#3187= IFCCLOSEDSHELL((#3159,#3164,#3168,#3172,#3176,#3180,#3183,#3186));
#3188= IFCFACETEDBREP(#3187);
#3189= IFCSTYLEDITEM(#3188,(#3150),$);
#3190= IFCSHAPEREPRESENTATION(#12,'Body','Brep',(#3188));
#3191= IFCREPRESENTATIONMAP(#10,#3190);
#3192= IFCMAPPEDITEM(#3191,#276);
#3193= IFCSHAPEREPRESENTATION(#12,'Body','MappedRepresentation',(#3192));
#3194= IFCPRODUCTDEFINITIONSHAPE($,$,(#3193));
#3195= IFCCARTESIANPOINT((-14237.7558131625,-5925.91696653489,-197.));
#3196= IFCDIRECTION((-0.521953009880581,0.852974240804846,0.));
#3197= IFCAXIS2PLACEMENT3D(#3195,#3196,#3132);
#3198= IFCLOCALPLACEMENT(#3068,#3197);
#3199= IFCREINFORCINGBAR('2dt7p7Xo12fwytyttLFLjE',#3056,'EB_NUT',$,$,#3198,#3194,'IDa7dc7cc7-8720-42a7-af37-f37dd53d5b4e',$,28.,0.,$,.NOTDEFINED.,$);
#3200= IFCPROPERTYSINGLEVALUE('Rebar set GUID',$,$,$);
#3201= IFCPROPERTYSINGLEVALUE('Rebar set group GUID',$,$,$);
#3202= IFCPROPERTYSINGLEVALUE('Cast unit mark',$,IFCLABEL('EB_HPM16L-1'),$);
#3203= IFCPROPERTYSINGLEVALUE('Spacing exact',$,IFCLABEL(''),$);
#3204= IFCPROPERTYSINGLEVALUE('Spacing target',$,IFCLENGTHMEASURE(0.),$);
#3205= IFCPROPERTYSINGLEVALUE('Group type',$,IFCINTEGER(0),$);
#3206= IFCPROPERTYSINGLEVALUE('Layer',$,IFCIDENTIFIER(''),$);
#3207= IFCPROPERTYSINGLEVALUE('Name',$,IFCLABEL('EB_NUT'),$);
#3208= IFCPROPERTYSET('1Qow8nJjf1dQJCzxonAhlA',#5,'Tekla Reinforcement - General','Reinforcement Properties',(#3200,#3201,#408,#3202,#3203,#3204,#3205,#3206,#3207));
#3209= IFCPROPERTYSINGLEVALUE('TD',$,$,$);
#3210= IFCPROPERTYSINGLEVALUE('v',$,$,$);
#3211= IFCPROPERTYSINGLEVALUE('u',$,$,$);
#3212= IFCPROPERTYSINGLEVALUE('t',$,$,$);
#3213= IFCPROPERTYSINGLEVALUE('s',$,$,$);
#3214= IFCPROPERTYSINGLEVALUE('y',$,$,$);
#3215= IFCPROPERTYSINGLEVALUE('x',$,$,$);
#3216= IFCPROPERTYSINGLEVALUE('r',$,$,$);
#3217= IFCPROPERTYSINGLEVALUE('o',$,$,$);
#3218= IFCPROPERTYSINGLEVALUE('k2',$,$,$);
#3219= IFCPROPERTYSINGLEVALUE('k1',$,$,$);
#3220= IFCPROPERTYSINGLEVALUE('j',$,$,$);
#3221= IFCPROPERTYSINGLEVALUE('i',$,$,$);
#3222= IFCPROPERTYSINGLEVALUE('h2',$,$,$);
#3223= IFCPROPERTYSINGLEVALUE('h1',$,$,$);
#3224= IFCPROPERTYSINGLEVALUE('g',$,$,$);
#3225= IFCPROPERTYSINGLEVALUE('f',$,$,$);
#3226= IFCPROPERTYSINGLEVALUE('e',$,$,$);
#3227= IFCPROPERTYSINGLEVALUE('d',$,$,$);
#3228= IFCPROPERTYSINGLEVALUE('c',$,$,$);
#3229= IFCPROPERTYSINGLEVALUE('b',$,$,$);
#3230= IFCPROPERTYSINGLEVALUE('a',$,IFCLENGTHMEASURE(13.),$);
#3231= IFCPROPERTYSINGLEVALUE('Weight total in group',$,IFCMASSMEASURE(0.),$);
#3232= IFCPROPERTYSINGLEVALUE('Weight',$,IFCMASSMEASURE(0.04),$);
#3233= IFCPROPERTYSINGLEVALUE('Length',$,IFCLENGTHMEASURE(10.),$);
#3234= IFCPROPERTYSINGLEVALUE('Shape',$,IFCIDENTIFIER('A'),$);
#3235= IFCPROPERTYSINGLEVALUE('Size',$,IFCIDENTIFIER('24'),$);
#3236= IFCPROPERTYSINGLEVALUE('Grade',$,IFCLABEL('Undefined'),$);
#3237= IFCPROPERTYSINGLEVALUE('Number of bars in group',$,IFCINTEGER(1),$);
#3238= IFCPROPERTYSINGLEVALUE('Group position number',$,IFCIDENTIFIER('1'),$);
#3239= IFCPROPERTYSET('1OshdDqvX4E8sble4F0aIm',#5,'Tekla Reinforcement - Bending List','Reinforcement Properties 1',(#3209,#3210,#3211,#3212,#3213,#3214,#3215,#3216,#3217,#3218,#3219,#3220,#3221,#3222,#3223,#3224,#3225,#3226,#3227,#3228,#3229,#3230,#3231,#3232,#3233,#3234,#3235,#3236,#3237,#3238));
#3240= IFCPROPERTYSINGLEVALUE('Lap length - End',$,$,$);
#3241= IFCPROPERTYSINGLEVALUE('Lap length - Start',$,$,$);
#3242= IFCPROPERTYSINGLEVALUE('Thread length - End',$,$,$);
#3243= IFCPROPERTYSINGLEVALUE('Thread length - Start',$,$,$);
#3244= IFCPROPERTYSINGLEVALUE('Thread type - End',$,$,$);
#3245= IFCPROPERTYSINGLEVALUE('Thread type - Start',$,$,$);
#3246= IFCPROPERTYSINGLEVALUE('Anchor / Coupler - End',$,$,$);
#3247= IFCPROPERTYSINGLEVALUE('Anchor / Coupler - Start',$,$,$);
#3248= IFCPROPERTYSET('0FIl2c9LjCeAEMRR3mQM31',#5,'Tekla Reinforcement - End Conditions','Reinforcement Properties 2',(#3240,#3241,#3242,#3243,#3244,#3245,#3246,#3247));
#3249= IFCCARTESIANPOINT((0.,18.6195461813654,10.75));
#3250= IFCCARTESIANPOINT((0.,18.6195461813654,-10.75));
#3251= IFCCARTESIANPOINT((0.,-8.3544282603043E-15,-21.5));
#3252= IFCCARTESIANPOINT((0.,-18.6195461813654,-10.75));
#3253= IFCCARTESIANPOINT((0.,-18.6195461813654,10.75));
#3254= IFCCARTESIANPOINT((0.,0.,21.5));
#3255= IFCPOLYLOOP((#3249,#3250,#3251,#3252,#3253,#3254));
#3256= IFCFACEOUTERBOUND(#3255,.T.);
#3257= IFCFACE((#3256));
#3258= IFCCARTESIANPOINT((5.,-18.6195461813654,10.75));
#3259= IFCCARTESIANPOINT((5.,0.,21.5));
#3260= IFCPOLYLOOP((#3254,#3253,#3258,#3259));
#3261= IFCFACEOUTERBOUND(#3260,.T.);
#3262= IFCFACE((#3261));
#3263= IFCCARTESIANPOINT((5.,-18.6195461813654,-10.75));
#3264= IFCPOLYLOOP((#3253,#3252,#3263,#3258));
#3265= IFCFACEOUTERBOUND(#3264,.T.);
#3266= IFCFACE((#3265));
#3267= IFCCARTESIANPOINT((5.,-8.3544282603043E-15,-21.5));
#3268= IFCPOLYLOOP((#3252,#3251,#3267,#3263));
#3269= IFCFACEOUTERBOUND(#3268,.T.);
#3270= IFCFACE((#3269));
#3271= IFCCARTESIANPOINT((5.,18.6195461813654,-10.75));
#3272= IFCPOLYLOOP((#3251,#3250,#3271,#3267));
#3273= IFCFACEOUTERBOUND(#3272,.T.);
#3274= IFCFACE((#3273));
#3275= IFCCARTESIANPOINT((5.,18.6195461813654,10.75));
#3276= IFCPOLYLOOP((#3250,#3249,#3275,#3271));
#3277= IFCFACEOUTERBOUND(#3276,.T.);
#3278= IFCFACE((#3277));
#3279= IFCPOLYLOOP((#3249,#3254,#3259,#3275));
#3280= IFCFACEOUTERBOUND(#3279,.T.);
#3281= IFCFACE((#3280));
#3282= IFCPOLYLOOP((#3259,#3258,#3263,#3267,#3271,#3275));
#3283= IFCFACEOUTERBOUND(#3282,.T.);
#3284= IFCFACE((#3283));
#3285= IFCCLOSEDSHELL((#3257,#3262,#3266,#3270,#3274,#3278,#3281,#3284));
#3286= IFCFACETEDBREP(#3285);
#3287= IFCSTYLEDITEM(#3286,(#3150),$);
#3288= IFCSHAPEREPRESENTATION(#12,'Body','Brep',(#3286));
#3289= IFCREPRESENTATIONMAP(#10,#3288);
#3290= IFCMAPPEDITEM(#3289,#276);
#3291= IFCSHAPEREPRESENTATION(#12,'Body','MappedRepresentation',(#3290));
#3292= IFCPRODUCTDEFINITIONSHAPE($,$,(#3291));
#3293= IFCCARTESIANPOINT((-14237.7558131625,-5925.91696653489,-210.));
#3294= IFCAXIS2PLACEMENT3D(#3293,#3196,#3132);
#3295= IFCLOCALPLACEMENT(#3068,#3294);
#3296= IFCREINFORCINGBAR('01e1l17ArFkOz$rA$UgWlm',#3056,'EB_WASHER',$,$,#3295,#3292,'ID01a01bc1-1cad-4fb9-8f7f-d4afdeaa0bf0',$,43.,0.,$,.NOTDEFINED.,$);
#3297= IFCPROPERTYSINGLEVALUE('Name',$,IFCLABEL('EB_WASHER'),$);
#3298= IFCPROPERTYSET('2ok_S4IK5Dp9cOvkb$DFOz',#5,'Tekla Reinforcement - General','Reinforcement Properties',(#3200,#3201,#408,#3202,#3203,#3204,#3205,#3206,#3297));
#3299= IFCPROPERTYSINGLEVALUE('a',$,IFCLENGTHMEASURE(5.),$);
#3300= IFCPROPERTYSINGLEVALUE('Length',$,IFCLENGTHMEASURE(5.),$);
#3301= IFCPROPERTYSINGLEVALUE('Size',$,IFCIDENTIFIER('38'),$);
#3302= IFCPROPERTYSINGLEVALUE('Group position number',$,IFCIDENTIFIER('2'),$);
#3303= IFCPROPERTYSET('0Jt618pNH4CATSchY0WtHi',#5,'Tekla Reinforcement - Bending List','Reinforcement Properties 1',(#3209,#3210,#3211,#3212,#3213,#3214,#3215,#3216,#3217,#3218,#3219,#3220,#3221,#3222,#3223,#3224,#3225,#3226,#3227,#3228,#3229,#3299,#3231,#421,#3300,#3234,#3301,#3236,#3237,#3302));
#3304= IFCPROPERTYSET('2mcR7kKFP5ifT11AWKP$Be',#5,'Tekla Reinforcement - End Conditions','Reinforcement Properties 2',(#3240,#3241,#3242,#3243,#3244,#3245,#3246,#3247));
#3305= IFCCARTESIANPOINT((0.,8.22724133595217,4.74999999999999));
#3306= IFCCARTESIANPOINT((0.,8.22724133595217,-4.75));
#3307= IFCCARTESIANPOINT((0.,-3.69149155687865E-15,-9.5));
#3308= IFCCARTESIANPOINT((0.,-8.22724133595217,-4.75));
#3309= IFCCARTESIANPOINT((0.,-8.22724133595217,4.75));
#3310= IFCCARTESIANPOINT((0.,0.,9.5));
#3311= IFCPOLYLOOP((#3305,#3306,#3307,#3308,#3309,#3310));
#3312= IFCFACEOUTERBOUND(#3311,.T.);
#3313= IFCFACE((#3312));
#3314= IFCCARTESIANPOINT((128.,-8.22724133595217,4.75));
#3315= IFCCARTESIANPOINT((128.,0.,9.5));
#3316= IFCPOLYLOOP((#3310,#3309,#3314,#3315));
#3317= IFCFACEOUTERBOUND(#3316,.T.);
#3318= IFCFACE((#3317));
#3319= IFCCARTESIANPOINT((128.,-8.22724133595217,-4.75));
#3320= IFCPOLYLOOP((#3309,#3308,#3319,#3314));
#3321= IFCFACEOUTERBOUND(#3320,.T.);
#3322= IFCFACE((#3321));
#3323= IFCCARTESIANPOINT((128.,-3.69149155687865E-15,-9.5));
#3324= IFCPOLYLOOP((#3308,#3307,#3323,#3319));
#3325= IFCFACEOUTERBOUND(#3324,.T.);
#3326= IFCFACE((#3325));
#3327= IFCCARTESIANPOINT((128.,8.22724133595217,-4.75));
#3328= IFCPOLYLOOP((#3307,#3306,#3327,#3323));
#3329= IFCFACEOUTERBOUND(#3328,.T.);
#3330= IFCFACE((#3329));
#3331= IFCCARTESIANPOINT((128.,8.22724133595217,4.74999999999999));
#3332= IFCPOLYLOOP((#3306,#3305,#3331,#3327));
#3333= IFCFACEOUTERBOUND(#3332,.T.);
#3334= IFCFACE((#3333));
#3335= IFCPOLYLOOP((#3305,#3310,#3315,#3331));
#3336= IFCFACEOUTERBOUND(#3335,.T.);
#3337= IFCFACE((#3336));
#3338= IFCPOLYLOOP((#3315,#3314,#3319,#3323,#3327,#3331));
#3339= IFCFACEOUTERBOUND(#3338,.T.);
#3340= IFCFACE((#3339));
#3341= IFCCLOSEDSHELL((#3313,#3318,#3322,#3326,#3330,#3334,#3337,#3340));
#3342= IFCFACETEDBREP(#3341);
#3343= IFCSTYLEDITEM(#3342,(#3150),$);
#3344= IFCSHAPEREPRESENTATION(#12,'Body','Brep',(#3342));
#3345= IFCREPRESENTATIONMAP(#10,#3344);
#3346= IFCMAPPEDITEM(#3345,#276);
#3347= IFCSHAPEREPRESENTATION(#12,'Body','MappedRepresentation',(#3346));
#3348= IFCPRODUCTDEFINITIONSHAPE($,$,(#3347));
#3349= IFCCARTESIANPOINT((-14237.7558131625,-5925.91696653489,-305.));
#3350= IFCAXIS2PLACEMENT3D(#3349,#3196,#3132);
#3351= IFCLOCALPLACEMENT(#3068,#3350);
#3352= IFCREINFORCINGBAR('2$leelHrf9_Ov9KvlOxOo5',#3056,'EB_REBAR',$,$,#3351,#3348,'IDbfbe8a2f-475a-49f9-8e49-539bd8ed8c85',$,19.,0.,$,.NOTDEFINED.,$);
#3353= IFCPROPERTYSINGLEVALUE('Name',$,IFCLABEL('EB_REBAR'),$);
#3354= IFCPROPERTYSET('1NtcmlfyPAC9OWio2eDzvZ',#5,'Tekla Reinforcement - General','Reinforcement Properties',(#3200,#3201,#408,#3202,#3203,#3204,#3205,#3206,#3353));
#3355= IFCPROPERTYSINGLEVALUE('a',$,IFCLENGTHMEASURE(128.),$);
#3356= IFCPROPERTYSINGLEVALUE('Weight total in group',$,IFCMASSMEASURE(0.2),$);
#3357= IFCPROPERTYSINGLEVALUE('Length',$,IFCLENGTHMEASURE(125.),$);
#3358= IFCPROPERTYSINGLEVALUE('Size',$,IFCIDENTIFIER('16'),$);
#3359= IFCPROPERTYSINGLEVALUE('Group position number',$,IFCIDENTIFIER('3'),$);
#3360= IFCPROPERTYSET('078piQGx5AvhOxP30Zrd$1',#5,'Tekla Reinforcement - Bending List','Reinforcement Properties 1',(#3209,#3210,#3211,#3212,#3213,#3214,#3215,#3216,#3217,#3218,#3219,#3220,#3221,#3222,#3223,#3224,#3225,#3226,#3227,#3228,#3229,#3355,#3356,#3144,#3357,#3234,#3358,#3236,#3237,#3359));
#3361= IFCPROPERTYSET('3porkM0of1q8eEujyYkevI',#5,'Tekla Reinforcement - End Conditions','Reinforcement Properties 2',(#3240,#3241,#3242,#3243,#3244,#3245,#3246,#3247));
#3362= IFCCARTESIANPOINT((0.,19.9185842870421,11.5));
#3363= IFCCARTESIANPOINT((0.,19.9185842870421,-11.5));
#3364= IFCCARTESIANPOINT((0.,-8.93729534823251E-15,-23.));
#3365= IFCCARTESIANPOINT((0.,-19.9185842870421,-11.5));
#3366= IFCCARTESIANPOINT((0.,-19.9185842870421,11.5));
#3367= IFCCARTESIANPOINT((0.,0.,23.));
#3368= IFCPOLYLOOP((#3362,#3363,#3364,#3365,#3366,#3367));
#3369= IFCFACEOUTERBOUND(#3368,.T.);
#3370= IFCFACE((#3369));
#3371= IFCCARTESIANPOINT((12.,-19.9185842870421,11.5));
#3372= IFCCARTESIANPOINT((12.,0.,23.));
#3373= IFCPOLYLOOP((#3367,#3366,#3371,#3372));
#3374= IFCFACEOUTERBOUND(#3373,.T.);
#3375= IFCFACE((#3374));
#3376= IFCCARTESIANPOINT((12.,-19.9185842870421,-11.5));
#3377= IFCPOLYLOOP((#3366,#3365,#3376,#3371));
#3378= IFCFACEOUTERBOUND(#3377,.T.);
#3379= IFCFACE((#3378));
#3380= IFCCARTESIANPOINT((12.,-8.93729534823251E-15,-23.));
#3381= IFCPOLYLOOP((#3365,#3364,#3380,#3376));
#3382= IFCFACEOUTERBOUND(#3381,.T.);
#3383= IFCFACE((#3382));
#3384= IFCCARTESIANPOINT((12.,19.9185842870421,-11.5));
#3385= IFCPOLYLOOP((#3364,#3363,#3384,#3380));
#3386= IFCFACEOUTERBOUND(#3385,.T.);
#3387= IFCFACE((#3386));
#3388= IFCCARTESIANPOINT((12.,19.9185842870421,11.5));
#3389= IFCPOLYLOOP((#3363,#3362,#3388,#3384));
#3390= IFCFACEOUTERBOUND(#3389,.T.);
#3391= IFCFACE((#3390));
#3392= IFCPOLYLOOP((#3362,#3367,#3372,#3388));
#3393= IFCFACEOUTERBOUND(#3392,.T.);
#3394= IFCFACE((#3393));
#3395= IFCPOLYLOOP((#3372,#3371,#3376,#3380,#3384,#3388));
#3396= IFCFACEOUTERBOUND(#3395,.T.);
#3397= IFCFACE((#3396));
#3398= IFCCLOSEDSHELL((#3370,#3375,#3379,#3383,#3387,#3391,#3394,#3397));
#3399= IFCFACETEDBREP(#3398);
#3400= IFCSTYLEDITEM(#3399,(#3150),$);
#3401= IFCSHAPEREPRESENTATION(#12,'Body','Brep',(#3399));
#3402= IFCREPRESENTATIONMAP(#10,#3401);
#3403= IFCMAPPEDITEM(#3402,#276);
#3404= IFCSHAPEREPRESENTATION(#12,'Body','MappedRepresentation',(#3403));
#3405= IFCPRODUCTDEFINITIONSHAPE($,$,(#3404));
#3406= IFCCARTESIANPOINT((-14237.7558131625,-5925.91696653489,-433.));
#3407= IFCAXIS2PLACEMENT3D(#3406,#3196,#3132);
#3408= IFCLOCALPLACEMENT(#3068,#3407);
#3409= IFCREINFORCINGBAR('322MD_1B5BYAN6unMbDJm5',#3056,'EB_STUD',$,$,#3408,#3405,'IDc209637e-04b1-4b88-a5c6-e315a5353c05',$,46.,0.,$,.NOTDEFINED.,$);
#3410= IFCPROPERTYSINGLEVALUE('Name',$,IFCLABEL('EB_STUD'),$);
#3411= IFCPROPERTYSET('3amc$jeKPCJgsrthkzvE69',#5,'Tekla Reinforcement - General','Reinforcement Properties',(#3200,#3201,#408,#3202,#3203,#3204,#3205,#3206,#3410));
#3412= IFCPROPERTYSINGLEVALUE('a',$,IFCLENGTHMEASURE(12.),$);
#3413= IFCPROPERTYSINGLEVALUE('Weight total in group',$,IFCMASSMEASURE(0.1),$);
#3414= IFCPROPERTYSINGLEVALUE('Weight',$,IFCMASSMEASURE(0.1),$);
#3415= IFCPROPERTYSINGLEVALUE('Size',$,IFCIDENTIFIER('40'),$);
#3416= IFCPROPERTYSINGLEVALUE('Group position number',$,IFCIDENTIFIER('4'),$);
#3417= IFCPROPERTYSET('31wHzLOkf2ORHH6AG5igXp',#5,'Tekla Reinforcement - Bending List','Reinforcement Properties 1',(#3209,#3210,#3211,#3212,#3213,#3214,#3215,#3216,#3217,#3218,#3219,#3220,#3221,#3222,#3223,#3224,#3225,#3226,#3227,#3228,#3229,#3412,#3413,#3414,#3233,#3234,#3415,#3236,#3237,#3416));
#3418= IFCPROPERTYSET('1Rjg$g$I9Dseqpm3bXiW5U',#5,'Tekla Reinforcement - End Conditions','Reinforcement Properties 2',(#3240,#3241,#3242,#3243,#3244,#3245,#3246,#3247));
#3419= IFCMAPPEDITEM(#3289,#276);
#3420= IFCSHAPEREPRESENTATION(#12,'Body','MappedRepresentation',(#3419));
#3421= IFCPRODUCTDEFINITIONSHAPE($,$,(#3420));
#3422= IFCCARTESIANPOINT((-14237.7558131625,-5925.91696653489,-230.));
#3423= IFCAXIS2PLACEMENT3D(#3422,#3196,#3132);
#3424= IFCLOCALPLACEMENT(#3068,#3423);
#3425= IFCREINFORCINGBAR('04h5Ixk75Fv87uPyqNjLi2',#3056,'EB_WASHER',$,$,#3424,#3421,'ID04ac54bb-b871-4fe4-81f8-67cd17b55b02',$,43.,0.,$,.NOTDEFINED.,$);
#3426= IFCPROPERTYSET('0XpyN$v8jAVRS93CD$vRt8',#5,'Tekla Reinforcement - General','Reinforcement Properties',(#3200,#3201,#408,#3202,#3203,#3204,#3205,#3206,#3297));
#3427= IFCPROPERTYSET('2BrnAUcAjEnRVQle9h219f',#5,'Tekla Reinforcement - Bending List','Reinforcement Properties 1',(#3209,#3210,#3211,#3212,#3213,#3214,#3215,#3216,#3217,#3218,#3219,#3220,#3221,#3222,#3223,#3224,#3225,#3226,#3227,#3228,#3229,#3299,#3231,#421,#3300,#3234,#3301,#3236,#3237,#3302));
#3428= IFCPROPERTYSET('3ZXPBEJqX19P7MnrvauWkK',#5,'Tekla Reinforcement - End Conditions','Reinforcement Properties 2',(#3240,#3241,#3242,#3243,#3244,#3245,#3246,#3247));
#3429= IFCMAPPEDITEM(#3191,#276);
#3430= IFCSHAPEREPRESENTATION(#12,'Body','MappedRepresentation',(#3429));
#3431= IFCPRODUCTDEFINITIONSHAPE($,$,(#3430));
#3432= IFCCARTESIANPOINT((-14237.7558131625,-5925.91696653489,-235.));
#3433= IFCAXIS2PLACEMENT3D(#3432,#3196,#3132);
#3434= IFCLOCALPLACEMENT(#3068,#3433);
#3435= IFCREINFORCINGBAR('2Ie$yqZSP8zBf02459ZjwK',#3056,'EB_NUT',$,$,#3434,#3431,'ID92a3ff34-8dc6-48f4-ba40-0841498ede94',$,28.,0.,$,.NOTDEFINED.,$);
#3436= IFCPROPERTYSET('0thFDJu457kOlZWZfGQGLA',#5,'Tekla Reinforcement - General','Reinforcement Properties',(#3200,#3201,#408,#3202,#3203,#3204,#3205,#3206,#3207));
#3437= IFCPROPERTYSET('20Z2xtRYz4gwwwhzm_xBox',#5,'Tekla Reinforcement - Bending List','Reinforcement Properties 1',(#3209,#3210,#3211,#3212,#3213,#3214,#3215,#3216,#3217,#3218,#3219,#3220,#3221,#3222,#3223,#3224,#3225,#3226,#3227,#3228,#3229,#3230,#3231,#3232,#3233,#3234,#3235,#3236,#3237,#3238));
#3438= IFCPROPERTYSET('2N59LH5nL6FO39MCzGBzDC',#5,'Tekla Reinforcement - End Conditions','Reinforcement Properties 2',(#3240,#3241,#3242,#3243,#3244,#3245,#3246,#3247));
#3439= IFCLOCALPLACEMENT(#3057,#10);
#3440= IFCELEMENTASSEMBLY('3v$v2kWqH1ABBZGO2GvhPc',#3056,'HPM16L',$,$,#3439,$,'EB_HPM16L-1',.NOTDEFINED.,.NOTDEFINED.);
#3441= IFCPROPERTYSET('0IBfhiU4rF68eQZUxpGlFO',#5,'Tekla Assembly','Assembly Properties',(#3070,#48,#3060,#3071,#3072,#52,#53,#54));
#3442= IFCPROPERTYSET('3BTBvXaVf03AyxstyIV$vJ',#5,'AssemblyBaseQuantities',$,(#3074));
#3443= IFCSHAPEREPRESENTATION(#12,'Body','Brep',(#3127));
#3444= IFCPRODUCTDEFINITIONSHAPE($,$,(#3443));
#3445= IFCCARTESIANPOINT((-14254.4212020312,-6115.18467327266,-165.));
#3446= IFCAXIS2PLACEMENT3D(#3445,#624,#3132);
#3447= IFCLOCALPLACEMENT(#3439,#3446);
#3448= IFCBEAM('1cVbiFf1v0luvUXUAq1JcK',#3056,'HPM16L','D16',$,#3447,#3444,'EB_HPM16L-1');
#3449= IFCPROPERTYSET('2$itrPWXH5KfAD6w_tg9do',#5,'Tekla Common','Common Properties to Shared building elements',(#3137,#408,#409,#410,#3138,#3139,#413));
#3450= IFCPROPERTYSET('0UStn$xHjBdumN8XecuHk$',#5,'Tekla Quantity','Quantity Properties to Shared building elements',(#3141,#3074,#3142,#1653,#3143,#766,#420,#3144));
#3451= IFCPROPERTYSET('1k55L1RWPFAuyZhx7F2Q5J',#5,'BeamBaseQuantities',$,(#3141,#690,#423,#3146));
#3452= IFCPROPERTYSET('1cMgAL0Vf9RhOrPAj7R5Ko',#5,'Pset_BeamCommon','Definition from IAI: Properties common to the definition of all occurrences of IfcBeam.',(#430,#693,#770,#431,#432,#434));
#3453= IFCMAPPEDITEM(#3191,#276);
#3454= IFCSHAPEREPRESENTATION(#12,'Body','MappedRepresentation',(#3453));
#3455= IFCPRODUCTDEFINITIONSHAPE($,$,(#3454));
#3456= IFCCARTESIANPOINT((-14254.4212020312,-6115.18467327266,-197.));
#3457= IFCAXIS2PLACEMENT3D(#3456,#3196,#3132);
#3458= IFCLOCALPLACEMENT(#3439,#3457);
#3459= IFCREINFORCINGBAR('2SWVQ_COvCgQgmOMykyxG9',#3056,'EB_NUT',$,$,#3458,#3455,'ID9c81f6be-318e-4ca9-aab0-616f2ef3b409',$,28.,0.,$,.NOTDEFINED.,$);
#3460= IFCPROPERTYSET('3XNNG7ncP5qfm6Q9hEKvzD',#5,'Tekla Reinforcement - General','Reinforcement Properties',(#3200,#3201,#408,#3202,#3203,#3204,#3205,#3206,#3207));
#3461= IFCPROPERTYSET('14jbaYasD9xxZQn8JWtCe0',#5,'Tekla Reinforcement - Bending List','Reinforcement Properties 1',(#3209,#3210,#3211,#3212,#3213,#3214,#3215,#3216,#3217,#3218,#3219,#3220,#3221,#3222,#3223,#3224,#3225,#3226,#3227,#3228,#3229,#3230,#3231,#3232,#3233,#3234,#3235,#3236,#3237,#3238));
#3462= IFCPROPERTYSET('3hJofVDvfBIu99dEE1AUZw',#5,'Tekla Reinforcement - End Conditions','Reinforcement Properties 2',(#3240,#3241,#3242,#3243,#3244,#3245,#3246,#3247));
#3463= IFCMAPPEDITEM(#3289,#276);
#3464= IFCSHAPEREPRESENTATION(#12,'Body','MappedRepresentation',(#3463));
#3465= IFCPRODUCTDEFINITIONSHAPE($,$,(#3464));
#3466= IFCCARTESIANPOINT((-14254.4212020312,-6115.18467327266,-210.));
#3467= IFCAXIS2PLACEMENT3D(#3466,#3196,#3132);
#3468= IFCLOCALPLACEMENT(#3439,#3467);
#3469= IFCREINFORCINGBAR('2d8unIiyL05AdB60SgNULi',#3056,'EB_WASHER',$,$,#3468,#3465,'IDa7238c52-b3c5-4014-a9cb-18072a5de56c',$,43.,0.,$,.NOTDEFINED.,$);
#3470= IFCPROPERTYSET('2lEzEwN$14thtuOPmQcRIr',#5,'Tekla Reinforcement - General','Reinforcement Properties',(#3200,#3201,#408,#3202,#3203,#3204,#3205,#3206,#3297));
#3471= IFCPROPERTYSET('3r_26lysH6K9jMsJsTY5Zh',#5,'Tekla Reinforcement - Bending List','Reinforcement Properties 1',(#3209,#3210,#3211,#3212,#3213,#3214,#3215,#3216,#3217,#3218,#3219,#3220,#3221,#3222,#3223,#3224,#3225,#3226,#3227,#3228,#3229,#3299,#3231,#421,#3300,#3234,#3301,#3236,#3237,#3302));
#3472= IFCPROPERTYSET('38lpzSfU9DWOSF8ShYX$BD',#5,'Tekla Reinforcement - End Conditions','Reinforcement Properties 2',(#3240,#3241,#3242,#3243,#3244,#3245,#3246,#3247));
#3473= IFCMAPPEDITEM(#3345,#276);
#3474= IFCSHAPEREPRESENTATION(#12,'Body','MappedRepresentation',(#3473));
#3475= IFCPRODUCTDEFINITIONSHAPE($,$,(#3474));
#3476= IFCCARTESIANPOINT((-14254.4212020312,-6115.18467327266,-305.));
#3477= IFCAXIS2PLACEMENT3D(#3476,#3196,#3132);
#3478= IFCLOCALPLACEMENT(#3439,#3477);
#3479= IFCREINFORCINGBAR('2zTivRiIr4kvHT184fEmLd',#3056,'EB_REBAR',$,$,#3478,#3475,'IDbd76ce5b-b12d-44bb-945d-0481293b0567',$,19.,0.,$,.NOTDEFINED.,$);
#3480= IFCPROPERTYSET('0oAajZJxf6TPvFrFGZmhwt',#5,'Tekla Reinforcement - General','Reinforcement Properties',(#3200,#3201,#408,#3202,#3203,#3204,#3205,#3206,#3353));
#3481= IFCPROPERTYSET('3T7e4Vt8X7FwcxqbizzEZg',#5,'Tekla Reinforcement - Bending List','Reinforcement Properties 1',(#3209,#3210,#3211,#3212,#3213,#3214,#3215,#3216,#3217,#3218,#3219,#3220,#3221,#3222,#3223,#3224,#3225,#3226,#3227,#3228,#3229,#3355,#3356,#3144,#3357,#3234,#3358,#3236,#3237,#3359));
#3482= IFCPROPERTYSET('0IG72K02LCEBAG4BD2$tH6',#5,'Tekla Reinforcement - End Conditions','Reinforcement Properties 2',(#3240,#3241,#3242,#3243,#3244,#3245,#3246,#3247));
#3483= IFCMAPPEDITEM(#3402,#276);
#3484= IFCSHAPEREPRESENTATION(#12,'Body','MappedRepresentation',(#3483));
#3485= IFCPRODUCTDEFINITIONSHAPE($,$,(#3484));
#3486= IFCCARTESIANPOINT((-14254.4212020312,-6115.18467327266,-433.));
#3487= IFCAXIS2PLACEMENT3D(#3486,#3196,#3132);
#3488= IFCLOCALPLACEMENT(#3439,#3487);
#3489= IFCREINFORCINGBAR('2GUzu3G6HAlfzjizqWA1Nz',#3056,'EB_STUD',$,$,#3488,#3485,'ID907bde03-4064-4abe-9f6d-b3dd202815fd',$,46.,0.,$,.NOTDEFINED.,$);
#3490= IFCPROPERTYSET('3S0MjtKSX2OxA$rTVs$66M',#5,'Tekla Reinforcement - General','Reinforcement Properties',(#3200,#3201,#408,#3202,#3203,#3204,#3205,#3206,#3410));
#3491= IFCPROPERTYSET('0SAjw0C5LDNh23PH5E8zfE',#5,'Tekla Reinforcement - Bending List','Reinforcement Properties 1',(#3209,#3210,#3211,#3212,#3213,#3214,#3215,#3216,#3217,#3218,#3219,#3220,#3221,#3222,#3223,#3224,#3225,#3226,#3227,#3228,#3229,#3412,#3413,#3414,#3233,#3234,#3415,#3236,#3237,#3416));
#3492= IFCPROPERTYSET('1gtTwvYvv3PwI7BLO_PErd',#5,'Tekla Reinforcement - End Conditions','Reinforcement Properties 2',(#3240,#3241,#3242,#3243,#3244,#3245,#3246,#3247));
#3493= IFCMAPPEDITEM(#3289,#276);
#3494= IFCSHAPEREPRESENTATION(#12,'Body','MappedRepresentation',(#3493));
#3495= IFCPRODUCTDEFINITIONSHAPE($,$,(#3494));
#3496= IFCCARTESIANPOINT((-14254.4212020312,-6115.18467327266,-230.));
#3497= IFCAXIS2PLACEMENT3D(#3496,#3196,#3132);
#3498= IFCLOCALPLACEMENT(#3439,#3497);
#3499= IFCREINFORCINGBAR('2xH7rWwAvFqQ3cnFRv4GAQ',#3056,'EB_WASHER',$,$,#3498,#3495,'IDbb447d60-e8ae-4fd1-a0e6-c4f6f911029a',$,43.,0.,$,.NOTDEFINED.,$);
#3500= IFCPROPERTYSET('04OEG$_jD2UfMNgyhmQ1dp',#5,'Tekla Reinforcement - General','Reinforcement Properties',(#3200,#3201,#408,#3202,#3203,#3204,#3205,#3206,#3297));
#3501= IFCPROPERTYSET('30PaLGMBHATPfsvmdTMfMd',#5,'Tekla Reinforcement - Bending List','Reinforcement Properties 1',(#3209,#3210,#3211,#3212,#3213,#3214,#3215,#3216,#3217,#3218,#3219,#3220,#3221,#3222,#3223,#3224,#3225,#3226,#3227,#3228,#3229,#3299,#3231,#421,#3300,#3234,#3301,#3236,#3237,#3302));
#3502= IFCPROPERTYSET('1SuZs9bOr5M9fTPn_Jp6VK',#5,'Tekla Reinforcement - End Conditions','Reinforcement Properties 2',(#3240,#3241,#3242,#3243,#3244,#3245,#3246,#3247));
#3503= IFCMAPPEDITEM(#3191,#276);
#3504= IFCSHAPEREPRESENTATION(#12,'Body','MappedRepresentation',(#3503));
#3505= IFCPRODUCTDEFINITIONSHAPE($,$,(#3504));
#3506= IFCCARTESIANPOINT((-14254.4212020312,-6115.18467327266,-235.));
#3507= IFCAXIS2PLACEMENT3D(#3506,#3196,#3132);
#3508= IFCLOCALPLACEMENT(#3439,#3507);
#3509= IFCREINFORCINGBAR('03My1Rwzn4vxIJd72bmRls',#3056,'EB_NUT',$,$,#3508,#3505,'ID035bc05b-ebdc-44e7-b493-9c70a5c1bbf6',$,28.,0.,$,.NOTDEFINED.,$);
#3510= IFCPROPERTYSET('1MC1y3HT92ihrRKi7z6lNi',#5,'Tekla Reinforcement - General','Reinforcement Properties',(#3200,#3201,#408,#3202,#3203,#3204,#3205,#3206,#3207));
#3511= IFCPROPERTYSET('3jweLIBHv1CgFmf6z1_Ypu',#5,'Tekla Reinforcement - Bending List','Reinforcement Properties 1',(#3209,#3210,#3211,#3212,#3213,#3214,#3215,#3216,#3217,#3218,#3219,#3220,#3221,#3222,#3223,#3224,#3225,#3226,#3227,#3228,#3229,#3230,#3231,#3232,#3233,#3234,#3235,#3236,#3237,#3238));
#3512= IFCPROPERTYSET('3j5MOc5mvFiftKcSiVANIm',#5,'Tekla Reinforcement - End Conditions','Reinforcement Properties 2',(#3240,#3241,#3242,#3243,#3244,#3245,#3246,#3247));
#3513= IFCLOCALPLACEMENT(#3057,#10);
#3514= IFCELEMENTASSEMBLY('0$_UFwVEr2heFivnovrMm9',#3056,'HPM16L',$,$,#3513,$,'EB_HPM16L-1',.NOTDEFINED.,.NOTDEFINED.);
#3515= IFCPROPERTYSET('1SjjdOLf58KxpbyY7NcAmZ',#5,'Tekla Assembly','Assembly Properties',(#3070,#48,#3060,#3071,#3072,#52,#53,#54));
#3516= IFCPROPERTYSET('279KaqHqz108PHN2GyUXFp',#5,'AssemblyBaseQuantities',$,(#3074));
#3517= IFCSHAPEREPRESENTATION(#12,'Body','Brep',(#3127));
#3518= IFCPRODUCTDEFINITIONSHAPE($,$,(#3517));
#3519= IFCCARTESIANPOINT((-14443.6889087697,-6098.51928440327,-165.));
#3520= IFCAXIS2PLACEMENT3D(#3519,#624,#3132);
#3521= IFCLOCALPLACEMENT(#3513,#3520);
#3522= IFCBEAM('1PAUbHZqPAVx87fNphshUh',#3056,'HPM16L','D16',$,#3521,#3518,'EB_HPM16L-1');
#3523= IFCPROPERTYSET('3EG2ycO7j2f992Aw9vh0GV',#5,'Tekla Common','Common Properties to Shared building elements',(#3137,#408,#409,#410,#3138,#3139,#413));
#3524= IFCPROPERTYSET('2s19dJnKv5mwYhY8l7dG$P',#5,'Tekla Quantity','Quantity Properties to Shared building elements',(#3141,#3074,#3142,#1653,#3143,#766,#420,#3144));
#3525= IFCPROPERTYSET('381Rgr3gvDmfFdVfSURynj',#5,'BeamBaseQuantities',$,(#3141,#690,#423,#3146));
#3526= IFCPROPERTYSET('1YH_lzCHX7IeO7If6NBnkj',#5,'Pset_BeamCommon','Definition from IAI: Properties common to the definition of all occurrences of IfcBeam.',(#430,#693,#770,#431,#432,#434));
#3527= IFCMAPPEDITEM(#3191,#276);
#3528= IFCSHAPEREPRESENTATION(#12,'Body','MappedRepresentation',(#3527));
#3529= IFCPRODUCTDEFINITIONSHAPE($,$,(#3528));
#3530= IFCCARTESIANPOINT((-14443.6889087697,-6098.51928440327,-197.));
#3531= IFCAXIS2PLACEMENT3D(#3530,#3196,#3132);
#3532= IFCLOCALPLACEMENT(#3513,#3531);
#3533= IFCREINFORCINGBAR('3sDpeTNYrAjgsgaVNh6egU',#3056,'EB_NUT',$,$,#3532,#3529,'IDf6373a1d-5e2d-4ab6-adaa-91f5eb1a8a9e',$,28.,0.,$,.NOTDEFINED.,$);
#3534= IFCPROPERTYSET('2E$$xf2Rn3HAFYgZ3x8j5a',#5,'Tekla Reinforcement - General','Reinforcement Properties',(#3200,#3201,#408,#3202,#3203,#3204,#3205,#3206,#3207));
#3535= IFCPROPERTYSET('1FiGbJXVHF8Bgmklu5$i4W',#5,'Tekla Reinforcement - Bending List','Reinforcement Properties 1',(#3209,#3210,#3211,#3212,#3213,#3214,#3215,#3216,#3217,#3218,#3219,#3220,#3221,#3222,#3223,#3224,#3225,#3226,#3227,#3228,#3229,#3230,#3231,#3232,#3233,#3234,#3235,#3236,#3237,#3238));
#3536= IFCPROPERTYSET('2sbhWpM25208cxyblbQxTs',#5,'Tekla Reinforcement - End Conditions','Reinforcement Properties 2',(#3240,#3241,#3242,#3243,#3244,#3245,#3246,#3247));
#3537= IFCMAPPEDITEM(#3289,#276);
#3538= IFCSHAPEREPRESENTATION(#12,'Body','MappedRepresentation',(#3537));
#3539= IFCPRODUCTDEFINITIONSHAPE($,$,(#3538));
#3540= IFCCARTESIANPOINT((-14443.6889087697,-6098.51928440327,-210.));
#3541= IFCAXIS2PLACEMENT3D(#3540,#3196,#3132);
#3542= IFCLOCALPLACEMENT(#3513,#3541);
#3543= IFCREINFORCINGBAR('3vGExQaTP8gQ50N2X3M34V',#3056,'EB_WASHER',$,$,#3542,#3539,'IDf940eeda-91d6-48a9-a140-5c284358311f',$,43.,0.,$,.NOTDEFINED.,$);
#3544= IFCPROPERTYSET('1kJZl$Ibz4xgyevPRSaR0g',#5,'Tekla Reinforcement - General','Reinforcement Properties',(#3200,#3201,#408,#3202,#3203,#3204,#3205,#3206,#3297));
#3545= IFCPROPERTYSET('1jIgMkC2XFpP41IP10AML9',#5,'Tekla Reinforcement - Bending List','Reinforcement Properties 1',(#3209,#3210,#3211,#3212,#3213,#3214,#3215,#3216,#3217,#3218,#3219,#3220,#3221,#3222,#3223,#3224,#3225,#3226,#3227,#3228,#3229,#3299,#3231,#421,#3300,#3234,#3301,#3236,#3237,#3302));
#3546= IFCPROPERTYSET('1yBe6sYPD4ZQEKRvE50LQ5',#5,'Tekla Reinforcement - End Conditions','Reinforcement Properties 2',(#3240,#3241,#3242,#3243,#3244,#3245,#3246,#3247));
#3547= IFCMAPPEDITEM(#3345,#276);
#3548= IFCSHAPEREPRESENTATION(#12,'Body','MappedRepresentation',(#3547));
#3549= IFCPRODUCTDEFINITIONSHAPE($,$,(#3548));
#3550= IFCCARTESIANPOINT((-14443.6889087697,-6098.51928440327,-305.));
#3551= IFCAXIS2PLACEMENT3D(#3550,#3196,#3132);
#3552= IFCLOCALPLACEMENT(#3513,#3551);
#3553= IFCREINFORCINGBAR('1p1IKfqIj17O8fvLymVkcm',#3056,'EB_REBAR',$,$,#3552,#3549,'ID73052529-d12b-411d-8229-e55f307ee9b0',$,19.,0.,$,.NOTDEFINED.,$);
#3554= IFCPROPERTYSET('2aMtvJdHPCUe$YAcHO52es',#5,'Tekla Reinforcement - General','Reinforcement Properties',(#3200,#3201,#408,#3202,#3203,#3204,#3205,#3206,#3353));
#3555= IFCPROPERTYSET('151SU94Kv4XBzDpAoj7pLJ',#5,'Tekla Reinforcement - Bending List','Reinforcement Properties 1',(#3209,#3210,#3211,#3212,#3213,#3214,#3215,#3216,#3217,#3218,#3219,#3220,#3221,#3222,#3223,#3224,#3225,#3226,#3227,#3228,#3229,#3355,#3356,#3144,#3357,#3234,#3358,#3236,#3237,#3359));
#3556= IFCPROPERTYSET('08NODWJ5TDRQ3RE5z5Puyu',#5,'Tekla Reinforcement - End Conditions','Reinforcement Properties 2',(#3240,#3241,#3242,#3243,#3244,#3245,#3246,#3247));
#3557= IFCMAPPEDITEM(#3402,#276);
#3558= IFCSHAPEREPRESENTATION(#12,'Body','MappedRepresentation',(#3557));
#3559= IFCPRODUCTDEFINITIONSHAPE($,$,(#3558));
#3560= IFCCARTESIANPOINT((-14443.6889087697,-6098.51928440327,-433.));
#3561= IFCAXIS2PLACEMENT3D(#3560,#3196,#3132);
#3562= IFCLOCALPLACEMENT(#3513,#3561);
#3563= IFCREINFORCINGBAR('0Z9QJ6FUrFOQZH9pOwj01k',#3056,'EB_STUD',$,$,#3562,#3559,'ID2325a4c6-3ded-4f61-a8d1-27363ab4006e',$,46.,0.,$,.NOTDEFINED.,$);
#3564= IFCPROPERTYSET('3H6C_mE2DEjxR0IxrSEaq8',#5,'Tekla Reinforcement - General','Reinforcement Properties',(#3200,#3201,#408,#3202,#3203,#3204,#3205,#3206,#3410));
#3565= IFCPROPERTYSET('1S$Wa3jf99FANlN2ea52rh',#5,'Tekla Reinforcement - Bending List','Reinforcement Properties 1',(#3209,#3210,#3211,#3212,#3213,#3214,#3215,#3216,#3217,#3218,#3219,#3220,#3221,#3222,#3223,#3224,#3225,#3226,#3227,#3228,#3229,#3412,#3413,#3414,#3233,#3234,#3415,#3236,#3237,#3416));
#3566= IFCPROPERTYSET('2b8RwZNrnBFxOdcthGYfr2',#5,'Tekla Reinforcement - End Conditions','Reinforcement Properties 2',(#3240,#3241,#3242,#3243,#3244,#3245,#3246,#3247));
#3567= IFCMAPPEDITEM(#3289,#276);
#3568= IFCSHAPEREPRESENTATION(#12,'Body','MappedRepresentation',(#3567));
#3569= IFCPRODUCTDEFINITIONSHAPE($,$,(#3568));
#3570= IFCCARTESIANPOINT((-14443.6889087697,-6098.51928440327,-230.));
#3571= IFCAXIS2PLACEMENT3D(#3570,#3196,#3132);
#3572= IFCLOCALPLACEMENT(#3513,#3571);
#3573= IFCREINFORCINGBAR('1h3DguwKb6lhwNirrBVqRd',#3056,'EB_WASHER',$,$,#3572,#3569,'ID6b0cdab8-e949-46be-be97-b35d4b7f46e7',$,43.,0.,$,.NOTDEFINED.,$);
#3574= IFCPROPERTYSET('1pSg7hNE5FjP9$dGw2dj9E',#5,'Tekla Reinforcement - General','Reinforcement Properties',(#3200,#3201,#408,#3202,#3203,#3204,#3205,#3206,#3297));
#3575= IFCPROPERTYSET('2rCOgzHmz7oBMqLfJOPbxI',#5,'Tekla Reinforcement - Bending List','Reinforcement Properties 1',(#3209,#3210,#3211,#3212,#3213,#3214,#3215,#3216,#3217,#3218,#3219,#3220,#3221,#3222,#3223,#3224,#3225,#3226,#3227,#3228,#3229,#3299,#3231,#421,#3300,#3234,#3301,#3236,#3237,#3302));
#3576= IFCPROPERTYSET('3IIylQNIbBIwQEijLmg7Sx',#5,'Tekla Reinforcement - End Conditions','Reinforcement Properties 2',(#3240,#3241,#3242,#3243,#3244,#3245,#3246,#3247));
#3577= IFCMAPPEDITEM(#3191,#276);
#3578= IFCSHAPEREPRESENTATION(#12,'Body','MappedRepresentation',(#3577));
#3579= IFCPRODUCTDEFINITIONSHAPE($,$,(#3578));
#3580= IFCCARTESIANPOINT((-14443.6889087697,-6098.51928440327,-235.));
#3581= IFCAXIS2PLACEMENT3D(#3580,#3196,#3132);
#3582= IFCLOCALPLACEMENT(#3513,#3581);
#3583= IFCREINFORCINGBAR('3ioua58KX9T8asqiIKEoP6',#3056,'EB_NUT',$,$,#3582,#3579,'IDeccb8905-2148-4974-8936-d2c4943b2646',$,28.,0.,$,.NOTDEFINED.,$);
#3584= IFCPROPERTYSET('18vxTG7g55veWK64lX97ev',#5,'Tekla Reinforcement - General','Reinforcement Properties',(#3200,#3201,#408,#3202,#3203,#3204,#3205,#3206,#3207));
#3585= IFCPROPERTYSET('3xBZyU_M18OuYO5tV8rCXX',#5,'Tekla Reinforcement - Bending List','Reinforcement Properties 1',(#3209,#3210,#3211,#3212,#3213,#3214,#3215,#3216,#3217,#3218,#3219,#3220,#3221,#3222,#3223,#3224,#3225,#3226,#3227,#3228,#3229,#3230,#3231,#3232,#3233,#3234,#3235,#3236,#3237,#3238));
#3586= IFCPROPERTYSET('2ygHAiUl5FQvGxOpGVd_ho',#5,'Tekla Reinforcement - End Conditions','Reinforcement Properties 2',(#3240,#3241,#3242,#3243,#3244,#3245,#3246,#3247));
#3587= IFCCARTESIANPOINT((10.5,0.,0.));
#3588= IFCCARTESIANPOINT((9.09326673973642,0.,5.25000000000031));
#3589= IFCCARTESIANPOINT((5.24999999999937,0.,9.09326673973697));
#3590= IFCCARTESIANPOINT((-1.08815278068034E-12,0.,10.5));
#3591= IFCCARTESIANPOINT((-5.25000000000125,0.,9.09326673973588));
#3592= IFCCARTESIANPOINT((-9.09326673973751,0.,5.24999999999843));
#3593= IFCCARTESIANPOINT((-10.5,0.,-2.17630556136068E-12));
#3594= IFCCARTESIANPOINT((-9.09326673973534,0.,-5.25000000000219));
#3595= IFCCARTESIANPOINT((-5.24999999999749,0.,-9.09326673973805));
#3596= IFCCARTESIANPOINT((3.25280100028245E-12,0.,-10.5));
#3597= IFCCARTESIANPOINT((5.25000000000313,0.,-9.0932667397348));
#3598= IFCCARTESIANPOINT((9.0932667397386,0.,-5.24999999999655));
#3599= IFCCARTESIANPOINT((10.5,15.1,0.));
#3600= IFCCARTESIANPOINT((9.09326673973642,15.1,5.25000000000031));
#3601= IFCCARTESIANPOINT((5.24999999999937,15.1,9.09326673973697));
#3602= IFCCARTESIANPOINT((-1.08815278068034E-12,15.1,10.5));
#3603= IFCCARTESIANPOINT((-5.25000000000125,15.1,9.09326673973588));
#3604= IFCCARTESIANPOINT((-9.09326673973751,15.1,5.24999999999843));
#3605= IFCCARTESIANPOINT((-10.5,15.1,-2.17630556136068E-12));
#3606= IFCCARTESIANPOINT((-9.09326673973534,15.1,-5.25000000000219));
#3607= IFCCARTESIANPOINT((-5.24999999999749,15.1,-9.09326673973805));
#3608= IFCCARTESIANPOINT((3.25280100028245E-12,15.1,-10.5));
#3609= IFCCARTESIANPOINT((5.25000000000313,15.1,-9.0932667397348));
#3610= IFCCARTESIANPOINT((9.0932667397386,15.1,-5.24999999999655));
#3611= IFCPOLYLOOP((#3587,#3588,#3589,#3590,#3591,#3592,#3593,#3594,#3595,#3596,#3597,#3598));
#3612= IFCFACEOUTERBOUND(#3611,.T.);
#3613= IFCFACE((#3612));
#3614= IFCPOLYLOOP((#3610,#3609,#3608,#3607,#3606,#3605,#3604,#3603,#3602,#3601,#3600,#3599));
#3615= IFCFACEOUTERBOUND(#3614,.T.);
#3616= IFCFACE((#3615));
#3617= IFCPOLYLOOP((#3587,#3599,#3600,#3588));
#3618= IFCFACEOUTERBOUND(#3617,.T.);
#3619= IFCFACE((#3618));
#3620= IFCPOLYLOOP((#3588,#3600,#3601,#3589));
#3621= IFCFACEOUTERBOUND(#3620,.T.);
#3622= IFCFACE((#3621));
#3623= IFCPOLYLOOP((#3589,#3601,#3602,#3590));
#3624= IFCFACEOUTERBOUND(#3623,.T.);
#3625= IFCFACE((#3624));
#3626= IFCPOLYLOOP((#3590,#3602,#3603,#3591));
#3627= IFCFACEOUTERBOUND(#3626,.T.);
#3628= IFCFACE((#3627));
#3629= IFCPOLYLOOP((#3591,#3603,#3604,#3592));
#3630= IFCFACEOUTERBOUND(#3629,.T.);
#3631= IFCFACE((#3630));
#3632= IFCPOLYLOOP((#3592,#3604,#3605,#3593));
#3633= IFCFACEOUTERBOUND(#3632,.T.);
#3634= IFCFACE((#3633));
#3635= IFCPOLYLOOP((#3593,#3605,#3606,#3594));
#3636= IFCFACEOUTERBOUND(#3635,.T.);
#3637= IFCFACE((#3636));
#3638= IFCPOLYLOOP((#3594,#3606,#3607,#3595));
#3639= IFCFACEOUTERBOUND(#3638,.T.);
#3640= IFCFACE((#3639));
#3641= IFCPOLYLOOP((#3595,#3607,#3608,#3596));
#3642= IFCFACEOUTERBOUND(#3641,.T.);
#3643= IFCFACE((#3642));
#3644= IFCPOLYLOOP((#3596,#3608,#3609,#3597));
#3645= IFCFACEOUTERBOUND(#3644,.T.);
#3646= IFCFACE((#3645));
#3647= IFCPOLYLOOP((#3597,#3609,#3610,#3598));
#3648= IFCFACEOUTERBOUND(#3647,.T.);
#3649= IFCFACE((#3648));
#3650= IFCPOLYLOOP((#3598,#3610,#3599,#3587));
#3651= IFCFACEOUTERBOUND(#3650,.T.);
#3652= IFCFACE((#3651));
#3653= IFCCLOSEDSHELL((#3613,#3616,#3619,#3622,#3625,#3628,#3631,#3634,#3637,#3640,#3643,#3646,#3649,#3652));
#3654= IFCFACETEDBREP(#3653);
#3655= IFCSTYLEDITEM(#3654,(#273),$);
#3656= IFCCARTESIANPOINT((-34.99999999998,0.,94.9999999999454));
#3657= IFCCARTESIANTRANSFORMATIONOPERATOR3D($,$,#3656,$,$);
#3658= IFCSHAPEREPRESENTATION(#12,'Body','Brep',(#3654));
#3659= IFCREPRESENTATIONMAP(#10,#3658);
#3660= IFCMAPPEDITEM(#3659,#3657);
#3661= IFCCARTESIANPOINT((-34.99999999998,0.,-94.9999999999472));
#3662= IFCCARTESIANTRANSFORMATIONOPERATOR3D($,$,#3661,$,$);
#3663= IFCMAPPEDITEM(#3659,#3662);
#3664= IFCCARTESIANPOINT((154.999999999914,0.,94.9999999999472));
#3665= IFCCARTESIANTRANSFORMATIONOPERATOR3D($,$,#3664,$,$);
#3666= IFCMAPPEDITEM(#3659,#3665);
#3667= IFCCARTESIANPOINT((154.999999999915,0.,-94.9999999999472));
#3668= IFCCARTESIANTRANSFORMATIONOPERATOR3D($,$,#3667,$,$);
#3669= IFCMAPPEDITEM(#3659,#3668);
#3670= IFCSHAPEREPRESENTATION(#12,'Body','MappedRepresentation',(#3660,#3663,#3666,#3669));
#3671= IFCPRODUCTDEFINITIONSHAPE($,$,(#3670));
#3672= IFCCARTESIANPOINT((-14335.4596065864,-5952.44937597286,-215.));
#3673= IFCAXIS2PLACEMENT3D(#3672,#635,#550);
#3674= IFCLOCALPLACEMENT(#773,#3673);
#3675= IFCMECHANICALFASTENER('0Ig6lP68PBNe8Dd6OIuABc',#3056,'Bolt assembly',$,$,#3674,#3671,'ID12a86bd9-1886-4b5e-820d-9c6612e0a2e6',16.,15.);
#3676= IFCPROPERTYSINGLEVALUE('Bolt Name',$,IFCLABEL('M16*55'),$);
#3677= IFCPROPERTYSINGLEVALUE('Bolt length',$,IFCLENGTHMEASURE(15.),$);
#3678= IFCPROPERTYSINGLEVALUE('Bolt size',$,IFCLENGTHMEASURE(21.),$);
#3679= IFCPROPERTYSINGLEVALUE('Bolt hole diameter',$,IFCLENGTHMEASURE(21.),$);
#3680= IFCPROPERTYSET('0UhIhoDQ50hhw2yYvilgV_',#5,'Tekla Bolt','Bolt Properties',(#3676,#289,#3677,#3678,#1128,#293,#3679,#295,#296,#1130,#298,#1131,#1132,#301,#1133,#303));
#3681= IFCCARTESIANPOINT((60.0000000000073,-119.999999999871,0.));
#3682= IFCCARTESIANPOINT((60.0000000000073,-119.999999999871,-8.48528137423858));
#3683= IFCCARTESIANPOINT((-59.9999999998927,-119.999999999927,-8.48528137423858));
#3684= IFCCARTESIANPOINT((-59.9999999998927,-119.999999999927,0.));
#3685= IFCPOLYLOOP((#3681,#3682,#3683,#3684));
#3686= IFCFACEOUTERBOUND(#3685,.T.);
#3687= IFCFACE((#3686));
#3688= IFCCARTESIANPOINT((68.4852813742473,-128.485281374104,0.));
#3689= IFCCARTESIANPOINT((-68.4852813741254,-128.485281374168,0.));
#3690= IFCPOLYLOOP((#3682,#3688,#3689,#3683));
#3691= IFCFACEOUTERBOUND(#3690,.T.);
#3692= IFCFACE((#3691));
#3693= IFCPOLYLOOP((#3688,#3681,#3684,#3689));
#3694= IFCFACEOUTERBOUND(#3693,.T.);
#3695= IFCFACE((#3694));
#3696= IFCCARTESIANPOINT((59.9999999999509,2.81943357549608E-11,0.));
#3697= IFCCARTESIANPOINT((59.9999999999509,2.81943357549608E-11,-8.48528137423858));
#3698= IFCPOLYLOOP((#3696,#3697,#3682,#3681));
#3699= IFCFACEOUTERBOUND(#3698,.T.);
#3700= IFCFACE((#3699));
#3701= IFCCARTESIANPOINT((68.4852813741836,8.48528137426729,0.));
#3702= IFCPOLYLOOP((#3697,#3701,#3688,#3682));
#3703= IFCFACEOUTERBOUND(#3702,.T.);
#3704= IFCFACE((#3703));
#3705= IFCPOLYLOOP((#3701,#3696,#3681,#3688));
#3706= IFCFACEOUTERBOUND(#3705,.T.);
#3707= IFCFACE((#3706));
#3708= IFCCARTESIANPOINT((-59.9999999999491,-2.91038304567337E-11,0.));
#3709= IFCCARTESIANPOINT((-59.9999999999491,-2.91038304567337E-11,-8.48528137423858));
#3710= IFCPOLYLOOP((#3708,#3709,#3697,#3696));
#3711= IFCFACEOUTERBOUND(#3710,.T.);
#3712= IFCFACE((#3711));
#3713= IFCCARTESIANPOINT((-68.4852813741891,8.48528137420453,0.));
#3714= IFCPOLYLOOP((#3709,#3713,#3701,#3697));
#3715= IFCFACEOUTERBOUND(#3714,.T.);
#3716= IFCFACE((#3715));
#3717= IFCPOLYLOOP((#3713,#3708,#3696,#3701));
#3718= IFCFACEOUTERBOUND(#3717,.T.);
#3719= IFCFACE((#3718));
#3720= IFCPOLYLOOP((#3684,#3683,#3709,#3708));
#3721= IFCFACEOUTERBOUND(#3720,.T.);
#3722= IFCFACE((#3721));
#3723= IFCPOLYLOOP((#3683,#3689,#3713,#3709));
#3724= IFCFACEOUTERBOUND(#3723,.T.);
#3725= IFCFACE((#3724));
#3726= IFCPOLYLOOP((#3689,#3684,#3708,#3713));
#3727= IFCFACEOUTERBOUND(#3726,.T.);
#3728= IFCFACE((#3727));
#3729= IFCPOLYLOOP((#3689,#3684,#3683));
#3730= IFCFACEOUTERBOUND(#3729,.T.);
#3731= IFCFACE((#3730));
#3732= IFCPOLYLOOP((#3689,#3683,#3684));
#3733= IFCFACEOUTERBOUND(#3732,.T.);
#3734= IFCFACE((#3733));
#3735= IFCCARTESIANPOINT((-55.9999999999491,-4.00000000002365,0.));
#3736= IFCCARTESIANPOINT((-55.9999999999491,-4.00000000002365,-8.48528137423858));
#3737= IFCCARTESIANPOINT((-55.9999999998981,-115.999999999929,-8.48528137423858));
#3738= IFCCARTESIANPOINT((-55.9999999998981,-115.999999999929,0.));
#3739= IFCPOLYLOOP((#3735,#3736,#3737,#3738));
#3740= IFCFACEOUTERBOUND(#3739,.T.);
#3741= IFCFACE((#3740));
#3742= IFCCARTESIANPOINT((-47.5147186257091,-12.4852813742546,0.));
#3743= IFCCARTESIANPOINT((-47.5147186256636,-107.514718625689,0.));
#3744= IFCPOLYLOOP((#3736,#3742,#3743,#3737));
#3745= IFCFACEOUTERBOUND(#3744,.T.);
#3746= IFCFACE((#3745));
#3747= IFCPOLYLOOP((#3742,#3735,#3738,#3743));
#3748= IFCFACEOUTERBOUND(#3747,.T.);
#3749= IFCFACE((#3748));
#3750= IFCCARTESIANPOINT((55.9999999999563,-3.9999999999709,0.));
#3751= IFCCARTESIANPOINT((55.9999999999563,-3.9999999999709,-8.48528137423858));
#3752= IFCPOLYLOOP((#3750,#3751,#3736,#3735));
#3753= IFCFACEOUTERBOUND(#3752,.T.);
#3754= IFCFACE((#3753));
#3755= IFCCARTESIANPOINT((47.5147186257254,-12.4852813742118,0.));
#3756= IFCPOLYLOOP((#3751,#3755,#3742,#3736));
#3757= IFCFACEOUTERBOUND(#3756,.T.);
#3758= IFCFACE((#3757));
#3759= IFCPOLYLOOP((#3755,#3750,#3735,#3742));
#3760= IFCFACEOUTERBOUND(#3759,.T.);
#3761= IFCFACE((#3760));
#3762= IFCCARTESIANPOINT((56.0000000000091,-115.999999999876,0.));
#3763= IFCCARTESIANPOINT((56.0000000000091,-115.999999999876,-8.48528137423858));
#3764= IFCPOLYLOOP((#3762,#3763,#3751,#3750));
#3765= IFCFACEOUTERBOUND(#3764,.T.);
#3766= IFCFACE((#3765));
#3767= IFCCARTESIANPOINT((47.5147186257673,-107.514718625644,0.));
#3768= IFCPOLYLOOP((#3763,#3767,#3755,#3751));
#3769= IFCFACEOUTERBOUND(#3768,.T.);
#3770= IFCFACE((#3769));
#3771= IFCPOLYLOOP((#3767,#3762,#3750,#3755));
#3772= IFCFACEOUTERBOUND(#3771,.T.);
#3773= IFCFACE((#3772));
#3774= IFCPOLYLOOP((#3738,#3737,#3763,#3762));
#3775= IFCFACEOUTERBOUND(#3774,.T.);
#3776= IFCFACE((#3775));
#3777= IFCPOLYLOOP((#3737,#3743,#3767,#3763));
#3778= IFCFACEOUTERBOUND(#3777,.T.);
#3779= IFCFACE((#3778));
#3780= IFCPOLYLOOP((#3743,#3738,#3762,#3767));
#3781= IFCFACEOUTERBOUND(#3780,.T.);
#3782= IFCFACE((#3781));
#3783= IFCPOLYLOOP((#3743,#3738,#3737));
#3784= IFCFACEOUTERBOUND(#3783,.T.);
#3785= IFCFACE((#3784));
#3786= IFCPOLYLOOP((#3743,#3737,#3738));
#3787= IFCFACEOUTERBOUND(#3786,.T.);
#3788= IFCFACE((#3787));
#3789= IFCCLOSEDSHELL((#3687,#3692,#3695,#3700,#3704,#3707,#3712,#3716,#3719,#3722,#3725,#3728,#3731,#3734,#3741,#3746,#3749,#3754,#3758,#3761,#3766,#3770,#3773,#3776,#3779,#3782,#3785,#3788));
#3790= IFCFACETEDBREP(#3789);
#3791= IFCSTYLEDITEM(#3790,(#502),$);
#3792= IFCSHAPEREPRESENTATION(#12,'Body','Brep',(#3790));
#3793= IFCPRODUCTDEFINITIONSHAPE($,$,(#3792));
#3794= IFCAXIS2PLACEMENT3D(#3672,#3132,#549);
#3795= IFCLOCALPLACEMENT(#773,#3794);
#3796= IFCFASTENER('0903YA0WT9UhKRDOEVTV2s',#44,'Weld',$,$,#3795,#3793,'ID0900388a-0207-497a-b51b-35839f75f0b6');
#3797= IFCPROPERTYSINGLEVALUE('Length',$,IFCLENGTHMEASURE(480.),$);
#3798= IFCPROPERTYSET('0O1Qf9VVPCFhcB$J27fBFT',#5,'Tekla Weld Common','Common weld properties',(#1310,#555,#556,#557,#558,#559,#560,#561,#562,#563,#564,#3797,#420));
#3799= IFCPROPERTYSINGLEVALUE('Cross section area1',$,IFCAREAMEASURE(4.E-05),$);
#3800= IFCPROPERTYSINGLEVALUE('Actual length1',$,IFCLENGTHMEASURE(480.),$);
#3801= IFCPROPERTYSET('08TGzBsSD0OR5Bc7cg3fPB',#5,'Tekla Weld Above Line','Above line weld properties',(#567,#568,#1313,#570,#571,#572,#573,#574,#575,#576,#577,#578,#3799,#3800));
#3802= IFCPROPERTYSINGLEVALUE('Size2',$,IFCLENGTHMEASURE(6.),$);
#3803= IFCPROPERTYSINGLEVALUE('Cross section area2',$,IFCAREAMEASURE(4.E-05),$);
#3804= IFCPROPERTYSINGLEVALUE('Actual length2',$,IFCLENGTHMEASURE(448.),$);
#3805= IFCPROPERTYSET('0gufpc6ITEEAr7KA$eROup',#5,'Tekla Weld Below Line','Below line weld properties',(#582,#583,#3802,#585,#586,#587,#588,#589,#590,#591,#592,#593,#3803,#3804));
#3806= IFCCARTESIANPOINT((-6.18456397205591E-11,7.5,-134.999999999964));
#3807= IFCCARTESIANPOINT((6.2755134422332E-11,7.5,134.99999999996));
#3808= IFCCARTESIANPOINT((269.999999999553,7.5,134.999999999836));
#3809= IFCCARTESIANPOINT((269.999999999428,7.5,-135.000000000087));
#3810= IFCPOLYLOOP((#3806,#3807,#3808,#3809));
#3811= IFCFACEOUTERBOUND(#3810,.T.);
#3812= IFCFACE((#3811));
#3813= IFCCARTESIANPOINT((6.2755134422332E-11,-7.5,134.99999999996));
#3814= IFCCARTESIANPOINT((269.999999999553,-7.5,134.999999999836));
#3815= IFCPOLYLOOP((#3807,#3813,#3814,#3808));
#3816= IFCFACEOUTERBOUND(#3815,.T.);
#3817= IFCFACE((#3816));
#3818= IFCCARTESIANPOINT((-6.18456397205591E-11,-7.5,-134.999999999964));
#3819= IFCCARTESIANPOINT((269.999999999428,-7.5,-135.000000000087));
#3820= IFCPOLYLOOP((#3813,#3818,#3819,#3814));
#3821= IFCFACEOUTERBOUND(#3820,.T.);
#3822= IFCFACE((#3821));
#3823= IFCPOLYLOOP((#3818,#3806,#3809,#3819));
#3824= IFCFACEOUTERBOUND(#3823,.T.);
#3825= IFCFACE((#3824));
#3826= IFCPOLYLOOP((#3814,#3819,#3809,#3808));
#3827= IFCFACEOUTERBOUND(#3826,.T.);
#3828= IFCFACE((#3827));
#3829= IFCPOLYLOOP((#3818,#3813,#3807,#3806));
#3830= IFCFACEOUTERBOUND(#3829,.T.);
#3831= IFCFACE((#3830));
#3832= IFCCLOSEDSHELL((#3812,#3817,#3822,#3825,#3828,#3831));
#3833= IFCFACETEDBREP(#3832);
#3834= IFCSTYLEDITEM(#3833,(#309),$);
#3835= IFCSHAPEREPRESENTATION(#12,'Body','Brep',(#3833));
#3836= IFCPRODUCTDEFINITIONSHAPE($,$,(#3835));
#3837= IFCCARTESIANPOINT((-14352.5635583204,-6146.69781183527,-222.5));
#3838= IFCAXIS2PLACEMENT3D(#3837,#549,#624);
#3839= IFCLOCALPLACEMENT(#773,#3838);
#3840= IFCBEAM('1TRp4pwrrC$8MwGiVR4Iem',#44,'LEHT','PL15*270',$,#3839,#3836,'ID5d6f3133-eb5d-4cfc-85ba-42c7db112a30');
#3841= IFCBEAMTYPE('0ui7IVIkbBHBeISXpngBNv',#5,'PL15*270',$,$,$,$,$,$,.NOTDEFINED.);
#3842= IFCPROPERTYSINGLEVALUE('Top elevation',$,IFCLABEL(' -0.215'),$);
#3843= IFCPROPERTYSINGLEVALUE('Bottom elevation',$,IFCLABEL(' -0.230'),$);
#3844= IFCPROPERTYSET('0ruFIH3GjECec2M46$LKA4',#5,'Tekla Common','Common Properties to Shared building elements',(#407,#408,#409,#410,#3842,#3843,#413));
#3845= IFCPROPERTYSINGLEVALUE('Length',$,IFCLENGTHMEASURE(270.),$);
#3846= IFCPROPERTYSINGLEVALUE('Width',$,IFCLENGTHMEASURE(15.),$);
#3847= IFCPROPERTYSINGLEVALUE('Height',$,IFCLENGTHMEASURE(270.),$);
#3848= IFCPROPERTYSINGLEVALUE('Net surface area',$,IFCAREAMEASURE(0.162),$);
#3849= IFCPROPERTYSINGLEVALUE('Area per tons',$,IFCAREAMEASURE(18.872),$);
#3850= IFCPROPERTYSINGLEVALUE('Gross footprint area',$,IFCAREAMEASURE(0.073),$);
#3851= IFCPROPERTYSINGLEVALUE('Weight',$,IFCMASSMEASURE(8.58),$);
#3852= IFCPROPERTYSET('0PxKinT$DBmey$lqSvQuv3',#5,'Tekla Quantity','Quantity Properties to Shared building elements',(#3845,#3846,#3847,#3848,#3849,#3850,#1407,#3851));
#3853= IFCPROPERTYSINGLEVALUE('OuterSurfaceArea',$,IFCAREAMEASURE(0.2),$);
#3854= IFCPROPERTYSINGLEVALUE('NetWeight',$,IFCMASSMEASURE(8.6),$);
#3855= IFCPROPERTYSET('3dlZQeO$56N8HPHi$WC3A$',#5,'BeamBaseQuantities',$,(#3845,#3853,#423,#3854));
#3856= IFCPROPERTYSET('1Qz7n6x_90hO53WTgDXe5$',#5,'Pset_BeamCommon','Definition from IAI: Properties common to the definition of all occurrences of IfcBeam.',(#430,#693,#694,#431,#432,#434));
#3857= IFCLOCALPLACEMENT(#3057,#10);
#3858= IFCELEMENTASSEMBLY('3GeGPXA$D90x3iqW_H$Ae4',#3056,'HPM16L',$,$,#3857,$,'EB_HPM16L-1',.NOTDEFINED.,.NOTDEFINED.);
#3859= IFCPROPERTYSET('1UnLeT0AL4oBWUPh821B9M',#5,'Tekla Assembly','Assembly Properties',(#3070,#48,#3060,#3071,#3072,#52,#53,#54));
#3860= IFCPROPERTYSET('2Tr7J2Ukf7xBJSFrwAQR8N',#5,'AssemblyBaseQuantities',$,(#3074));
#3861= IFCSHAPEREPRESENTATION(#12,'Body','Brep',(#3127));
#3862= IFCPRODUCTDEFINITIONSHAPE($,$,(#3861));
#3863= IFCCARTESIANPOINT((-14427.023519901,-5909.25157766551,-165.));
#3864= IFCAXIS2PLACEMENT3D(#3863,#624,#3132);
#3865= IFCLOCALPLACEMENT(#3857,#3864);
#3866= IFCBEAM('0QDJosURHACAOsUglDyiC5',#3056,'HPM16L','D16',$,#3865,#3862,'EB_HPM16L-1');
#3867= IFCPROPERTYSET('1CoxhTGMz95A4z4y27dCW8',#5,'Tekla Common','Common Properties to Shared building elements',(#3137,#408,#409,#410,#3138,#3139,#413));
#3868= IFCPROPERTYSET('1WiLUA$OD0YQUSEFEMqGIc',#5,'Tekla Quantity','Quantity Properties to Shared building elements',(#3141,#3074,#3142,#1653,#3143,#766,#420,#3144));
#3869= IFCPROPERTYSET('1tS$B9fGn3N9RxVyZTjnZh',#5,'BeamBaseQuantities',$,(#3141,#690,#423,#3146));
#3870= IFCPROPERTYSET('2$RAG7wAb5wuhx6FbYXbbY',#5,'Pset_BeamCommon','Definition from IAI: Properties common to the definition of all occurrences of IfcBeam.',(#430,#693,#770,#431,#432,#434));
#3871= IFCMAPPEDITEM(#3191,#276);
#3872= IFCSHAPEREPRESENTATION(#12,'Body','MappedRepresentation',(#3871));
#3873= IFCPRODUCTDEFINITIONSHAPE($,$,(#3872));
#3874= IFCCARTESIANPOINT((-14427.023519901,-5909.25157766551,-197.));
#3875= IFCAXIS2PLACEMENT3D(#3874,#3196,#3132);
#3876= IFCLOCALPLACEMENT(#3857,#3875);
#3877= IFCREINFORCINGBAR('35Hn7jApXDaAfe8dnJWYff',#3056,'EB_NUT',$,$,#3876,#3873,'IDc54711ed-2b38-4d90-aa68-227c53822a69',$,28.,0.,$,.NOTDEFINED.,$);
#3878= IFCPROPERTYSET('04SGbcgwHDah0a5CqfFS2u',#5,'Tekla Reinforcement - General','Reinforcement Properties',(#3200,#3201,#408,#3202,#3203,#3204,#3205,#3206,#3207));
#3879= IFCPROPERTYSET('0swvKqgbrB5xFBByLeVPIj',#5,'Tekla Reinforcement - Bending List','Reinforcement Properties 1',(#3209,#3210,#3211,#3212,#3213,#3214,#3215,#3216,#3217,#3218,#3219,#3220,#3221,#3222,#3223,#3224,#3225,#3226,#3227,#3228,#3229,#3230,#3231,#3232,#3233,#3234,#3235,#3236,#3237,#3238));
#3880= IFCPROPERTYSET('20OS2VHvPFiAepQvO334fV',#5,'Tekla Reinforcement - End Conditions','Reinforcement Properties 2',(#3240,#3241,#3242,#3243,#3244,#3245,#3246,#3247));
#3881= IFCMAPPEDITEM(#3289,#276);
#3882= IFCSHAPEREPRESENTATION(#12,'Body','MappedRepresentation',(#3881));
#3883= IFCPRODUCTDEFINITIONSHAPE($,$,(#3882));
#3884= IFCCARTESIANPOINT((-14427.023519901,-5909.25157766551,-210.));
#3885= IFCAXIS2PLACEMENT3D(#3884,#3196,#3132);
#3886= IFCLOCALPLACEMENT(#3857,#3885);
#3887= IFCREINFORCINGBAR('3oRQf3tdDF_PqdRlFB3Uae',#3056,'EB_WASHER',$,$,#3886,#3883,'IDf26daa43-de73-4ff9-9d27-6ef3cb0de928',$,43.,0.,$,.NOTDEFINED.,$);
#3888= IFCPROPERTYSET('1964VVQQr5WvbldgbdBUZQ',#5,'Tekla Reinforcement - General','Reinforcement Properties',(#3200,#3201,#408,#3202,#3203,#3204,#3205,#3206,#3297));
#3889= IFCPROPERTYSET('3N19uPsWTAOQsST65Arc5d',#5,'Tekla Reinforcement - Bending List','Reinforcement Properties 1',(#3209,#3210,#3211,#3212,#3213,#3214,#3215,#3216,#3217,#3218,#3219,#3220,#3221,#3222,#3223,#3224,#3225,#3226,#3227,#3228,#3229,#3299,#3231,#421,#3300,#3234,#3301,#3236,#3237,#3302));
#3890= IFCPROPERTYSET('1$kcD43VDAugylGlGYtw5U',#5,'Tekla Reinforcement - End Conditions','Reinforcement Properties 2',(#3240,#3241,#3242,#3243,#3244,#3245,#3246,#3247));
#3891= IFCMAPPEDITEM(#3345,#276);
#3892= IFCSHAPEREPRESENTATION(#12,'Body','MappedRepresentation',(#3891));
#3893= IFCPRODUCTDEFINITIONSHAPE($,$,(#3892));
#3894= IFCCARTESIANPOINT((-14427.023519901,-5909.25157766551,-305.));
#3895= IFCAXIS2PLACEMENT3D(#3894,#3196,#3132);
#3896= IFCLOCALPLACEMENT(#3857,#3895);
#3897= IFCREINFORCINGBAR('0F5wYtZ$X7tRJEEBcrqT2r',#3056,'EB_REBAR',$,$,#3896,#3893,'ID0f17a8b7-8ff8-47dd-b4ce-38b9b5d1d0b5',$,19.,0.,$,.NOTDEFINED.,$);
#3898= IFCPROPERTYSET('25QQQ47aXC3PT_auZxC3ru',#5,'Tekla Reinforcement - General','Reinforcement Properties',(#3200,#3201,#408,#3202,#3203,#3204,#3205,#3206,#3353));
#3899= IFCPROPERTYSET('0puj6dEo9Dr9DI5TLicwjb',#5,'Tekla Reinforcement - Bending List','Reinforcement Properties 1',(#3209,#3210,#3211,#3212,#3213,#3214,#3215,#3216,#3217,#3218,#3219,#3220,#3221,#3222,#3223,#3224,#3225,#3226,#3227,#3228,#3229,#3355,#3356,#3144,#3357,#3234,#3358,#3236,#3237,#3359));
#3900= IFCPROPERTYSET('3$UxlOQbH3Rw_RMOBtziUu',#5,'Tekla Reinforcement - End Conditions','Reinforcement Properties 2',(#3240,#3241,#3242,#3243,#3244,#3245,#3246,#3247));
#3901= IFCMAPPEDITEM(#3402,#276);
#3902= IFCSHAPEREPRESENTATION(#12,'Body','MappedRepresentation',(#3901));
#3903= IFCPRODUCTDEFINITIONSHAPE($,$,(#3902));
#3904= IFCCARTESIANPOINT((-14427.023519901,-5909.25157766551,-433.));
#3905= IFCAXIS2PLACEMENT3D(#3904,#3196,#3132);
#3906= IFCLOCALPLACEMENT(#3857,#3905);
#3907= IFCREINFORCINGBAR('19hhVzh_vAW9uw$YF4SRAH',#3056,'EB_STUD',$,$,#3906,#3903,'ID49aeb7fd-afee-4a80-9e3a-fe23c471b291',$,46.,0.,$,.NOTDEFINED.,$);
#3908= IFCPROPERTYSET('1lvRjJCzfDBQx5h$MXFG3s',#5,'Tekla Reinforcement - General','Reinforcement Properties',(#3200,#3201,#408,#3202,#3203,#3204,#3205,#3206,#3410));
#3909= IFCPROPERTYSET('3dgU$VLhHFpQKTIrBPeTe_',#5,'Tekla Reinforcement - Bending List','Reinforcement Properties 1',(#3209,#3210,#3211,#3212,#3213,#3214,#3215,#3216,#3217,#3218,#3219,#3220,#3221,#3222,#3223,#3224,#3225,#3226,#3227,#3228,#3229,#3412,#3413,#3414,#3233,#3234,#3415,#3236,#3237,#3416));
#3910= IFCPROPERTYSET('3hsxH9LzT8Hvqzyhne6IP6',#5,'Tekla Reinforcement - End Conditions','Reinforcement Properties 2',(#3240,#3241,#3242,#3243,#3244,#3245,#3246,#3247));
#3911= IFCMAPPEDITEM(#3289,#276);
#3912= IFCSHAPEREPRESENTATION(#12,'Body','MappedRepresentation',(#3911));
#3913= IFCPRODUCTDEFINITIONSHAPE($,$,(#3912));
#3914= IFCCARTESIANPOINT((-14427.023519901,-5909.25157766551,-230.));
#3915= IFCAXIS2PLACEMENT3D(#3914,#3196,#3132);
#3916= IFCLOCALPLACEMENT(#3857,#3915);
#3917= IFCREINFORCINGBAR('0pKoTHMvP1TeOKmyOSK1Nd',#3056,'EB_WASHER',$,$,#3916,#3913,'ID33532751-5b96-4176-8614-c3c61c5015e7',$,43.,0.,$,.NOTDEFINED.,$);
#3918= IFCPROPERTYSET('3o5w7TMlz0nB7fMdPt3I3G',#5,'Tekla Reinforcement - General','Reinforcement Properties',(#3200,#3201,#408,#3202,#3203,#3204,#3205,#3206,#3297));
#3919= IFCPROPERTYSET('2vythNU8D6n8Wi1zpT9pj5',#5,'Tekla Reinforcement - Bending List','Reinforcement Properties 1',(#3209,#3210,#3211,#3212,#3213,#3214,#3215,#3216,#3217,#3218,#3219,#3220,#3221,#3222,#3223,#3224,#3225,#3226,#3227,#3228,#3229,#3299,#3231,#421,#3300,#3234,#3301,#3236,#3237,#3302));
#3920= IFCPROPERTYSET('2CDzbyCfT0yPE8rKFALDre',#5,'Tekla Reinforcement - End Conditions','Reinforcement Properties 2',(#3240,#3241,#3242,#3243,#3244,#3245,#3246,#3247));
#3921= IFCMAPPEDITEM(#3191,#276);
#3922= IFCSHAPEREPRESENTATION(#12,'Body','MappedRepresentation',(#3921));
#3923= IFCPRODUCTDEFINITIONSHAPE($,$,(#3922));
#3924= IFCCARTESIANPOINT((-14427.023519901,-5909.25157766551,-235.));
#3925= IFCAXIS2PLACEMENT3D(#3924,#3196,#3132);
#3926= IFCLOCALPLACEMENT(#3857,#3925);
#3927= IFCREINFORCINGBAR('0bnfwJuEP39BIG0wz2aanl',#3056,'EB_NUT',$,$,#3926,#3923,'ID25c69e93-e0e6-4324-b490-03af42924c6f',$,28.,0.,$,.NOTDEFINED.,$);
#3928= IFCPROPERTYSET('0apTGd6cb75e3yluggxwJG',#5,'Tekla Reinforcement - General','Reinforcement Properties',(#3200,#3201,#408,#3202,#3203,#3204,#3205,#3206,#3207));
#3929= IFCPROPERTYSET('3BT9Qo8NXCGRdaTiK6a2zR',#5,'Tekla Reinforcement - Bending List','Reinforcement Properties 1',(#3209,#3210,#3211,#3212,#3213,#3214,#3215,#3216,#3217,#3218,#3219,#3220,#3221,#3222,#3223,#3224,#3225,#3226,#3227,#3228,#3229,#3230,#3231,#3232,#3233,#3234,#3235,#3236,#3237,#3238));
#3930= IFCPROPERTYSET('1DomJpVX94BxO2AUGud0dE',#5,'Tekla Reinforcement - End Conditions','Reinforcement Properties 2',(#3240,#3241,#3242,#3243,#3244,#3245,#3246,#3247));
#3931= IFCSURFACESTYLE('CONCRETE/C25/30',.POSITIVE.,(#307));
#3932= IFCPRESENTATIONSTYLEASSIGNMENT((#3931));
#3933= IFCCARTESIANPOINT((0.,169.999999999874,-170.000000000032));
#3934= IFCCARTESIANPOINT((0.,170.000000000033,169.999999999873));
#3935= IFCCARTESIANPOINT((520.,170.000000000033,169.999999999873));
#3936= IFCCARTESIANPOINT((520.,169.999999999874,-170.000000000032));
#3937= IFCPOLYLOOP((#3933,#3934,#3935,#3936));
#3938= IFCFACEOUTERBOUND(#3937,.T.);
#3939= IFCFACE((#3938));
#3940= IFCCARTESIANPOINT((0.,-169.999999999873,170.000000000031));
#3941= IFCCARTESIANPOINT((520.,-169.999999999873,170.000000000031));
#3942= IFCPOLYLOOP((#3934,#3940,#3941,#3935));
#3943= IFCFACEOUTERBOUND(#3942,.T.);
#3944= IFCFACE((#3943));
#3945= IFCCARTESIANPOINT((0.,-170.000000000031,-169.999999999874));
#3946= IFCCARTESIANPOINT((520.,-170.000000000031,-169.999999999874));
#3947= IFCPOLYLOOP((#3940,#3945,#3946,#3941));
#3948= IFCFACEOUTERBOUND(#3947,.T.);
#3949= IFCFACE((#3948));
#3950= IFCPOLYLOOP((#3945,#3933,#3936,#3946));
#3951= IFCFACEOUTERBOUND(#3950,.T.);
#3952= IFCFACE((#3951));
#3953= IFCPOLYLOOP((#3941,#3946,#3936,#3935));
#3954= IFCFACEOUTERBOUND(#3953,.T.);
#3955= IFCFACE((#3954));
#3956= IFCPOLYLOOP((#3945,#3940,#3934,#3933));
#3957= IFCFACEOUTERBOUND(#3956,.T.);
#3958= IFCFACE((#3957));
#3959= IFCCLOSEDSHELL((#3939,#3944,#3949,#3952,#3955,#3958));
#3960= IFCFACETEDBREP(#3959);
#3961= IFCSTYLEDITEM(#3960,(#3932),$);
#3962= IFCSHAPEREPRESENTATION(#12,'Body','Brep',(#3960));
#3963= IFCPRODUCTDEFINITIONSHAPE($,$,(#3962));
#3964= IFCCARTESIANPOINT((-14340.7223609661,-6012.21812546897,-800.));
#3965= IFCAXIS2PLACEMENT3D(#3964,#550,#9);
#3966= IFCLOCALPLACEMENT(#3057,#3965);
#3967= IFCCOLUMN('3lB18KE_97muqKuaDYlNbp',#3056,'POSTI VUNDAMENT','340*340',$,#3966,#3963,'IDef2c1214-3be2-47c3-8d14-e24362bd7973');
#3968= IFCCOLUMNTYPE('3XKIJwvlD3Qv4tGk$DTkHj',#5,'340*340',$,$,$,$,$,$,.NOTDEFINED.);
#3969= IFCPROPERTYSINGLEVALUE('Class',$,IFCLABEL('1'),$);
#3970= IFCPROPERTYSINGLEVALUE('Phase',$,IFCINTEGER(3179),$);
#3971= IFCPROPERTYSINGLEVALUE('Top elevation',$,IFCLABEL(' -0.280'),$);
#3972= IFCPROPERTYSINGLEVALUE('Bottom elevation',$,IFCLABEL(' -0.800'),$);
#3973= IFCPROPERTYSET('1QfNgyHofE0wjVZeIsWyLA',#5,'Tekla Common','Common Properties to Shared building elements',(#3969,#3970,#409,#410,#3971,#3972,#413));
#3974= IFCPROPERTYSINGLEVALUE('Length',$,IFCLENGTHMEASURE(520.),$);
#3975= IFCPROPERTYSINGLEVALUE('Width',$,IFCLENGTHMEASURE(340.),$);
#3976= IFCPROPERTYSINGLEVALUE('Height',$,IFCLENGTHMEASURE(340.),$);
#3977= IFCPROPERTYSINGLEVALUE('Net surface area',$,IFCAREAMEASURE(0.938),$);
#3978= IFCPROPERTYSINGLEVALUE('Area per tons',$,IFCAREAMEASURE(6.244),$);
#3979= IFCPROPERTYSINGLEVALUE('Gross footprint area',$,IFCAREAMEASURE(0.116),$);
#3980= IFCPROPERTYSINGLEVALUE('Volume',$,IFCVOLUMEMEASURE(0.06),$);
#3981= IFCPROPERTYSINGLEVALUE('Weight',$,IFCMASSMEASURE(150.28),$);
#3982= IFCPROPERTYSET('2UxDTQsi547PriYgV5eHBe',#5,'Tekla Quantity','Quantity Properties to Shared building elements',(#3974,#3975,#3976,#3977,#3978,#3979,#3980,#3981));
#3983= IFCPROPERTYSINGLEVALUE('OuterSurfaceArea',$,IFCAREAMEASURE(0.9),$);
#3984= IFCPROPERTYSINGLEVALUE('NetVolume',$,IFCVOLUMEMEASURE(0.1),$);
#3985= IFCPROPERTYSINGLEVALUE('NetWeight',$,IFCMASSMEASURE(150.3),$);
#3986= IFCPROPERTYSET('2aYrXCwsz66w68rVH1ZYsS',#5,'ColumnBaseQuantities',$,(#3974,#3983,#3984,#3985));
#3987= IFCPROPERTYSET('1hzMvsTCv0b81wPiKb$kLb',#5,'Pset_ColumnCommon','Definition from IAI: Properties common to the definition of all occurrences of IfcColumn.',(#430,#770,#431,#432,#434));
#3988= IFCMATERIAL('CONCRETE/C25/30');
#3989= IFCCOLOURRGB('Dark Red',0.752941176470588,0.16078431372549,0.552941176470588);
#3990= IFCSURFACESTYLERENDERING(#3989,0.,$,$,$,$,IFCNORMALISEDRATIOMEASURE(0.00390625),IFCSPECULAREXPONENT(10.),.NOTDEFINED.);
#3991= IFCSURFACESTYLE('B500B',.POSITIVE.,(#3990));
#3992= IFCPRESENTATIONSTYLEASSIGNMENT((#3991));
#3993= IFCCARTESIANPOINT((-5.45696821063938E-12,3.46410161513776,-2.));
#3994= IFCCARTESIANPOINT((5.4569682106394E-12,3.46410161513775,2.));
#3995= IFCCARTESIANPOINT((1.09139364212788E-11,-1.55431223447522E-15,4.));
#3996= IFCCARTESIANPOINT((5.45696821063939E-12,-3.46410161513776,2.));
#3997= IFCCARTESIANPOINT((-5.45696821063939E-12,-3.46410161513775,-2.));
#3998= IFCCARTESIANPOINT((-1.09139364212788E-11,0.,-4.));
#3999= IFCPOLYLOOP((#3993,#3994,#3995,#3996,#3997,#3998));
#4000= IFCFACEOUTERBOUND(#3999,.T.);
#4001= IFCFACE((#4000));
#4002= IFCCARTESIANPOINT((-59.9999999999854,-3.46410161513775,-1.99999999983629));
#4003= IFCCARTESIANPOINT((-59.9999999999909,0.,-3.99999999983629));
#4004= IFCPOLYLOOP((#3998,#3997,#4002,#4003));
#4005= IFCFACEOUTERBOUND(#4004,.T.);
#4006= IFCFACE((#4005));
#4007= IFCCARTESIANPOINT((-59.9999999999745,-3.46410161513776,2.00000000016371));
#4008= IFCPOLYLOOP((#3997,#3996,#4007,#4002));
#4009= IFCFACEOUTERBOUND(#4008,.T.);
#4010= IFCFACE((#4009));
#4011= IFCCARTESIANPOINT((-59.9999999999691,-1.55431223447522E-15,4.00000000016371));
#4012= IFCPOLYLOOP((#3996,#3995,#4011,#4007));
#4013= IFCFACEOUTERBOUND(#4012,.T.);
#4014= IFCFACE((#4013));
#4015= IFCCARTESIANPOINT((-59.9999999999745,3.46410161513775,2.00000000016371));
#4016= IFCPOLYLOOP((#3995,#3994,#4015,#4011));
#4017= IFCFACEOUTERBOUND(#4016,.T.);
#4018= IFCFACE((#4017));
#4019= IFCCARTESIANPOINT((-59.9999999999854,3.46410161513776,-1.99999999983629));
#4020= IFCPOLYLOOP((#3994,#3993,#4019,#4015));
#4021= IFCFACEOUTERBOUND(#4020,.T.);
#4022= IFCFACE((#4021));
#4023= IFCPOLYLOOP((#3993,#3998,#4003,#4019));
#4024= IFCFACEOUTERBOUND(#4023,.T.);
#4025= IFCFACE((#4024));
#4026= IFCCARTESIANPOINT((-66.9999999999906,-3.46410161513775,-3.87564434683505));
#4027= IFCCARTESIANPOINT((-65.9999999999953,0.,-5.60769515440666));
#4028= IFCPOLYLOOP((#4003,#4002,#4026,#4027));
#4029= IFCFACEOUTERBOUND(#4028,.T.);
#4030= IFCFACE((#4029));
#4031= IFCCARTESIANPOINT((-68.9999999999811,-3.46410161513776,-0.411542731691839));
#4032= IFCPOLYLOOP((#4002,#4007,#4031,#4026));
#4033= IFCFACEOUTERBOUND(#4032,.T.);
#4034= IFCFACE((#4033));
#4035= IFCCARTESIANPOINT((-69.9999999999764,-1.55431223447522E-15,1.32050807587977));
#4036= IFCPOLYLOOP((#4007,#4011,#4035,#4031));
#4037= IFCFACEOUTERBOUND(#4036,.T.);
#4038= IFCFACE((#4037));
#4039= IFCCARTESIANPOINT((-68.9999999999811,3.46410161513775,-0.411542731691839));
#4040= IFCPOLYLOOP((#4011,#4015,#4039,#4035));
#4041= IFCFACEOUTERBOUND(#4040,.T.);
#4042= IFCFACE((#4041));
#4043= IFCCARTESIANPOINT((-66.9999999999906,3.46410161513776,-3.87564434683505));
#4044= IFCPOLYLOOP((#4015,#4019,#4043,#4039));
#4045= IFCFACEOUTERBOUND(#4044,.T.);
#4046= IFCFACE((#4045));
#4047= IFCPOLYLOOP((#4019,#4003,#4027,#4043));
#4048= IFCFACEOUTERBOUND(#4047,.T.);
#4049= IFCFACE((#4048));
#4050= IFCCARTESIANPOINT((-72.1243556529867,-3.46410161513775,-8.99999999980321));
#4051= IFCCARTESIANPOINT((-70.3923048454205,0.,-9.99999999980793));
#4052= IFCPOLYLOOP((#4027,#4026,#4050,#4051));
#4053= IFCFACEOUTERBOUND(#4052,.T.);
#4054= IFCFACE((#4053));
#4055= IFCCARTESIANPOINT((-75.588457268119,-3.46410161513776,-6.99999999979376));
#4056= IFCPOLYLOOP((#4026,#4031,#4055,#4050));
#4057= IFCFACEOUTERBOUND(#4056,.T.);
#4058= IFCFACE((#4057));
#4059= IFCCARTESIANPOINT((-77.3205080756851,-1.55431223447522E-15,-5.99999999978903));
#4060= IFCPOLYLOOP((#4031,#4035,#4059,#4055));
#4061= IFCFACEOUTERBOUND(#4060,.T.);
#4062= IFCFACE((#4061));
#4063= IFCCARTESIANPOINT((-75.588457268119,3.46410161513775,-6.99999999979376));
#4064= IFCPOLYLOOP((#4035,#4039,#4063,#4059));
#4065= IFCFACEOUTERBOUND(#4064,.T.);
#4066= IFCFACE((#4065));
#4067= IFCCARTESIANPOINT((-72.1243556529867,3.46410161513776,-8.99999999980321));
#4068= IFCPOLYLOOP((#4039,#4043,#4067,#4063));
#4069= IFCFACEOUTERBOUND(#4068,.T.);
#4070= IFCFACE((#4069));
#4071= IFCPOLYLOOP((#4043,#4027,#4051,#4067));
#4072= IFCFACEOUTERBOUND(#4071,.T.);
#4073= IFCFACE((#4072));
#4074= IFCCARTESIANPOINT((-74.0000000000236,-3.46410161513775,-15.9999999997981));
#4075= IFCCARTESIANPOINT((-72.0000000000236,0.,-15.9999999998036));
#4076= IFCPOLYLOOP((#4051,#4050,#4074,#4075));
#4077= IFCFACEOUTERBOUND(#4076,.T.);
#4078= IFCFACE((#4077));
#4079= IFCCARTESIANPOINT((-78.0000000000236,-3.46410161513776,-15.9999999997872));
#4080= IFCPOLYLOOP((#4050,#4055,#4079,#4074));
#4081= IFCFACEOUTERBOUND(#4080,.T.);
#4082= IFCFACE((#4081));
#4083= IFCCARTESIANPOINT((-80.0000000000236,-1.55431223447522E-15,-15.9999999997817));
#4084= IFCPOLYLOOP((#4055,#4059,#4083,#4079));
#4085= IFCFACEOUTERBOUND(#4084,.T.);
#4086= IFCFACE((#4085));
#4087= IFCCARTESIANPOINT((-78.0000000000236,3.46410161513775,-15.9999999997872));
#4088= IFCPOLYLOOP((#4059,#4063,#4087,#4083));
#4089= IFCFACEOUTERBOUND(#4088,.T.);
#4090= IFCFACE((#4089));
#4091= IFCCARTESIANPOINT((-74.0000000000236,3.46410161513776,-15.9999999997981));
#4092= IFCPOLYLOOP((#4063,#4067,#4091,#4087));
#4093= IFCFACEOUTERBOUND(#4092,.T.);
#4094= IFCFACE((#4093));
#4095= IFCPOLYLOOP((#4067,#4051,#4075,#4091));
#4096= IFCFACEOUTERBOUND(#4095,.T.);
#4097= IFCFACE((#4096));
#4098= IFCCARTESIANPOINT((-74.0000000006512,-3.46410161513775,-245.999999998809));
#4099= IFCCARTESIANPOINT((-72.0000000006512,0.,-245.999999998815));
#4100= IFCPOLYLOOP((#4075,#4074,#4098,#4099));
#4101= IFCFACEOUTERBOUND(#4100,.T.);
#4102= IFCFACE((#4101));
#4103= IFCCARTESIANPOINT((-78.0000000006512,-3.46410161513776,-245.999999998798));
#4104= IFCPOLYLOOP((#4074,#4079,#4103,#4098));
#4105= IFCFACEOUTERBOUND(#4104,.T.);
#4106= IFCFACE((#4105));
#4107= IFCCARTESIANPOINT((-80.0000000006512,-1.55431223447522E-15,-245.999999998793));
#4108= IFCPOLYLOOP((#4079,#4083,#4107,#4103));
#4109= IFCFACEOUTERBOUND(#4108,.T.);
#4110= IFCFACE((#4109));
#4111= IFCCARTESIANPOINT((-78.0000000006512,3.46410161513775,-245.999999998798));
#4112= IFCPOLYLOOP((#4083,#4087,#4111,#4107));
#4113= IFCFACEOUTERBOUND(#4112,.T.);
#4114= IFCFACE((#4113));
#4115= IFCCARTESIANPOINT((-74.0000000006512,3.46410161513776,-245.999999998809));
#4116= IFCPOLYLOOP((#4087,#4091,#4115,#4111));
#4117= IFCFACEOUTERBOUND(#4116,.T.);
#4118= IFCFACE((#4117));
#4119= IFCPOLYLOOP((#4091,#4075,#4099,#4115));
#4120= IFCFACEOUTERBOUND(#4119,.T.);
#4121= IFCFACE((#4120));
#4122= IFCCARTESIANPOINT((-72.1243556536375,-3.46410161513775,-252.99999999884));
#4123= IFCCARTESIANPOINT((-70.3923048460681,0.,-251.999999998841));
#4124= IFCPOLYLOOP((#4099,#4098,#4122,#4123));
#4125= IFCFACEOUTERBOUND(#4124,.T.);
#4126= IFCFACE((#4125));
#4127= IFCCARTESIANPOINT((-75.5884572687765,-3.46410161513776,-254.999999998838));
#4128= IFCPOLYLOOP((#4098,#4103,#4127,#4122));
#4129= IFCFACEOUTERBOUND(#4128,.T.);
#4130= IFCFACE((#4129));
#4131= IFCCARTESIANPOINT((-77.320508076346,-1.55431223447522E-15,-255.999999998837));
#4132= IFCPOLYLOOP((#4103,#4107,#4131,#4127));
#4133= IFCFACEOUTERBOUND(#4132,.T.);
#4134= IFCFACE((#4133));
#4135= IFCCARTESIANPOINT((-75.5884572687765,3.46410161513775,-254.999999998838));
#4136= IFCPOLYLOOP((#4107,#4111,#4135,#4131));
#4137= IFCFACEOUTERBOUND(#4136,.T.);
#4138= IFCFACE((#4137));
#4139= IFCCARTESIANPOINT((-72.1243556536375,3.46410161513776,-252.99999999884));
#4140= IFCPOLYLOOP((#4111,#4115,#4139,#4135));
#4141= IFCFACEOUTERBOUND(#4140,.T.);
#4142= IFCFACE((#4141));
#4143= IFCPOLYLOOP((#4115,#4099,#4123,#4139));
#4144= IFCFACEOUTERBOUND(#4143,.T.);
#4145= IFCFACE((#4144));
#4146= IFCCARTESIANPOINT((-67.0000000006326,-3.46410161513775,-258.12435565184));
#4147= IFCCARTESIANPOINT((-66.0000000006353,0.,-256.39230484427));
#4148= IFCPOLYLOOP((#4123,#4122,#4146,#4147));
#4149= IFCFACEOUTERBOUND(#4148,.T.);
#4150= IFCFACE((#4149));
#4151= IFCCARTESIANPOINT((-69.0000000006273,-3.46410161513776,-261.588457266981));
#4152= IFCPOLYLOOP((#4122,#4127,#4151,#4146));
#4153= IFCFACEOUTERBOUND(#4152,.T.);
#4154= IFCFACE((#4153));
#4155= IFCCARTESIANPOINT((-70.0000000006247,-1.55431223447522E-15,-263.320508074551));
#4156= IFCPOLYLOOP((#4127,#4131,#4155,#4151));
#4157= IFCFACEOUTERBOUND(#4156,.T.);
#4158= IFCFACE((#4157));
#4159= IFCCARTESIANPOINT((-69.0000000006273,3.46410161513775,-261.588457266981));
#4160= IFCPOLYLOOP((#4131,#4135,#4159,#4155));
#4161= IFCFACEOUTERBOUND(#4160,.T.);
#4162= IFCFACE((#4161));
#4163= IFCCARTESIANPOINT((-67.0000000006326,3.46410161513776,-258.12435565184));
#4164= IFCPOLYLOOP((#4135,#4139,#4163,#4159));
#4165= IFCFACEOUTERBOUND(#4164,.T.);
#4166= IFCFACE((#4165));
#4167= IFCPOLYLOOP((#4139,#4123,#4147,#4163));
#4168= IFCFACEOUTERBOUND(#4167,.T.);
#4169= IFCFACE((#4168));
#4170= IFCCARTESIANPOINT((-60.0000000005999,-3.46410161513775,-259.999999998847));
#4171= IFCCARTESIANPOINT((-60.0000000006073,0.,-257.999999998847));
#4172= IFCPOLYLOOP((#4147,#4146,#4170,#4171));
#4173= IFCFACEOUTERBOUND(#4172,.T.);
#4174= IFCFACE((#4173));
#4175= IFCCARTESIANPOINT((-60.0000000005853,-3.46410161513776,-263.999999998847));
#4176= IFCPOLYLOOP((#4146,#4151,#4175,#4170));
#4177= IFCFACEOUTERBOUND(#4176,.T.);
#4178= IFCFACE((#4177));
#4179= IFCCARTESIANPOINT((-60.000000000578,-1.55431223447522E-15,-265.999999998847));
#4180= IFCPOLYLOOP((#4151,#4155,#4179,#4175));
#4181= IFCFACEOUTERBOUND(#4180,.T.);
#4182= IFCFACE((#4181));
#4183= IFCCARTESIANPOINT((-60.0000000005853,3.46410161513775,-263.999999998847));
#4184= IFCPOLYLOOP((#4155,#4159,#4183,#4179));
#4185= IFCFACEOUTERBOUND(#4184,.T.);
#4186= IFCFACE((#4185));
#4187= IFCCARTESIANPOINT((-60.0000000005999,3.46410161513776,-259.999999998847));
#4188= IFCPOLYLOOP((#4159,#4163,#4187,#4183));
#4189= IFCFACEOUTERBOUND(#4188,.T.);
#4190= IFCFACE((#4189));
#4191= IFCPOLYLOOP((#4163,#4147,#4171,#4187));
#4192= IFCFACEOUTERBOUND(#4191,.T.);
#4193= IFCFACE((#4192));
#4194= IFCCARTESIANPOINT((170.000000001406,-3.46410161513776,-259.999999998005));
#4195= IFCCARTESIANPOINT((170.000000001399,-8.88178419700125E-16,-257.999999998005));
#4196= IFCPOLYLOOP((#4171,#4170,#4194,#4195));
#4197= IFCFACEOUTERBOUND(#4196,.T.);
#4198= IFCFACE((#4197));
#4199= IFCCARTESIANPOINT((170.000000001421,-3.46410161513776,-263.999999998005));
#4200= IFCPOLYLOOP((#4170,#4175,#4199,#4194));
#4201= IFCFACEOUTERBOUND(#4200,.T.);
#4202= IFCFACE((#4201));
#4203= IFCCARTESIANPOINT((170.000000001428,-2.44249065417534E-15,-265.999999998005));
#4204= IFCPOLYLOOP((#4175,#4179,#4203,#4199));
#4205= IFCFACEOUTERBOUND(#4204,.T.);
#4206= IFCFACE((#4205));
#4207= IFCCARTESIANPOINT((170.000000001421,3.46410161513775,-263.999999998005));
#4208= IFCPOLYLOOP((#4179,#4183,#4207,#4203));
#4209= IFCFACEOUTERBOUND(#4208,.T.);
#4210= IFCFACE((#4209));
#4211= IFCCARTESIANPOINT((170.000000001406,3.46410161513776,-259.999999998005));
#4212= IFCPOLYLOOP((#4183,#4187,#4211,#4207));
#4213= IFCFACEOUTERBOUND(#4212,.T.);
#4214= IFCFACE((#4213));
#4215= IFCPOLYLOOP((#4187,#4171,#4195,#4211));
#4216= IFCFACEOUTERBOUND(#4215,.T.);
#4217= IFCFACE((#4216));
#4218= IFCCARTESIANPOINT((177.060052336046,-3.39915664700412,-258.109379814538));
#4219= IFCCARTESIANPOINT((176.00117895926,0.0552044599259207,-256.392936831254));
#4220= IFCPOLYLOOP((#4195,#4194,#4218,#4219));
#4221= IFCFACEOUTERBOUND(#4220,.T.);
#4222= IFCFACE((#4221));
#4223= IFCCARTESIANPOINT((179.058873378162,-3.38076962057272,-261.574113045084));
#4224= IFCPOLYLOOP((#4194,#4199,#4223,#4218));
#4225= IFCFACEOUTERBOUND(#4224,.T.);
#4226= IFCFACE((#4225));
#4227= IFCCARTESIANPOINT((179.998821043492,0.0919785127887262,-263.322403292347));
#4228= IFCPOLYLOOP((#4199,#4203,#4227,#4223));
#4229= IFCFACEOUTERBOUND(#4228,.T.);
#4230= IFCFACE((#4229));
#4231= IFCCARTESIANPOINT((178.939947666706,3.54633961971877,-261.605960309064));
#4232= IFCPOLYLOOP((#4203,#4207,#4231,#4227));
#4233= IFCFACEOUTERBOUND(#4232,.T.);
#4234= IFCFACE((#4233));
#4235= IFCCARTESIANPOINT((176.94112662459,3.52795259328737,-258.141227078518));
#4236= IFCPOLYLOOP((#4207,#4211,#4235,#4231));
#4237= IFCFACEOUTERBOUND(#4236,.T.);
#4238= IFCFACE((#4237));
#4239= IFCPOLYLOOP((#4211,#4195,#4219,#4235));
#4240= IFCFACEOUTERBOUND(#4239,.T.);
#4241= IFCFACE((#4240));
#4242= IFCCARTESIANPOINT((182.228369349099,-3.22172369436695,-252.944109415538));
#4243= IFCCARTESIANPOINT((180.394346861729,0.206025849248053,-252.00235860876));
#4244= IFCPOLYLOOP((#4219,#4218,#4242,#4243));
#4245= IFCFACEOUTERBOUND(#4244,.T.);
#4246= IFCFACE((#4245));
#4247= IFCCARTESIANPOINT((185.690428949272,-3.1531023775248,-254.946466636348));
#4248= IFCPOLYLOOP((#4218,#4223,#4247,#4242));
#4249= IFCFACEOUTERBOUND(#4248,.T.);
#4250= IFCFACE((#4249));
#4251= IFCCARTESIANPOINT((187.318466062074,0.343268482932349,-256.00707305038));
#4252= IFCPOLYLOOP((#4223,#4227,#4251,#4247));
#4253= IFCFACEOUTERBOUND(#4252,.T.);
#4254= IFCFACE((#4253));
#4255= IFCCARTESIANPOINT((185.484443574703,3.77101802654735,-255.065322243602));
#4256= IFCPOLYLOOP((#4227,#4231,#4255,#4251));
#4257= IFCFACEOUTERBOUND(#4256,.T.);
#4258= IFCFACE((#4257));
#4259= IFCCARTESIANPOINT((182.022383974531,3.70239670970521,-253.062965022792));
#4260= IFCPOLYLOOP((#4231,#4235,#4259,#4255));
#4261= IFCFACEOUTERBOUND(#4260,.T.);
#4262= IFCFACE((#4261));
#4263= IFCPOLYLOOP((#4235,#4219,#4243,#4259));
#4264= IFCFACEOUTERBOUND(#4263,.T.);
#4265= IFCFACE((#4264));
#4266= IFCCARTESIANPOINT((184.1201046707,-2.97934577359567,-245.888218833096));
#4267= IFCCARTESIANPOINT((182.002357917133,0.412051698496512,-246.004717219536));
#4268= IFCPOLYLOOP((#4243,#4242,#4266,#4267));
#4269= IFCFACEOUTERBOUND(#4268,.T.);
#4270= IFCFACE((#4269));
#4271= IFCCARTESIANPOINT((188.117746754922,-2.84210313991124,-245.892933274722));
#4272= IFCPOLYLOOP((#4242,#4247,#4271,#4266));
#4273= IFCFACEOUTERBOUND(#4272,.T.);
#4274= IFCFACE((#4273));
#4275= IFCCARTESIANPOINT((189.997642085577,0.686536965865376,-246.014146102788));
#4276= IFCPOLYLOOP((#4247,#4251,#4275,#4271));
#4277= IFCFACEOUTERBOUND(#4276,.T.);
#4278= IFCFACE((#4277));
#4279= IFCCARTESIANPOINT((187.87989533201,4.07793443795756,-246.130644489228));
#4280= IFCPOLYLOOP((#4251,#4255,#4279,#4275));
#4281= IFCFACEOUTERBOUND(#4280,.T.);
#4282= IFCFACE((#4281));
#4283= IFCCARTESIANPOINT((183.882253247788,3.94069180427313,-246.125930047602));
#4284= IFCPOLYLOOP((#4255,#4259,#4283,#4279));
#4285= IFCFACEOUTERBOUND(#4284,.T.);
#4286= IFCFACE((#4285));
#4287= IFCPOLYLOOP((#4259,#4243,#4267,#4283));
#4288= IFCFACEOUTERBOUND(#4287,.T.);
#4289= IFCFACE((#4288));
#4290= IFCCARTESIANPOINT((184.120104671327,4.92206556203543,-15.869355507503));
#4291= IFCCARTESIANPOINT((182.002357917759,8.31346303412761,-15.9858538939434));
#4292= IFCPOLYLOOP((#4267,#4266,#4290,#4291));
#4293= IFCFACEOUTERBOUND(#4292,.T.);
#4294= IFCFACE((#4293));
#4295= IFCCARTESIANPOINT((188.117746755548,5.05930819571986,-15.874069949129));
#4296= IFCPOLYLOOP((#4266,#4271,#4295,#4290));
#4297= IFCFACEOUTERBOUND(#4296,.T.);
#4298= IFCFACE((#4297));
#4299= IFCCARTESIANPOINT((189.997642086203,8.58794830149647,-15.9952827771955));
#4300= IFCPOLYLOOP((#4271,#4275,#4299,#4295));
#4301= IFCFACEOUTERBOUND(#4300,.T.);
#4302= IFCFACE((#4301));
#4303= IFCCARTESIANPOINT((187.879895332636,11.9793457735887,-16.1117811636359));
#4304= IFCPOLYLOOP((#4275,#4279,#4303,#4299));
#4305= IFCFACEOUTERBOUND(#4304,.T.);
#4306= IFCFACE((#4305));
#4307= IFCCARTESIANPOINT((183.882253248414,11.8421031399042,-16.1070667220099));
#4308= IFCPOLYLOOP((#4279,#4283,#4307,#4303));
#4309= IFCFACEOUTERBOUND(#4308,.T.);
#4310= IFCFACE((#4309));
#4311= IFCPOLYLOOP((#4283,#4267,#4291,#4307));
#4312= IFCFACEOUTERBOUND(#4311,.T.);
#4313= IFCFACE((#4312));
#4314= IFCCARTESIANPOINT((182.228369349734,5.16444348280933,-8.81346492499807));
#4315= IFCCARTESIANPOINT((180.394346862362,8.51948888337829,-9.98821250466628));
#4316= IFCPOLYLOOP((#4291,#4290,#4314,#4315));
#4317= IFCFACEOUTERBOUND(#4316,.T.);
#4318= IFCFACE((#4317));
#4319= IFCCARTESIANPOINT((185.690428949908,5.37030743333678,-6.82053658742285));
#4320= IFCPOLYLOOP((#4290,#4295,#4319,#4314));
#4321= IFCFACEOUTERBOUND(#4320,.T.);
#4322= IFCFACE((#4321));
#4323= IFCCARTESIANPOINT((187.318466062712,8.9312167844332,-6.00235582951581));
#4324= IFCPOLYLOOP((#4295,#4299,#4323,#4319));
#4325= IFCFACEOUTERBOUND(#4324,.T.);
#4326= IFCFACE((#4325));
#4327= IFCCARTESIANPOINT((185.48444357534,12.2862621850022,-7.17710340918401));
#4328= IFCPOLYLOOP((#4299,#4303,#4327,#4323));
#4329= IFCFACEOUTERBOUND(#4328,.T.);
#4330= IFCFACE((#4329));
#4331= IFCCARTESIANPOINT((182.022383975165,12.0803982344747,-9.17003174675922));
#4332= IFCPOLYLOOP((#4303,#4307,#4331,#4327));
#4333= IFCFACEOUTERBOUND(#4332,.T.);
#4334= IFCFACE((#4333));
#4335= IFCPOLYLOOP((#4307,#4291,#4315,#4331));
#4336= IFCFACEOUTERBOUND(#4335,.T.);
#4337= IFCFACE((#4336));
#4338= IFCCARTESIANPOINT((177.060052336635,5.34187643544904,-3.64819452596247));
#4339= IFCCARTESIANPOINT((176.001178959854,8.67031027270258,-5.59763428214147));
#4340= IFCPOLYLOOP((#4315,#4314,#4338,#4339));
#4341= IFCFACEOUTERBOUND(#4340,.T.);
#4342= IFCFACE((#4341));
#4343= IFCCARTESIANPOINT((179.05887337874,5.59797467638796,-0.192890178640186));
#4344= IFCPOLYLOOP((#4314,#4319,#4343,#4338));
#4345= IFCFACEOUTERBOUND(#4344,.T.);
#4346= IFCFACE((#4345));
#4347= IFCCARTESIANPOINT((179.998821044065,9.18250675458042,1.31297441250313));
#4348= IFCPOLYLOOP((#4319,#4323,#4347,#4343));
#4349= IFCFACEOUTERBOUND(#4348,.T.);
#4350= IFCFACE((#4349));
#4351= IFCCARTESIANPOINT((178.939947667285,12.510940591834,-0.63646534367585));
#4352= IFCPOLYLOOP((#4323,#4327,#4351,#4347));
#4353= IFCFACEOUTERBOUND(#4352,.T.);
#4354= IFCFACE((#4353));
#4355= IFCCARTESIANPOINT((176.941126625179,12.2548423508951,-4.09176969099813));
#4356= IFCPOLYLOOP((#4327,#4331,#4355,#4351));
#4357= IFCFACEOUTERBOUND(#4356,.T.);
#4358= IFCFACE((#4357));
#4359= IFCPOLYLOOP((#4331,#4315,#4339,#4355));
#4360= IFCFACEOUTERBOUND(#4359,.T.);
#4361= IFCFACE((#4360));
#4362= IFCCARTESIANPOINT((170.000000001929,5.4068214035837,-1.75757434251716));
#4363= IFCCARTESIANPOINT((170.000000001937,8.72551473262938,-3.99057111540955));
#4364= IFCPOLYLOOP((#4339,#4338,#4362,#4363));
#4365= IFCFACEOUTERBOUND(#4364,.T.);
#4366= IFCFACE((#4365));
#4367= IFCCARTESIANPOINT((170.000000001914,5.68130667095432,2.23299677425252));
#4368= IFCPOLYLOOP((#4338,#4343,#4367,#4362));
#4369= IFCFACEOUTERBOUND(#4368,.T.);
#4370= IFCFACE((#4369));
#4371= IFCCARTESIANPOINT((170.000000001908,9.27448526737061,3.99057111812984));
#4372= IFCPOLYLOOP((#4343,#4347,#4371,#4367));
#4373= IFCFACEOUTERBOUND(#4372,.T.);
#4374= IFCFACE((#4373));
#4375= IFCCARTESIANPOINT((170.000000001916,12.5931785964163,1.75757434523749));
#4376= IFCPOLYLOOP((#4347,#4351,#4375,#4371));
#4377= IFCFACEOUTERBOUND(#4376,.T.);
#4378= IFCFACE((#4377));
#4379= IFCCARTESIANPOINT((170.000000001931,12.3186933290457,-2.2329967715322));
#4380= IFCPOLYLOOP((#4351,#4355,#4379,#4375));
#4381= IFCFACEOUTERBOUND(#4380,.T.);
#4382= IFCFACE((#4381));
#4383= IFCPOLYLOOP((#4355,#4339,#4363,#4379));
#4384= IFCFACEOUTERBOUND(#4383,.T.);
#4385= IFCFACE((#4384));
#4386= IFCCARTESIANPOINT((-59.9999999997227,5.4068214035837,-1.75757434336027));
#4387= IFCCARTESIANPOINT((-59.9999999997145,8.72551473262938,-3.99057111625265));
#4388= IFCPOLYLOOP((#4363,#4362,#4386,#4387));
#4389= IFCFACEOUTERBOUND(#4388,.T.);
#4390= IFCFACE((#4389));
#4391= IFCCARTESIANPOINT((-59.9999999997373,5.68130667095432,2.23299677340942));
#4392= IFCPOLYLOOP((#4362,#4367,#4391,#4386));
#4393= IFCFACEOUTERBOUND(#4392,.T.);
#4394= IFCFACE((#4393));
#4395= IFCCARTESIANPOINT((-59.9999999997437,9.27448526737061,3.99057111728674));
#4396= IFCPOLYLOOP((#4367,#4371,#4395,#4391));
#4397= IFCFACEOUTERBOUND(#4396,.T.);
#4398= IFCFACE((#4397));
#4399= IFCCARTESIANPOINT((-59.9999999997355,12.5931785964163,1.75757434439438));
#4400= IFCPOLYLOOP((#4371,#4375,#4399,#4395));
#4401= IFCFACEOUTERBOUND(#4400,.T.);
#4402= IFCFACE((#4401));
#4403= IFCCARTESIANPOINT((-59.9999999997209,12.3186933290457,-2.2329967723753));
#4404= IFCPOLYLOOP((#4375,#4379,#4403,#4399));
#4405= IFCFACEOUTERBOUND(#4404,.T.);
#4406= IFCFACE((#4405));
#4407= IFCPOLYLOOP((#4379,#4363,#4387,#4403));
#4408= IFCFACEOUTERBOUND(#4407,.T.);
#4409= IFCFACE((#4408));
#4410= IFCCARTESIANPOINT((-67.121212827777,5.4068214035837,-3.66569756979557));
#4411= IFCCARTESIANPOINT((-66.0047144413237,8.72551473262938,-5.59952950168495));
#4412= IFCPOLYLOOP((#4387,#4386,#4410,#4411));
#4413= IFCFACEOUTERBOUND(#4412,.T.);
#4414= IFCFACE((#4413));
#4415= IFCCARTESIANPOINT((-69.1164983861745,5.68130667095432,-0.209761607071897));
#4416= IFCPOLYLOOP((#4386,#4391,#4415,#4410));
#4417= IFCFACEOUTERBOUND(#4416,.T.);
#4418= IFCFACE((#4417));
#4419= IFCCARTESIANPOINT((-69.9952855581187,9.27448526737061,1.31234242376242));
#4420= IFCPOLYLOOP((#4391,#4395,#4419,#4415));
#4421= IFCFACEOUTERBOUND(#4420,.T.);
#4422= IFCFACE((#4421));
#4423= IFCCARTESIANPOINT((-68.8787871716655,12.5931785964163,-0.62148950812694));
#4424= IFCPOLYLOOP((#4395,#4399,#4423,#4419));
#4425= IFCFACEOUTERBOUND(#4424,.T.);
#4426= IFCFACE((#4425));
#4427= IFCCARTESIANPOINT((-66.883501613268,12.3186933290457,-4.07742547085062));
#4428= IFCPOLYLOOP((#4399,#4403,#4427,#4423));
#4429= IFCFACEOUTERBOUND(#4428,.T.);
#4430= IFCFACE((#4429));
#4431= IFCPOLYLOOP((#4403,#4387,#4411,#4427));
#4432= IFCFACEOUTERBOUND(#4431,.T.);
#4433= IFCFACE((#4432));
#4434= IFCCARTESIANPOINT((-72.33430242941,5.4068214035837,-8.87878717146682));
#4435= IFCCARTESIANPOINT((-70.4004704975125,8.72551473262938,-9.99528555790593));
#4436= IFCPOLYLOOP((#4411,#4410,#4434,#4435));
#4437= IFCFACEOUTERBOUND(#4436,.T.);
#4438= IFCFACE((#4437));
#4439= IFCCARTESIANPOINT((-75.7902383921483,5.68130667095432,-6.88350161309464));
#4440= IFCPOLYLOOP((#4410,#4415,#4439,#4434));
#4441= IFCFACEOUTERBOUND(#4440,.T.);
#4442= IFCFACE((#4441));
#4443= IFCCARTESIANPOINT((-77.3123424229891,9.27448526737061,-6.00471444116154));
#4444= IFCPOLYLOOP((#4415,#4419,#4443,#4439));
#4445= IFCFACEOUTERBOUND(#4444,.T.);
#4446= IFCFACE((#4445));
#4447= IFCCARTESIANPOINT((-75.3785104910915,12.5931785964163,-7.12121282760064));
#4448= IFCPOLYLOOP((#4419,#4423,#4447,#4443));
#4449= IFCFACEOUTERBOUND(#4448,.T.);
#4450= IFCFACE((#4449));
#4451= IFCCARTESIANPOINT((-71.9225745283532,12.3186933290457,-9.11649838597284));
#4452= IFCPOLYLOOP((#4423,#4427,#4451,#4447));
#4453= IFCFACEOUTERBOUND(#4452,.T.);
#4454= IFCFACE((#4453));
#4455= IFCPOLYLOOP((#4427,#4411,#4435,#4451));
#4456= IFCFACEOUTERBOUND(#4455,.T.);
#4457= IFCFACE((#4456));
#4458= IFCCARTESIANPOINT((-74.2424256557931,5.4068214035837,-15.9999999995351));
#4459= IFCCARTESIANPOINT((-72.0094288829007,8.72551473262938,-15.999999999527));
#4460= IFCPOLYLOOP((#4435,#4434,#4458,#4459));
#4461= IFCFACEOUTERBOUND(#4460,.T.);
#4462= IFCFACE((#4461));
#4463= IFCCARTESIANPOINT((-78.2329967725628,5.68130667095432,-15.9999999995498));
#4464= IFCPOLYLOOP((#4434,#4439,#4463,#4458));
#4465= IFCFACEOUTERBOUND(#4464,.T.);
#4466= IFCFACE((#4465));
#4467= IFCCARTESIANPOINT((-79.9905711164401,9.27448526737061,-15.9999999995562));
#4468= IFCPOLYLOOP((#4439,#4443,#4467,#4463));
#4469= IFCFACEOUTERBOUND(#4468,.T.);
#4470= IFCFACE((#4469));
#4471= IFCCARTESIANPOINT((-77.7575743435478,12.5931785964163,-15.999999999548));
#4472= IFCPOLYLOOP((#4443,#4447,#4471,#4467));
#4473= IFCFACEOUTERBOUND(#4472,.T.);
#4474= IFCFACE((#4473));
#4475= IFCCARTESIANPOINT((-73.7670032267781,12.3186933290457,-15.9999999995334));
#4476= IFCPOLYLOOP((#4447,#4451,#4475,#4471));
#4477= IFCFACEOUTERBOUND(#4476,.T.);
#4478= IFCFACE((#4477));
#4479= IFCPOLYLOOP((#4451,#4435,#4459,#4475));
#4480= IFCFACEOUTERBOUND(#4479,.T.);
#4481= IFCFACE((#4480));
#4482= IFCCARTESIANPOINT((-74.2424256555734,5.4068214035837,-75.9999999995143));
#4483= IFCCARTESIANPOINT((-72.009428882681,8.72551473262938,-75.9999999995062));
#4484= IFCPOLYLOOP((#4459,#4458,#4482,#4483));
#4485= IFCFACEOUTERBOUND(#4484,.T.);
#4486= IFCFACE((#4485));
#4487= IFCCARTESIANPOINT((-78.232996772343,5.68130667095432,-75.999999999529));
#4488= IFCPOLYLOOP((#4458,#4463,#4487,#4482));
#4489= IFCFACEOUTERBOUND(#4488,.T.);
#4490= IFCFACE((#4489));
#4491= IFCCARTESIANPOINT((-79.9905711162204,9.27448526737061,-75.9999999995354));
#4492= IFCPOLYLOOP((#4463,#4467,#4491,#4487));
#4493= IFCFACEOUTERBOUND(#4492,.T.);
#4494= IFCFACE((#4493));
#4495= IFCCARTESIANPOINT((-77.757574343328,12.5931785964163,-75.9999999995272));
#4496= IFCPOLYLOOP((#4467,#4471,#4495,#4491));
#4497= IFCFACEOUTERBOUND(#4496,.T.);
#4498= IFCFACE((#4497));
#4499= IFCCARTESIANPOINT((-73.7670032265583,12.3186933290457,-75.9999999995126));
#4500= IFCPOLYLOOP((#4471,#4475,#4499,#4495));
#4501= IFCFACEOUTERBOUND(#4500,.T.);
#4502= IFCFACE((#4501));
#4503= IFCPOLYLOOP((#4475,#4459,#4483,#4499));
#4504= IFCFACEOUTERBOUND(#4503,.T.);
#4505= IFCFACE((#4504));
#4506= IFCPOLYLOOP((#4483,#4482,#4487,#4491,#4495,#4499));
#4507= IFCFACEOUTERBOUND(#4506,.T.);
#4508= IFCFACE((#4507));
#4509= IFCCLOSEDSHELL((#4001,#4006,#4010,#4014,#4018,#4022,#4025,#4030,#4034,#4038,#4042,#4046,#4049,#4054,#4058,#4062,#4066,#4070,#4073,#4078,#4082,#4086,#4090,#4094,#4097,#4102,#4106,#4110,#4114,#4118,#4121,#4126,#4130,#4134,#4138,#4142,#4145,#4150,#4154,#4158,#4162,#4166,#4169,#4174,#4178,#4182,#4186,#4190,#4193,#4198,#4202,#4206,#4210,#4214,#4217,#4222,#4226,#4230,#4234,#4238,#4241,#4246,#4250,#4254,#4258,#4262,#4265,#4270,#4274,#4278,#4282,#4286,#4289,#4294,#4298,#4302,#4306,#4310,#4313,#4318,#4322,#4326,#4330,#4334,#4337,#4342,#4346,#4350,#4354,#4358,#4361,#4366,#4370,#4374,#4378,#4382,#4385,#4390,#4394,#4398,#4402,#4406,#4409,#4414,#4418,#4422,#4426,#4430,#4433,#4438,#4442,#4446,#4450,#4454,#4457,#4462,#4466,#4470,#4474,#4478,#4481,#4486,#4490,#4494,#4498,#4502,#4505,#4508));
#4510= IFCFACETEDBREP(#4509);
#4511= IFCSTYLEDITEM(#4510,(#3992),$);
#4512= IFCCARTESIANPOINT((995.000000005899,-69.9999999999982,281.000000002401));
#4513= IFCCARTESIANTRANSFORMATIONOPERATOR3D($,$,#4512,$,$);
#4514= IFCSHAPEREPRESENTATION(#12,'Body','Brep',(#4510));
#4515= IFCREPRESENTATIONMAP(#10,#4514);
#4516= IFCMAPPEDITEM(#4515,#4513);
#4517= IFCCARTESIANPOINT((995.000000005899,30.0000000000018,281.000000002401));
#4518= IFCCARTESIANTRANSFORMATIONOPERATOR3D($,$,#4517,$,$);
#4519= IFCMAPPEDITEM(#4515,#4518);
#4520= IFCCARTESIANPOINT((995.000000005899,130.000000000002,281.000000002401));
#4521= IFCCARTESIANTRANSFORMATIONOPERATOR3D($,$,#4520,$,$);
#4522= IFCMAPPEDITEM(#4515,#4521);
#4523= IFCCARTESIANPOINT((995.000000005899,230.000000000002,281.000000002401));
#4524= IFCCARTESIANTRANSFORMATIONOPERATOR3D($,$,#4523,$,$);
#4525= IFCMAPPEDITEM(#4515,#4524);
#4526= IFCCARTESIANPOINT((995.000000005899,330.000000000002,281.000000002401));
#4527= IFCCARTESIANTRANSFORMATIONOPERATOR3D($,$,#4526,$,$);
#4528= IFCMAPPEDITEM(#4515,#4527);
#4529= IFCCARTESIANPOINT((995.000000005899,430.000000000002,281.000000002401));
#4530= IFCCARTESIANTRANSFORMATIONOPERATOR3D($,$,#4529,$,$);
#4531= IFCMAPPEDITEM(#4515,#4530);
#4532= IFCCARTESIANPOINT((995.000000005899,480.000000000002,281.000000002401));
#4533= IFCCARTESIANTRANSFORMATIONOPERATOR3D($,$,#4532,$,$);
#4534= IFCMAPPEDITEM(#4515,#4533);
#4535= IFCCARTESIANPOINT((995.000000005899,530.000000000002,281.000000002401));
#4536= IFCCARTESIANTRANSFORMATIONOPERATOR3D($,$,#4535,$,$);
#4537= IFCMAPPEDITEM(#4515,#4536);
#4538= IFCSHAPEREPRESENTATION(#12,'Body','MappedRepresentation',(#4516,#4519,#4522,#4525,#4528,#4531,#4534,#4537));
#4539= IFCPRODUCTDEFINITIONSHAPE($,$,(#4538));
#4540= IFCCARTESIANPOINT((-15373.5185912015,-5770.69805008212,-880.000000000002));
#4541= IFCAXIS2PLACEMENT3D(#4540,#550,#635);
#4542= IFCLOCALPLACEMENT(#3057,#4541);
#4543= IFCREINFORCINGBAR('0SeY5IU4P9agLyA4XAg4xD',#3056,'STIRRUP',$,$,#4542,#4539,'ID1ca22152-7846-4992-a57c-28484aa84ecd',$,8.,0.,$,.NOTDEFINED.,$);
#4544= IFCPROPERTYSINGLEVALUE('Cast unit mark',$,IFCLABEL('V-1'),$);
#4545= IFCPROPERTYSINGLEVALUE('Spacing exact',$,IFCLABEL('5*100 + 2*50'),$);
#4546= IFCPROPERTYSINGLEVALUE('Spacing target',$,IFCLENGTHMEASURE(100.),$);
#4547= IFCPROPERTYSINGLEVALUE('Name',$,IFCLABEL('STIRRUP'),$);
#4548= IFCPROPERTYSET('1e$ffet$f1NBYgGbd5ZAjC',#5,'Tekla Reinforcement - General','Reinforcement Properties',(#3200,#3201,#3970,#4544,#4545,#4546,#3205,#3206,#4547));
#4549= IFCPROPERTYSINGLEVALUE('TD',$,IFCLENGTHMEASURE(24.),$);
#4550= IFCPROPERTYSINGLEVALUE('r',$,IFCLENGTHMEASURE(12.),$);
#4551= IFCPROPERTYSINGLEVALUE('c',$,IFCLENGTHMEASURE(270.),$);
#4552= IFCPROPERTYSINGLEVALUE('b',$,IFCLENGTHMEASURE(270.),$);
#4553= IFCPROPERTYSINGLEVALUE('a',$,IFCLENGTHMEASURE(80.),$);
#4554= IFCPROPERTYSINGLEVALUE('Weight total in group',$,IFCMASSMEASURE(2.1),$);
#4555= IFCPROPERTYSINGLEVALUE('Weight',$,IFCMASSMEASURE(0.26),$);
#4556= IFCPROPERTYSINGLEVALUE('Length',$,IFCLENGTHMEASURE(1165.),$);
#4557= IFCPROPERTYSINGLEVALUE('Shape',$,IFCIDENTIFIER('U'),$);
#4558= IFCPROPERTYSINGLEVALUE('Size',$,IFCIDENTIFIER('6'),$);
#4559= IFCPROPERTYSINGLEVALUE('Grade',$,IFCLABEL('B500B'),$);
#4560= IFCPROPERTYSINGLEVALUE('Number of bars in group',$,IFCINTEGER(8),$);
#4561= IFCPROPERTYSINGLEVALUE('Group position number',$,IFCIDENTIFIER('85'),$);
#4562= IFCPROPERTYSET('0BQg$ZINfDG9iVUrbFOD_$',#5,'Tekla Reinforcement - Bending List','Reinforcement Properties 1',(#4549,#3210,#3211,#3212,#3213,#3214,#3215,#4550,#3217,#3218,#3219,#3220,#3221,#3222,#3223,#3224,#3225,#3226,#3227,#4551,#4552,#4553,#4554,#4555,#4556,#4557,#4558,#4559,#4560,#4561));
#4563= IFCPROPERTYSET('30bW28MwP6GAquvY95kUJ3',#5,'Tekla Reinforcement - End Conditions','Reinforcement Properties 2',(#3240,#3241,#3242,#3243,#3244,#3245,#3246,#3247));
#4564= IFCMATERIAL('B500B');
#4565= IFCCARTESIANPOINT((0.,399.999999999704,-400.000000000075));
#4566= IFCCARTESIANPOINT((0.,400.000000000076,399.999999999702));
#4567= IFCCARTESIANPOINT((300.,400.000000000076,399.999999999702));
#4568= IFCCARTESIANPOINT((300.,399.999999999704,-400.000000000075));
#4569= IFCPOLYLOOP((#4565,#4566,#4567,#4568));
#4570= IFCFACEOUTERBOUND(#4569,.T.);
#4571= IFCFACE((#4570));
#4572= IFCCARTESIANPOINT((0.,-399.9999999997,400.000000000074));
#4573= IFCCARTESIANPOINT((300.,-399.9999999997,400.000000000074));
#4574= IFCPOLYLOOP((#4566,#4572,#4573,#4567));
#4575= IFCFACEOUTERBOUND(#4574,.T.);
#4576= IFCFACE((#4575));
#4577= IFCCARTESIANPOINT((0.,-400.000000000073,-399.999999999703));
#4578= IFCCARTESIANPOINT((300.,-400.000000000073,-399.999999999703));
#4579= IFCPOLYLOOP((#4572,#4577,#4578,#4573));
#4580= IFCFACEOUTERBOUND(#4579,.T.);
#4581= IFCFACE((#4580));
#4582= IFCPOLYLOOP((#4577,#4565,#4568,#4578));
#4583= IFCFACEOUTERBOUND(#4582,.T.);
#4584= IFCFACE((#4583));
#4585= IFCPOLYLOOP((#4573,#4578,#4568,#4567));
#4586= IFCFACEOUTERBOUND(#4585,.T.);
#4587= IFCFACE((#4586));
#4588= IFCPOLYLOOP((#4577,#4572,#4566,#4565));
#4589= IFCFACEOUTERBOUND(#4588,.T.);
#4590= IFCFACE((#4589));
#4591= IFCCLOSEDSHELL((#4571,#4576,#4581,#4584,#4587,#4590));
#4592= IFCFACETEDBREP(#4591);
#4593= IFCSTYLEDITEM(#4592,(#3932),$);
#4594= IFCSHAPEREPRESENTATION(#12,'Body','Brep',(#4592));
#4595= IFCPRODUCTDEFINITIONSHAPE($,$,(#4594));
#4596= IFCCARTESIANPOINT((-14340.7223609661,-6012.21812546897,-1100.));
#4597= IFCAXIS2PLACEMENT3D(#4596,#550,#9);
#4598= IFCLOCALPLACEMENT(#3057,#4597);
#4599= IFCFOOTING('1vZkyZzlLBPe0ndcF3WFKX',#3056,'POSTI VUNDAMENT','800*800',$,#4598,#4595,'ID798eef23-f6f5-4b66-8031-9e63c380f521',.NOTDEFINED.);
#4600= IFCPROPERTYSINGLEVALUE('Top elevation',$,IFCLABEL(' -0.800'),$);
#4601= IFCPROPERTYSINGLEVALUE('Bottom elevation',$,IFCLABEL(' -1.100'),$);
#4602= IFCPROPERTYSET('2fCvWnbE1FNhtnuquicSoO',#5,'Tekla Common','Common Properties to Shared building elements',(#3969,#3970,#409,#410,#4600,#4601,#413));
#4603= IFCPROPERTYSINGLEVALUE('Height',$,IFCLENGTHMEASURE(800.),$);
#4604= IFCPROPERTYSINGLEVALUE('Net surface area',$,IFCAREAMEASURE(2.24),$);
#4605= IFCPROPERTYSINGLEVALUE('Area per tons',$,IFCAREAMEASURE(4.667),$);
#4606= IFCPROPERTYSINGLEVALUE('Gross footprint area',$,IFCAREAMEASURE(0.64),$);
#4607= IFCPROPERTYSINGLEVALUE('Volume',$,IFCVOLUMEMEASURE(0.192),$);
#4608= IFCPROPERTYSINGLEVALUE('Weight',$,IFCMASSMEASURE(480.),$);
#4609= IFCPROPERTYSET('0Xwr6fnlf9nOPDRbCxulon',#5,'Tekla Quantity','Quantity Properties to Shared building elements',(#1361,#3066,#4603,#4604,#4605,#4606,#4607,#4608));
#4610= IFCPROPERTYSINGLEVALUE('OuterSurfaceArea',$,IFCAREAMEASURE(2.2),$);
#4611= IFCPROPERTYSINGLEVALUE('GrossSurfaceArea',$,IFCAREAMEASURE(2.2),$);
#4612= IFCPROPERTYSINGLEVALUE('CrossSectionArea',$,IFCAREAMEASURE(0.6),$);
#4613= IFCPROPERTYSINGLEVALUE('NetVolume',$,IFCVOLUMEMEASURE(0.2),$);
#4614= IFCPROPERTYSINGLEVALUE('GrossVolume',$,IFCVOLUMEMEASURE(0.2),$);
#4615= IFCPROPERTYSINGLEVALUE('NetWeight',$,IFCMASSMEASURE(480.),$);
#4616= IFCPROPERTYSINGLEVALUE('GrossWeight',$,IFCMASSMEASURE(480.),$);
#4617= IFCPROPERTYSET('1MbidIB195QOGaDcl2ketJ',#5,'FootingBaseQuantities',$,(#1361,#4610,#4611,#4612,#4613,#4614,#4615,#4616));
#4618= IFCSURFACESTYLE('B500B',.POSITIVE.,(#2414));
#4619= IFCPRESENTATIONSTYLEASSIGNMENT((#4618));
#4620= IFCCARTESIANPOINT((6.06217782649107,-3.5,-3.1579445876102E-17));
#4621= IFCCARTESIANPOINT((6.06217782649107,3.5,-3.15794458760854E-17));
#4622= IFCCARTESIANPOINT((-2.72004641033163E-15,7.,1.6598434632707E-29));
#4623= IFCCARTESIANPOINT((-6.06217782649107,3.5,3.1579445876102E-17));
#4624= IFCCARTESIANPOINT((-6.06217782649107,-3.5,3.15794458760854E-17));
#4625= IFCCARTESIANPOINT((0.,-7.,-1.65822726352616E-29));
#4626= IFCPOLYLOOP((#4620,#4621,#4622,#4623,#4624,#4625));
#4627= IFCFACEOUTERBOUND(#4626,.T.);
#4628= IFCFACE((#4627));
#4629= IFCCARTESIANPOINT((-6.06217782649107,-3.5,-682.));
#4630= IFCCARTESIANPOINT((-3.5527136788005E-15,-7.,-682.));
#4631= IFCPOLYLOOP((#4625,#4624,#4629,#4630));
#4632= IFCFACEOUTERBOUND(#4631,.T.);
#4633= IFCFACE((#4632));
#4634= IFCCARTESIANPOINT((-6.06217782649107,3.5,-682.));
#4635= IFCPOLYLOOP((#4624,#4623,#4634,#4629));
#4636= IFCFACEOUTERBOUND(#4635,.T.);
#4637= IFCFACE((#4636));
#4638= IFCCARTESIANPOINT((-6.27276008913213E-15,7.,-682.));
#4639= IFCPOLYLOOP((#4623,#4622,#4638,#4634));
#4640= IFCFACEOUTERBOUND(#4639,.T.);
#4641= IFCFACE((#4640));
#4642= IFCCARTESIANPOINT((6.06217782649107,3.5,-682.));
#4643= IFCPOLYLOOP((#4622,#4621,#4642,#4638));
#4644= IFCFACEOUTERBOUND(#4643,.T.);
#4645= IFCFACE((#4644));
#4646= IFCCARTESIANPOINT((6.06217782649107,-3.5,-682.));
#4647= IFCPOLYLOOP((#4621,#4620,#4646,#4642));
#4648= IFCFACEOUTERBOUND(#4647,.T.);
#4649= IFCFACE((#4648));
#4650= IFCPOLYLOOP((#4620,#4625,#4630,#4646));
#4651= IFCFACEOUTERBOUND(#4650,.T.);
#4652= IFCFACE((#4651));
#4653= IFCCARTESIANPOINT((-1.09678751731782,-3.50000000000231,-700.531088913245));
#4654= IFCCARTESIANPOINT((4.15321248268196,-7.00000000000193,-697.499999999998));
#4655= IFCPOLYLOOP((#4630,#4629,#4653,#4654));
#4656= IFCFACEOUTERBOUND(#4655,.T.);
#4657= IFCFACE((#4656));
#4658= IFCCARTESIANPOINT((-1.09678751731738,3.49999999999769,-700.531088913246));
#4659= IFCPOLYLOOP((#4629,#4634,#4658,#4653));
#4660= IFCFACEOUTERBOUND(#4659,.T.);
#4661= IFCFACE((#4660));
#4662= IFCCARTESIANPOINT((4.15321248268283,6.99999999999807,-697.500000000002));
#4663= IFCPOLYLOOP((#4634,#4638,#4662,#4658));
#4664= IFCFACEOUTERBOUND(#4663,.T.);
#4665= IFCFACE((#4664));
#4666= IFCCARTESIANPOINT((9.40321248268261,3.49999999999845,-694.468911086755));
#4667= IFCPOLYLOOP((#4638,#4642,#4666,#4662));
#4668= IFCFACEOUTERBOUND(#4667,.T.);
#4669= IFCFACE((#4668));
#4670= IFCCARTESIANPOINT((9.40321248268218,-3.50000000000155,-694.468911086754));
#4671= IFCPOLYLOOP((#4642,#4646,#4670,#4666));
#4672= IFCFACEOUTERBOUND(#4671,.T.);
#4673= IFCFACE((#4672));
#4674= IFCPOLYLOOP((#4646,#4630,#4654,#4670));
#4675= IFCFACEOUTERBOUND(#4674,.T.);
#4676= IFCFACE((#4675));
#4677= IFCCARTESIANPOINT((12.4689110867536,-3.5000000000086,-714.096787517316));
#4678= IFCCARTESIANPOINT((15.4999999999984,-7.0000000000072,-708.846787517315));
#4679= IFCPOLYLOOP((#4654,#4653,#4677,#4678));
#4680= IFCFACEOUTERBOUND(#4679,.T.);
#4681= IFCFACE((#4680));
#4682= IFCCARTESIANPOINT((12.4689110867553,3.49999999999139,-714.096787517319));
#4683= IFCPOLYLOOP((#4653,#4658,#4682,#4677));
#4684= IFCFACEOUTERBOUND(#4683,.T.);
#4685= IFCFACE((#4684));
#4686= IFCCARTESIANPOINT((15.5000000000016,6.9999999999928,-708.84678751732));
#4687= IFCPOLYLOOP((#4658,#4662,#4686,#4682));
#4688= IFCFACEOUTERBOUND(#4687,.T.);
#4689= IFCFACE((#4688));
#4690= IFCCARTESIANPOINT((18.5310889132463,3.49999999999421,-703.596787517319));
#4691= IFCPOLYLOOP((#4662,#4666,#4690,#4686));
#4692= IFCFACEOUTERBOUND(#4691,.T.);
#4693= IFCFACE((#4692));
#4694= IFCCARTESIANPOINT((18.5310889132447,-3.50000000000578,-703.596787517316));
#4695= IFCPOLYLOOP((#4666,#4670,#4694,#4690));
#4696= IFCFACEOUTERBOUND(#4695,.T.);
#4697= IFCFACE((#4696));
#4698= IFCPOLYLOOP((#4670,#4654,#4678,#4694));
#4699= IFCFACEOUTERBOUND(#4698,.T.);
#4700= IFCFACE((#4699));
#4701= IFCCARTESIANPOINT((30.9999999999984,-3.50000000001721,-719.062177826489));
#4702= IFCCARTESIANPOINT((30.9999999999968,-7.00000000001439,-712.999999999997));
#4703= IFCPOLYLOOP((#4678,#4677,#4701,#4702));
#4704= IFCFACEOUTERBOUND(#4703,.T.);
#4705= IFCFACE((#4704));
#4706= IFCCARTESIANPOINT((31.0000000000016,3.49999999998279,-719.062177826493));
#4707= IFCPOLYLOOP((#4677,#4682,#4706,#4701));
#4708= IFCFACEOUTERBOUND(#4707,.T.);
#4709= IFCFACE((#4708));
#4710= IFCCARTESIANPOINT((31.0000000000033,6.99999999998561,-713.000000000003));
#4711= IFCPOLYLOOP((#4682,#4686,#4710,#4706));
#4712= IFCFACEOUTERBOUND(#4711,.T.);
#4713= IFCFACE((#4712));
#4714= IFCCARTESIANPOINT((31.0000000000016,3.49999999998842,-706.937822173511));
#4715= IFCPOLYLOOP((#4686,#4690,#4714,#4710));
#4716= IFCFACEOUTERBOUND(#4715,.T.);
#4717= IFCFACE((#4716));
#4718= IFCCARTESIANPOINT((30.9999999999984,-3.50000000001157,-706.937822173507));
#4719= IFCPOLYLOOP((#4690,#4694,#4718,#4714));
#4720= IFCFACEOUTERBOUND(#4719,.T.);
#4721= IFCFACE((#4720));
#4722= IFCPOLYLOOP((#4694,#4678,#4702,#4718));
#4723= IFCFACEOUTERBOUND(#4722,.T.);
#4724= IFCFACE((#4723));
#4725= IFCCARTESIANPOINT((142.999999999958,-3.50000000006921,-719.062177826489));
#4726= IFCCARTESIANPOINT((142.999999999957,-7.00000000006639,-712.999999999997));
#4727= IFCPOLYLOOP((#4702,#4701,#4725,#4726));
#4728= IFCFACEOUTERBOUND(#4727,.T.);
#4729= IFCFACE((#4728));
#4730= IFCCARTESIANPOINT((142.999999999962,3.49999999993079,-719.062177826493));
#4731= IFCPOLYLOOP((#4701,#4706,#4730,#4725));
#4732= IFCFACEOUTERBOUND(#4731,.T.);
#4733= IFCFACE((#4732));
#4734= IFCCARTESIANPOINT((142.999999999963,6.99999999993361,-713.000000000003));
#4735= IFCPOLYLOOP((#4706,#4710,#4734,#4730));
#4736= IFCFACEOUTERBOUND(#4735,.T.);
#4737= IFCFACE((#4736));
#4738= IFCCARTESIANPOINT((142.999999999962,3.49999999993642,-706.937822173511));
#4739= IFCPOLYLOOP((#4710,#4714,#4738,#4734));
#4740= IFCFACEOUTERBOUND(#4739,.T.);
#4741= IFCFACE((#4740));
#4742= IFCCARTESIANPOINT((142.999999999958,-3.50000000006357,-706.937822173507));
#4743= IFCPOLYLOOP((#4714,#4718,#4742,#4738));
#4744= IFCFACEOUTERBOUND(#4743,.T.);
#4745= IFCFACE((#4744));
#4746= IFCPOLYLOOP((#4718,#4702,#4726,#4742));
#4747= IFCFACEOUTERBOUND(#4746,.T.);
#4748= IFCFACE((#4747));
#4749= IFCPOLYLOOP((#4726,#4725,#4730,#4734,#4738,#4742));
#4750= IFCFACEOUTERBOUND(#4749,.T.);
#4751= IFCFACE((#4750));
#4752= IFCCLOSEDSHELL((#4628,#4633,#4637,#4641,#4645,#4649,#4652,#4657,#4661,#4665,#4669,#4673,#4676,#4681,#4685,#4689,#4693,#4697,#4700,#4705,#4709,#4713,#4717,#4721,#4724,#4729,#4733,#4737,#4741,#4745,#4748,#4751));
#4753= IFCFACETEDBREP(#4752);
#4754= IFCSTYLEDITEM(#4753,(#4619),$);
#4755= IFCCARTESIANPOINT((0.,0.,713.));
#4756= IFCCARTESIANTRANSFORMATIONOPERATOR3D($,$,#4755,$,$);
#4757= IFCSHAPEREPRESENTATION(#12,'Body','Brep',(#4753));
#4758= IFCREPRESENTATIONMAP(#10,#4757);
#4759= IFCMAPPEDITEM(#4758,#4756);
#4760= IFCSHAPEREPRESENTATION(#12,'Body','MappedRepresentation',(#4759));
#4761= IFCPRODUCTDEFINITIONSHAPE($,$,(#4760));
#4762= IFCCARTESIANPOINT((-14212.8815366386,-5905.06865281095,-1028.));
#4763= IFCAXIS2PLACEMENT3D(#4762,#9,#635);
#4764= IFCLOCALPLACEMENT(#3057,#4763);
#4765= IFCREINFORCINGBAR('2_Sbo9u8z9z9Av7SOmPPgH',#3056,'REBAR',$,$,#4764,#4761,'IDbe725c89-e08f-49f4-92b9-1dc630659a91',$,14.,0.,$,.NOTDEFINED.,$);
#4766= IFCPROPERTYSINGLEVALUE('Name',$,IFCLABEL('REBAR'),$);
#4767= IFCPROPERTYSET('1d3Frl8Jb7DOJ9MbW6_SLe',#5,'Tekla Reinforcement - General','Reinforcement Properties',(#3200,#3201,#3970,#4544,#3203,#3204,#3205,#3206,#4766));
#4768= IFCPROPERTYSINGLEVALUE('TD',$,IFCLENGTHMEASURE(48.),$);
#4769= IFCPROPERTYSINGLEVALUE('u',$,IFCREAL(90.),$);
#4770= IFCPROPERTYSINGLEVALUE('r',$,IFCLENGTHMEASURE(24.),$);
#4771= IFCPROPERTYSINGLEVALUE('b',$,IFCLENGTHMEASURE(150.),$);
#4772= IFCPROPERTYSINGLEVALUE('a',$,IFCLENGTHMEASURE(720.),$);
#4773= IFCPROPERTYSINGLEVALUE('Weight total in group',$,IFCMASSMEASURE(0.7),$);
#4774= IFCPROPERTYSINGLEVALUE('Weight',$,IFCMASSMEASURE(0.75),$);
#4775= IFCPROPERTYSINGLEVALUE('Length',$,IFCLENGTHMEASURE(840.),$);
#4776= IFCPROPERTYSINGLEVALUE('Shape',$,IFCIDENTIFIER('B'),$);
#4777= IFCPROPERTYSINGLEVALUE('Size',$,IFCIDENTIFIER('12'),$);
#4778= IFCPROPERTYSINGLEVALUE('Group position number',$,IFCIDENTIFIER('84'),$);
#4779= IFCPROPERTYSET('3g$DYX0sr9MhGFkTSM6LyV',#5,'Tekla Reinforcement - Bending List','Reinforcement Properties 1',(#4768,#3210,#4769,#3212,#3213,#3214,#3215,#4770,#3217,#3218,#3219,#3220,#3221,#3222,#3223,#3224,#3225,#3226,#3227,#3228,#4771,#4772,#4773,#4774,#4775,#4776,#4777,#4559,#3237,#4778));
#4780= IFCPROPERTYSET('2Bw807VkH888n0d6IQRekr',#5,'Tekla Reinforcement - End Conditions','Reinforcement Properties 2',(#3240,#3241,#3242,#3243,#3244,#3245,#3246,#3247));
#4781= IFCMAPPEDITEM(#4758,#4756);
#4782= IFCSHAPEREPRESENTATION(#12,'Body','MappedRepresentation',(#4781));
#4783= IFCPRODUCTDEFINITIONSHAPE($,$,(#4782));
#4784= IFCCARTESIANPOINT((-14447.8718336246,-5884.37730114139,-1028.));
#4785= IFCAXIS2PLACEMENT3D(#4784,#9,#549);
#4786= IFCLOCALPLACEMENT(#3057,#4785);
#4787= IFCREINFORCINGBAR('2u_t$wp615fB6FHyhTs0P2',#3056,'REBAR',$,$,#4786,#4783,'IDb8fb7ffa-cc60-45a4-b18f-47caddd80642',$,14.,0.,$,.NOTDEFINED.,$);
#4788= IFCPROPERTYSET('0JTG98feDEGQtkQYu0MhTd',#5,'Tekla Reinforcement - General','Reinforcement Properties',(#3200,#3201,#3970,#4544,#3203,#3204,#3205,#3206,#4766));
#4789= IFCPROPERTYSET('0EC84FBXLB1xwzDaB93SiN',#5,'Tekla Reinforcement - Bending List','Reinforcement Properties 1',(#4768,#3210,#4769,#3212,#3213,#3214,#3215,#4770,#3217,#3218,#3219,#3220,#3221,#3222,#3223,#3224,#3225,#3226,#3227,#3228,#4771,#4772,#4773,#4774,#4775,#4776,#4777,#4559,#3237,#4778));
#4790= IFCPROPERTYSET('1eflbFN51BqA4XiN3PEnlZ',#5,'Tekla Reinforcement - End Conditions','Reinforcement Properties 2',(#3240,#3241,#3242,#3243,#3244,#3245,#3246,#3247));
#4791= IFCMAPPEDITEM(#4758,#4756);
#4792= IFCSHAPEREPRESENTATION(#12,'Body','MappedRepresentation',(#4791));
#4793= IFCPRODUCTDEFINITIONSHAPE($,$,(#4792));
#4794= IFCCARTESIANPOINT((-14468.5631852936,-6119.36759812698,-1028.));
#4795= IFCAXIS2PLACEMENT3D(#4794,#9,#549);
#4796= IFCLOCALPLACEMENT(#3057,#4795);
#4797= IFCREINFORCINGBAR('0CSK5fW0r42RkwKY53uRfQ',#3056,'REBAR',$,$,#4796,#4793,'ID0c714169-800d-4409-bbba-522143e1ba5a',$,14.,0.,$,.NOTDEFINED.,$);
#4798= IFCPROPERTYSET('3ZGzdGllP6KPYQhbMFlB8a',#5,'Tekla Reinforcement - General','Reinforcement Properties',(#3200,#3201,#3970,#4544,#3203,#3204,#3205,#3206,#4766));
#4799= IFCPROPERTYSET('3gardQ7wn3Uvih$Tg6QREG',#5,'Tekla Reinforcement - Bending List','Reinforcement Properties 1',(#4768,#3210,#4769,#3212,#3213,#3214,#3215,#4770,#3217,#3218,#3219,#3220,#3221,#3222,#3223,#3224,#3225,#3226,#3227,#3228,#4771,#4772,#4773,#4774,#4775,#4776,#4777,#4559,#3237,#4778));
#4800= IFCPROPERTYSET('39D3MK3T1BjhRkQXSJJOcj',#5,'Tekla Reinforcement - End Conditions','Reinforcement Properties 2',(#3240,#3241,#3242,#3243,#3244,#3245,#3246,#3247));
#4801= IFCMAPPEDITEM(#4758,#4756);
#4802= IFCSHAPEREPRESENTATION(#12,'Body','MappedRepresentation',(#4801));
#4803= IFCPRODUCTDEFINITIONSHAPE($,$,(#4802));
#4804= IFCCARTESIANPOINT((-14233.5728883076,-6140.05894979655,-1028.));
#4805= IFCAXIS2PLACEMENT3D(#4804,#9,#635);
#4806= IFCLOCALPLACEMENT(#3057,#4805);
#4807= IFCREINFORCINGBAR('2zceweeZ1EF9awpc0l7qdc',#3056,'REBAR',$,$,#4806,#4803,'IDbd9a8ea8-a230-4e3c-993a-ce602f1f49e6',$,14.,0.,$,.NOTDEFINED.,$);
#4808= IFCPROPERTYSET('1HhnCYHy104B9Im8o2jZRO',#5,'Tekla Reinforcement - General','Reinforcement Properties',(#3200,#3201,#3970,#4544,#3203,#3204,#3205,#3206,#4766));
#4809= IFCPROPERTYSET('0nbU84p5TEUvU7DdxdPWa7',#5,'Tekla Reinforcement - Bending List','Reinforcement Properties 1',(#4768,#3210,#4769,#3212,#3213,#3214,#3215,#4770,#3217,#3218,#3219,#3220,#3221,#3222,#3223,#3224,#3225,#3226,#3227,#3228,#4771,#4772,#4773,#4774,#4775,#4776,#4777,#4559,#3237,#4778));
#4810= IFCPROPERTYSET('23WUrdnvr4s838iCq7YI2S',#5,'Tekla Reinforcement - End Conditions','Reinforcement Properties 2',(#3240,#3241,#3242,#3243,#3244,#3245,#3246,#3247));
#4811= IFCCARTESIANPOINT((-6.06217782649107,-3.5,-177.));
#4812= IFCCARTESIANPOINT((-3.5527136788005E-15,-7.,-177.));
#4813= IFCPOLYLOOP((#4625,#4624,#4811,#4812));
#4814= IFCFACEOUTERBOUND(#4813,.T.);
#4815= IFCFACE((#4814));
#4816= IFCCARTESIANPOINT((-6.06217782649107,3.5,-177.));
#4817= IFCPOLYLOOP((#4624,#4623,#4816,#4811));
#4818= IFCFACEOUTERBOUND(#4817,.T.);
#4819= IFCFACE((#4818));
#4820= IFCCARTESIANPOINT((-6.27276008913213E-15,7.,-177.));
#4821= IFCPOLYLOOP((#4623,#4622,#4820,#4816));
#4822= IFCFACEOUTERBOUND(#4821,.T.);
#4823= IFCFACE((#4822));
#4824= IFCCARTESIANPOINT((6.06217782649107,3.5,-177.));
#4825= IFCPOLYLOOP((#4622,#4621,#4824,#4820));
#4826= IFCFACEOUTERBOUND(#4825,.T.);
#4827= IFCFACE((#4826));
#4828= IFCCARTESIANPOINT((6.06217782649107,-3.5,-177.));
#4829= IFCPOLYLOOP((#4621,#4620,#4828,#4824));
#4830= IFCFACEOUTERBOUND(#4829,.T.);
#4831= IFCFACE((#4830));
#4832= IFCPOLYLOOP((#4620,#4625,#4812,#4828));
#4833= IFCFACEOUTERBOUND(#4832,.T.);
#4834= IFCFACE((#4833));
#4835= IFCCARTESIANPOINT((-1.09678751731782,-3.50000000000231,-195.531088913245));
#4836= IFCCARTESIANPOINT((4.15321248268196,-7.00000000000193,-192.499999999998));
#4837= IFCPOLYLOOP((#4812,#4811,#4835,#4836));
#4838= IFCFACEOUTERBOUND(#4837,.T.);
#4839= IFCFACE((#4838));
#4840= IFCCARTESIANPOINT((-1.09678751731738,3.49999999999769,-195.531088913246));
#4841= IFCPOLYLOOP((#4811,#4816,#4840,#4835));
#4842= IFCFACEOUTERBOUND(#4841,.T.);
#4843= IFCFACE((#4842));
#4844= IFCCARTESIANPOINT((4.15321248268283,6.99999999999807,-192.500000000002));
#4845= IFCPOLYLOOP((#4816,#4820,#4844,#4840));
#4846= IFCFACEOUTERBOUND(#4845,.T.);
#4847= IFCFACE((#4846));
#4848= IFCCARTESIANPOINT((9.40321248268261,3.49999999999845,-189.468911086755));
#4849= IFCPOLYLOOP((#4820,#4824,#4848,#4844));
#4850= IFCFACEOUTERBOUND(#4849,.T.);
#4851= IFCFACE((#4850));
#4852= IFCCARTESIANPOINT((9.40321248268218,-3.50000000000155,-189.468911086754));
#4853= IFCPOLYLOOP((#4824,#4828,#4852,#4848));
#4854= IFCFACEOUTERBOUND(#4853,.T.);
#4855= IFCFACE((#4854));
#4856= IFCPOLYLOOP((#4828,#4812,#4836,#4852));
#4857= IFCFACEOUTERBOUND(#4856,.T.);
#4858= IFCFACE((#4857));
#4859= IFCCARTESIANPOINT((12.4689110867536,-3.50000000000862,-209.096787517316));
#4860= IFCCARTESIANPOINT((15.4999999999984,-7.00000000000721,-203.846787517315));
#4861= IFCPOLYLOOP((#4836,#4835,#4859,#4860));
#4862= IFCFACEOUTERBOUND(#4861,.T.);
#4863= IFCFACE((#4862));
#4864= IFCCARTESIANPOINT((12.4689110867553,3.49999999999138,-209.096787517319));
#4865= IFCPOLYLOOP((#4835,#4840,#4864,#4859));
#4866= IFCFACEOUTERBOUND(#4865,.T.);
#4867= IFCFACE((#4866));
#4868= IFCCARTESIANPOINT((15.5000000000016,6.99999999999279,-203.84678751732));
#4869= IFCPOLYLOOP((#4840,#4844,#4868,#4864));
#4870= IFCFACEOUTERBOUND(#4869,.T.);
#4871= IFCFACE((#4870));
#4872= IFCCARTESIANPOINT((18.5310889132463,3.49999999999421,-198.596787517319));
#4873= IFCPOLYLOOP((#4844,#4848,#4872,#4868));
#4874= IFCFACEOUTERBOUND(#4873,.T.);
#4875= IFCFACE((#4874));
#4876= IFCCARTESIANPOINT((18.5310889132447,-3.50000000000579,-198.596787517316));
#4877= IFCPOLYLOOP((#4848,#4852,#4876,#4872));
#4878= IFCFACEOUTERBOUND(#4877,.T.);
#4879= IFCFACE((#4878));
#4880= IFCPOLYLOOP((#4852,#4836,#4860,#4876));
#4881= IFCFACEOUTERBOUND(#4880,.T.);
#4882= IFCFACE((#4881));
#4883= IFCCARTESIANPOINT((30.9999999999984,-3.50000000001723,-214.062177826489));
#4884= IFCCARTESIANPOINT((30.9999999999967,-7.00000000001441,-207.999999999997));
#4885= IFCPOLYLOOP((#4860,#4859,#4883,#4884));
#4886= IFCFACEOUTERBOUND(#4885,.T.);
#4887= IFCFACE((#4886));
#4888= IFCCARTESIANPOINT((31.0000000000016,3.49999999998277,-214.062177826493));
#4889= IFCPOLYLOOP((#4859,#4864,#4888,#4883));
#4890= IFCFACEOUTERBOUND(#4889,.T.);
#4891= IFCFACE((#4890));
#4892= IFCCARTESIANPOINT((31.0000000000033,6.99999999998559,-208.000000000003));
#4893= IFCPOLYLOOP((#4864,#4868,#4892,#4888));
#4894= IFCFACEOUTERBOUND(#4893,.T.);
#4895= IFCFACE((#4894));
#4896= IFCCARTESIANPOINT((31.0000000000016,3.49999999998841,-201.937822173511));
#4897= IFCPOLYLOOP((#4868,#4872,#4896,#4892));
#4898= IFCFACEOUTERBOUND(#4897,.T.);
#4899= IFCFACE((#4898));
#4900= IFCCARTESIANPOINT((30.9999999999984,-3.50000000001159,-201.937822173507));
#4901= IFCPOLYLOOP((#4872,#4876,#4900,#4896));
#4902= IFCFACEOUTERBOUND(#4901,.T.);
#4903= IFCFACE((#4902));
#4904= IFCPOLYLOOP((#4876,#4860,#4884,#4900));
#4905= IFCFACEOUTERBOUND(#4904,.T.);
#4906= IFCFACE((#4905));
#4907= IFCCARTESIANPOINT((684.999999999798,-3.50000000032128,-214.062177826489));
#4908= IFCCARTESIANPOINT((684.999999999797,-7.00000000031846,-207.999999999997));
#4909= IFCPOLYLOOP((#4884,#4883,#4907,#4908));
#4910= IFCFACEOUTERBOUND(#4909,.T.);
#4911= IFCFACE((#4910));
#4912= IFCCARTESIANPOINT((684.999999999802,3.49999999967872,-214.062177826493));
#4913= IFCPOLYLOOP((#4883,#4888,#4912,#4907));
#4914= IFCFACEOUTERBOUND(#4913,.T.);
#4915= IFCFACE((#4914));
#4916= IFCCARTESIANPOINT((684.999999999803,6.99999999968154,-208.000000000003));
#4917= IFCPOLYLOOP((#4888,#4892,#4916,#4912));
#4918= IFCFACEOUTERBOUND(#4917,.T.);
#4919= IFCFACE((#4918));
#4920= IFCCARTESIANPOINT((684.999999999802,3.49999999968436,-201.937822173511));
#4921= IFCPOLYLOOP((#4892,#4896,#4920,#4916));
#4922= IFCFACEOUTERBOUND(#4921,.T.);
#4923= IFCFACE((#4922));
#4924= IFCCARTESIANPOINT((684.999999999798,-3.50000000031564,-201.937822173507));
#4925= IFCPOLYLOOP((#4896,#4900,#4924,#4920));
#4926= IFCFACEOUTERBOUND(#4925,.T.);
#4927= IFCFACE((#4926));
#4928= IFCPOLYLOOP((#4900,#4884,#4908,#4924));
#4929= IFCFACEOUTERBOUND(#4928,.T.);
#4930= IFCFACE((#4929));
#4931= IFCCARTESIANPOINT((703.531088913043,-3.5000000003299,-209.096787517316));
#4932= IFCCARTESIANPOINT((700.499999999795,-7.00000000032567,-203.846787517315));
#4933= IFCPOLYLOOP((#4908,#4907,#4931,#4932));
#4934= IFCFACEOUTERBOUND(#4933,.T.);
#4935= IFCFACE((#4934));
#4936= IFCCARTESIANPOINT((703.531088913048,3.4999999996701,-209.096787517319));
#4937= IFCPOLYLOOP((#4907,#4912,#4936,#4931));
#4938= IFCFACEOUTERBOUND(#4937,.T.);
#4939= IFCFACE((#4938));
#4940= IFCCARTESIANPOINT((700.499999999805,6.99999999967433,-203.84678751732));
#4941= IFCPOLYLOOP((#4912,#4916,#4940,#4936));
#4942= IFCFACEOUTERBOUND(#4941,.T.);
#4943= IFCFACE((#4942));
#4944= IFCCARTESIANPOINT((697.468911086557,3.49999999967856,-198.596787517319));
#4945= IFCPOLYLOOP((#4916,#4920,#4944,#4940));
#4946= IFCFACEOUTERBOUND(#4945,.T.);
#4947= IFCFACE((#4946));
#4948= IFCCARTESIANPOINT((697.468911086552,-3.50000000032144,-198.596787517316));
#4949= IFCPOLYLOOP((#4920,#4924,#4948,#4944));
#4950= IFCFACEOUTERBOUND(#4949,.T.);
#4951= IFCFACE((#4950));
#4952= IFCPOLYLOOP((#4924,#4908,#4932,#4948));
#4953= IFCFACEOUTERBOUND(#4952,.T.);
#4954= IFCFACE((#4953));
#4955= IFCCARTESIANPOINT((717.096787517115,-3.5000000003362,-195.531088913245));
#4956= IFCCARTESIANPOINT((711.846787517111,-7.00000000033095,-192.499999999998));
#4957= IFCPOLYLOOP((#4932,#4931,#4955,#4956));
#4958= IFCFACEOUTERBOUND(#4957,.T.);
#4959= IFCFACE((#4958));
#4960= IFCCARTESIANPOINT((717.096787517121,3.49999999966379,-195.531088913246));
#4961= IFCPOLYLOOP((#4931,#4936,#4960,#4955));
#4962= IFCFACEOUTERBOUND(#4961,.T.);
#4963= IFCFACE((#4962));
#4964= IFCCARTESIANPOINT((711.846787517124,6.99999999966905,-192.500000000002));
#4965= IFCPOLYLOOP((#4936,#4940,#4964,#4960));
#4966= IFCFACEOUTERBOUND(#4965,.T.);
#4967= IFCFACE((#4966));
#4968= IFCCARTESIANPOINT((706.596787517121,3.49999999967432,-189.468911086755));
#4969= IFCPOLYLOOP((#4940,#4944,#4968,#4964));
#4970= IFCFACEOUTERBOUND(#4969,.T.);
#4971= IFCFACE((#4970));
#4972= IFCCARTESIANPOINT((706.596787517115,-3.50000000032568,-189.468911086754));
#4973= IFCPOLYLOOP((#4944,#4948,#4972,#4968));
#4974= IFCFACEOUTERBOUND(#4973,.T.);
#4975= IFCFACE((#4974));
#4976= IFCPOLYLOOP((#4948,#4932,#4956,#4972));
#4977= IFCFACEOUTERBOUND(#4976,.T.);
#4978= IFCFACE((#4977));
#4979= IFCCARTESIANPOINT((722.062177826288,-3.50000000033851,-177.));
#4980= IFCCARTESIANPOINT((715.999999999793,-7.00000000033288,-177.));
#4981= IFCPOLYLOOP((#4956,#4955,#4979,#4980));
#4982= IFCFACEOUTERBOUND(#4981,.T.);
#4983= IFCFACE((#4982));
#4984= IFCCARTESIANPOINT((722.062177826294,3.49999999966149,-177.));
#4985= IFCPOLYLOOP((#4955,#4960,#4984,#4979));
#4986= IFCFACEOUTERBOUND(#4985,.T.);
#4987= IFCFACE((#4986));
#4988= IFCCARTESIANPOINT((715.999999999806,6.99999999966712,-177.));
#4989= IFCPOLYLOOP((#4960,#4964,#4988,#4984));
#4990= IFCFACEOUTERBOUND(#4989,.T.);
#4991= IFCFACE((#4990));
#4992= IFCCARTESIANPOINT((709.937822173312,3.49999999967276,-177.));
#4993= IFCPOLYLOOP((#4964,#4968,#4992,#4988));
#4994= IFCFACEOUTERBOUND(#4993,.T.);
#4995= IFCFACE((#4994));
#4996= IFCCARTESIANPOINT((709.937822173306,-3.50000000032723,-177.));
#4997= IFCPOLYLOOP((#4968,#4972,#4996,#4992));
#4998= IFCFACEOUTERBOUND(#4997,.T.);
#4999= IFCFACE((#4998));
#5000= IFCPOLYLOOP((#4972,#4956,#4980,#4996));
#5001= IFCFACEOUTERBOUND(#5000,.T.);
#5002= IFCFACE((#5001));
#5003= IFCCARTESIANPOINT((722.062177826288,-3.50000000033851,5.6843418860808E-14));
#5004= IFCCARTESIANPOINT((715.999999999793,-7.00000000033288,-2.8421709430404E-14));
#5005= IFCPOLYLOOP((#4980,#4979,#5003,#5004));
#5006= IFCFACEOUTERBOUND(#5005,.T.);
#5007= IFCFACE((#5006));
#5008= IFCCARTESIANPOINT((722.062177826294,3.49999999966149,-2.8421709430404E-14));
#5009= IFCPOLYLOOP((#4979,#4984,#5008,#5003));
#5010= IFCFACEOUTERBOUND(#5009,.T.);
#5011= IFCFACE((#5010));
#5012= IFCCARTESIANPOINT((715.999999999806,6.99999999966712,5.6843418860808E-14));
#5013= IFCPOLYLOOP((#4984,#4988,#5012,#5008));
#5014= IFCFACEOUTERBOUND(#5013,.T.);
#5015= IFCFACE((#5014));
#5016= IFCCARTESIANPOINT((709.937822173312,3.49999999967276,-2.8421709430404E-14));
#5017= IFCPOLYLOOP((#4988,#4992,#5016,#5012));
#5018= IFCFACEOUTERBOUND(#5017,.T.);
#5019= IFCFACE((#5018));
#5020= IFCCARTESIANPOINT((709.937822173306,-3.50000000032723,2.8421709430404E-14));
#5021= IFCPOLYLOOP((#4992,#4996,#5020,#5016));
#5022= IFCFACEOUTERBOUND(#5021,.T.);
#5023= IFCFACE((#5022));
#5024= IFCPOLYLOOP((#4996,#4980,#5004,#5020));
#5025= IFCFACEOUTERBOUND(#5024,.T.);
#5026= IFCFACE((#5025));
#5027= IFCPOLYLOOP((#5004,#5003,#5008,#5012,#5016,#5020));
#5028= IFCFACEOUTERBOUND(#5027,.T.);
#5029= IFCFACE((#5028));
#5030= IFCCLOSEDSHELL((#4628,#4815,#4819,#4823,#4827,#4831,#4834,#4839,#4843,#4847,#4851,#4855,#4858,#4863,#4867,#4871,#4875,#4879,#4882,#4887,#4891,#4895,#4899,#4903,#4906,#4911,#4915,#4919,#4923,#4927,#4930,#4935,#4939,#4943,#4947,#4951,#4954,#4959,#4963,#4967,#4971,#4975,#4978,#4983,#4987,#4991,#4995,#4999,#5002,#5007,#5011,#5015,#5019,#5023,#5026,#5029));
#5031= IFCFACETEDBREP(#5030);
#5032= IFCSTYLEDITEM(#5031,(#4619),$);
#5033= IFCCARTESIANPOINT((0.,0.,208.));
#5034= IFCCARTESIANTRANSFORMATIONOPERATOR3D($,$,#5033,$,$);
#5035= IFCSHAPEREPRESENTATION(#12,'Body','Brep',(#5031));
#5036= IFCREPRESENTATIONMAP(#10,#5035);
#5037= IFCMAPPEDITEM(#5036,#5034);
#5038= IFCCARTESIANPOINT((7.45785655453801E-11,157.999999999956,208.));
#5039= IFCCARTESIANTRANSFORMATIONOPERATOR3D($,$,#5038,$,$);
#5040= IFCMAPPEDITEM(#5036,#5039);
#5041= IFCCARTESIANPOINT((1.65528035722673E-10,357.9999999999,208.));
#5042= IFCCARTESIANTRANSFORMATIONOPERATOR3D($,$,#5041,$,$);
#5043= IFCMAPPEDITEM(#5036,#5042);
#5044= IFCCARTESIANPOINT((2.60115484707057E-10,557.999999999844,208.));
#5045= IFCCARTESIANTRANSFORMATIONOPERATOR3D($,$,#5044,$,$);
#5046= IFCMAPPEDITEM(#5036,#5045);
#5047= IFCCARTESIANPOINT((3.34694050252438E-10,715.999999999801,208.));
#5048= IFCCARTESIANTRANSFORMATIONOPERATOR3D($,$,#5047,$,$);
#5049= IFCMAPPEDITEM(#5036,#5048);
#5050= IFCSHAPEREPRESENTATION(#12,'Body','MappedRepresentation',(#5037,#5040,#5043,#5046,#5049));
#5051= IFCPRODUCTDEFINITIONSHAPE($,$,(#5050));
#5052= IFCCARTESIANPOINT((-14728.7436674259,-6337.43722966322,-1043.));
#5053= IFCAXIS2PLACEMENT3D(#5052,#9,#635);
#5054= IFCLOCALPLACEMENT(#3057,#5053);
#5055= IFCREINFORCINGBAR('07nMXVMTf75x5IzIKOBTBM',#3056,'BOTTOM_BAR',$,$,#5054,#5051,'ID07c5685f-59da-4717-b152-f525182dd2d6',$,14.,0.,$,.NOTDEFINED.,$);
#5056= IFCPROPERTYSINGLEVALUE('Spacing exact',$,IFCLABEL('1*158 + 2*200 + 1*158'),$);
#5057= IFCPROPERTYSINGLEVALUE('Spacing target',$,IFCLENGTHMEASURE(200.),$);
#5058= IFCPROPERTYSINGLEVALUE('Name',$,IFCLABEL('BOTTOM_BAR'),$);
#5059= IFCPROPERTYSET('30uTlSI_90nukYYKlvTLzq',#5,'Tekla Reinforcement - General','Reinforcement Properties',(#3200,#3201,#3970,#4544,#5056,#5057,#3205,#3206,#5058));
#5060= IFCPROPERTYSINGLEVALUE('c',$,IFCLENGTHMEASURE(215.),$);
#5061= IFCPROPERTYSINGLEVALUE('b',$,IFCLENGTHMEASURE(730.),$);
#5062= IFCPROPERTYSINGLEVALUE('a',$,IFCLENGTHMEASURE(215.),$);
#5063= IFCPROPERTYSINGLEVALUE('Weight total in group',$,IFCMASSMEASURE(4.9),$);
#5064= IFCPROPERTYSINGLEVALUE('Weight',$,IFCMASSMEASURE(0.98),$);
#5065= IFCPROPERTYSINGLEVALUE('Length',$,IFCLENGTHMEASURE(1105.),$);
#5066= IFCPROPERTYSINGLEVALUE('Shape',$,IFCIDENTIFIER('D'),$);
#5067= IFCPROPERTYSINGLEVALUE('Number of bars in group',$,IFCINTEGER(5),$);
#5068= IFCPROPERTYSINGLEVALUE('Group position number',$,IFCIDENTIFIER('86'),$);
#5069= IFCPROPERTYSET('1gHSpXrEr4qQGJHtvJAU0O',#5,'Tekla Reinforcement - Bending List','Reinforcement Properties 1',(#4768,#3210,#3211,#3212,#3213,#3214,#3215,#4770,#3217,#3218,#3219,#3220,#3221,#3222,#3223,#3224,#3225,#3226,#3227,#5060,#5061,#5062,#5063,#5064,#5065,#5066,#4777,#4559,#5067,#5068));
#5070= IFCPROPERTYSET('3KCHZSoh558RAO86kMo1JB',#5,'Tekla Reinforcement - End Conditions','Reinforcement Properties 2',(#3240,#3241,#3242,#3243,#3244,#3245,#3246,#3247));
#5071= IFCCOLOURRGB('Light Orange',0.956862745098039,0.694117647058824,0.);
#5072= IFCSURFACESTYLERENDERING(#5071,0.,$,$,$,$,IFCNORMALISEDRATIOMEASURE(0.00390625),IFCSPECULAREXPONENT(10.),.NOTDEFINED.);
#5073= IFCSURFACESTYLE('B500B',.POSITIVE.,(#5072));
#5074= IFCPRESENTATIONSTYLEASSIGNMENT((#5073));
#5075= IFCCARTESIANPOINT((-6.06217782649107,-3.5,-163.));
#5076= IFCCARTESIANPOINT((-3.5527136788005E-15,-7.,-163.));
#5077= IFCPOLYLOOP((#4625,#4624,#5075,#5076));
#5078= IFCFACEOUTERBOUND(#5077,.T.);
#5079= IFCFACE((#5078));
#5080= IFCCARTESIANPOINT((-6.06217782649107,3.5,-163.));
#5081= IFCPOLYLOOP((#4624,#4623,#5080,#5075));
#5082= IFCFACEOUTERBOUND(#5081,.T.);
#5083= IFCFACE((#5082));
#5084= IFCCARTESIANPOINT((-6.27276008913213E-15,7.,-163.));
#5085= IFCPOLYLOOP((#4623,#4622,#5084,#5080));
#5086= IFCFACEOUTERBOUND(#5085,.T.);
#5087= IFCFACE((#5086));
#5088= IFCCARTESIANPOINT((6.06217782649107,3.5,-163.));
#5089= IFCPOLYLOOP((#4622,#4621,#5088,#5084));
#5090= IFCFACEOUTERBOUND(#5089,.T.);
#5091= IFCFACE((#5090));
#5092= IFCCARTESIANPOINT((6.06217782649107,-3.5,-163.));
#5093= IFCPOLYLOOP((#4621,#4620,#5092,#5088));
#5094= IFCFACEOUTERBOUND(#5093,.T.);
#5095= IFCFACE((#5094));
#5096= IFCPOLYLOOP((#4620,#4625,#5076,#5092));
#5097= IFCFACEOUTERBOUND(#5096,.T.);
#5098= IFCFACE((#5097));
#5099= IFCCARTESIANPOINT((-1.09678751731782,-3.5000000000023,-181.531088913245));
#5100= IFCCARTESIANPOINT((4.15321248268196,-7.00000000000192,-178.499999999998));
#5101= IFCPOLYLOOP((#5076,#5075,#5099,#5100));
#5102= IFCFACEOUTERBOUND(#5101,.T.);
#5103= IFCFACE((#5102));
#5104= IFCCARTESIANPOINT((-1.09678751731738,3.4999999999977,-181.531088913246));
#5105= IFCPOLYLOOP((#5075,#5080,#5104,#5099));
#5106= IFCFACEOUTERBOUND(#5105,.T.);
#5107= IFCFACE((#5106));
#5108= IFCCARTESIANPOINT((4.15321248268283,6.99999999999808,-178.500000000002));
#5109= IFCPOLYLOOP((#5080,#5084,#5108,#5104));
#5110= IFCFACEOUTERBOUND(#5109,.T.);
#5111= IFCFACE((#5110));
#5112= IFCCARTESIANPOINT((9.40321248268261,3.49999999999846,-175.468911086755));
#5113= IFCPOLYLOOP((#5084,#5088,#5112,#5108));
#5114= IFCFACEOUTERBOUND(#5113,.T.);
#5115= IFCFACE((#5114));
#5116= IFCCARTESIANPOINT((9.40321248268218,-3.50000000000154,-175.468911086754));
#5117= IFCPOLYLOOP((#5088,#5092,#5116,#5112));
#5118= IFCFACEOUTERBOUND(#5117,.T.);
#5119= IFCFACE((#5118));
#5120= IFCPOLYLOOP((#5092,#5076,#5100,#5116));
#5121= IFCFACEOUTERBOUND(#5120,.T.);
#5122= IFCFACE((#5121));
#5123= IFCCARTESIANPOINT((12.4689110867536,-3.50000000000857,-195.096787517316));
#5124= IFCCARTESIANPOINT((15.4999999999984,-7.00000000000717,-189.846787517315));
#5125= IFCPOLYLOOP((#5100,#5099,#5123,#5124));
#5126= IFCFACEOUTERBOUND(#5125,.T.);
#5127= IFCFACE((#5126));
#5128= IFCCARTESIANPOINT((12.4689110867553,3.49999999999143,-195.096787517319));
#5129= IFCPOLYLOOP((#5099,#5104,#5128,#5123));
#5130= IFCFACEOUTERBOUND(#5129,.T.);
#5131= IFCFACE((#5130));
#5132= IFCCARTESIANPOINT((15.5000000000016,6.99999999999283,-189.84678751732));
#5133= IFCPOLYLOOP((#5104,#5108,#5132,#5128));
#5134= IFCFACEOUTERBOUND(#5133,.T.);
#5135= IFCFACE((#5134));
#5136= IFCCARTESIANPOINT((18.5310889132463,3.49999999999424,-184.596787517319));
#5137= IFCPOLYLOOP((#5108,#5112,#5136,#5132));
#5138= IFCFACEOUTERBOUND(#5137,.T.);
#5139= IFCFACE((#5138));
#5140= IFCCARTESIANPOINT((18.5310889132447,-3.50000000000576,-184.596787517316));
#5141= IFCPOLYLOOP((#5112,#5116,#5140,#5136));
#5142= IFCFACEOUTERBOUND(#5141,.T.);
#5143= IFCFACE((#5142));
#5144= IFCPOLYLOOP((#5116,#5100,#5124,#5140));
#5145= IFCFACEOUTERBOUND(#5144,.T.);
#5146= IFCFACE((#5145));
#5147= IFCCARTESIANPOINT((30.9999999999984,-3.50000000001714,-200.062177826489));
#5148= IFCCARTESIANPOINT((30.9999999999968,-7.00000000001433,-193.999999999997));
#5149= IFCPOLYLOOP((#5124,#5123,#5147,#5148));
#5150= IFCFACEOUTERBOUND(#5149,.T.);
#5151= IFCFACE((#5150));
#5152= IFCCARTESIANPOINT((31.0000000000016,3.49999999998286,-200.062177826493));
#5153= IFCPOLYLOOP((#5123,#5128,#5152,#5147));
#5154= IFCFACEOUTERBOUND(#5153,.T.);
#5155= IFCFACE((#5154));
#5156= IFCCARTESIANPOINT((31.0000000000032,6.99999999998567,-194.000000000003));
#5157= IFCPOLYLOOP((#5128,#5132,#5156,#5152));
#5158= IFCFACEOUTERBOUND(#5157,.T.);
#5159= IFCFACE((#5158));
#5160= IFCCARTESIANPOINT((31.0000000000016,3.49999999998847,-187.937822173511));
#5161= IFCPOLYLOOP((#5132,#5136,#5160,#5156));
#5162= IFCFACEOUTERBOUND(#5161,.T.);
#5163= IFCFACE((#5162));
#5164= IFCCARTESIANPOINT((30.9999999999984,-3.50000000001153,-187.937822173507));
#5165= IFCPOLYLOOP((#5136,#5140,#5164,#5160));
#5166= IFCFACEOUTERBOUND(#5165,.T.);
#5167= IFCFACE((#5166));
#5168= IFCPOLYLOOP((#5140,#5124,#5148,#5164));
#5169= IFCFACEOUTERBOUND(#5168,.T.);
#5170= IFCFACE((#5169));
#5171= IFCCARTESIANPOINT((684.999999999798,-3.50000000031953,-200.062177826489));
#5172= IFCCARTESIANPOINT((684.999999999797,-7.00000000031672,-193.999999999997));
#5173= IFCPOLYLOOP((#5148,#5147,#5171,#5172));
#5174= IFCFACEOUTERBOUND(#5173,.T.);
#5175= IFCFACE((#5174));
#5176= IFCCARTESIANPOINT((684.999999999802,3.49999999968047,-200.062177826493));
#5177= IFCPOLYLOOP((#5147,#5152,#5176,#5171));
#5178= IFCFACEOUTERBOUND(#5177,.T.);
#5179= IFCFACE((#5178));
#5180= IFCCARTESIANPOINT((684.999999999803,6.99999999968328,-194.000000000003));
#5181= IFCPOLYLOOP((#5152,#5156,#5180,#5176));
#5182= IFCFACEOUTERBOUND(#5181,.T.);
#5183= IFCFACE((#5182));
#5184= IFCCARTESIANPOINT((684.999999999802,3.49999999968608,-187.937822173511));
#5185= IFCPOLYLOOP((#5156,#5160,#5184,#5180));
#5186= IFCFACEOUTERBOUND(#5185,.T.);
#5187= IFCFACE((#5186));
#5188= IFCCARTESIANPOINT((684.999999999798,-3.50000000031392,-187.937822173507));
#5189= IFCPOLYLOOP((#5160,#5164,#5188,#5184));
#5190= IFCFACEOUTERBOUND(#5189,.T.);
#5191= IFCFACE((#5190));
#5192= IFCPOLYLOOP((#5164,#5148,#5172,#5188));
#5193= IFCFACEOUTERBOUND(#5192,.T.);
#5194= IFCFACE((#5193));
#5195= IFCCARTESIANPOINT((703.531088913043,-3.50000000032809,-195.096787517316));
#5196= IFCCARTESIANPOINT((700.499999999795,-7.00000000032389,-189.846787517315));
#5197= IFCPOLYLOOP((#5172,#5171,#5195,#5196));
#5198= IFCFACEOUTERBOUND(#5197,.T.);
#5199= IFCFACE((#5198));
#5200= IFCCARTESIANPOINT((703.531088913048,3.4999999996719,-195.096787517319));
#5201= IFCPOLYLOOP((#5171,#5176,#5200,#5195));
#5202= IFCFACEOUTERBOUND(#5201,.T.);
#5203= IFCFACE((#5202));
#5204= IFCCARTESIANPOINT((700.499999999805,6.99999999967611,-189.84678751732));
#5205= IFCPOLYLOOP((#5176,#5180,#5204,#5200));
#5206= IFCFACEOUTERBOUND(#5205,.T.);
#5207= IFCFACE((#5206));
#5208= IFCCARTESIANPOINT((697.468911086557,3.49999999968032,-184.596787517319));
#5209= IFCPOLYLOOP((#5180,#5184,#5208,#5204));
#5210= IFCFACEOUTERBOUND(#5209,.T.);
#5211= IFCFACE((#5210));
#5212= IFCCARTESIANPOINT((697.468911086552,-3.50000000031968,-184.596787517316));
#5213= IFCPOLYLOOP((#5184,#5188,#5212,#5208));
#5214= IFCFACEOUTERBOUND(#5213,.T.);
#5215= IFCFACE((#5214));
#5216= IFCPOLYLOOP((#5188,#5172,#5196,#5212));
#5217= IFCFACEOUTERBOUND(#5216,.T.);
#5218= IFCFACE((#5217));
#5219= IFCCARTESIANPOINT((717.096787517115,-3.50000000033437,-181.531088913245));
#5220= IFCCARTESIANPOINT((711.846787517111,-7.00000000032914,-178.499999999998));
#5221= IFCPOLYLOOP((#5196,#5195,#5219,#5220));
#5222= IFCFACEOUTERBOUND(#5221,.T.);
#5223= IFCFACE((#5222));
#5224= IFCCARTESIANPOINT((717.096787517121,3.49999999966563,-181.531088913246));
#5225= IFCPOLYLOOP((#5195,#5200,#5224,#5219));
#5226= IFCFACEOUTERBOUND(#5225,.T.);
#5227= IFCFACE((#5226));
#5228= IFCCARTESIANPOINT((711.846787517124,6.99999999967086,-178.500000000002));
#5229= IFCPOLYLOOP((#5200,#5204,#5228,#5224));
#5230= IFCFACEOUTERBOUND(#5229,.T.);
#5231= IFCFACE((#5230));
#5232= IFCCARTESIANPOINT((706.596787517121,3.4999999996761,-175.468911086755));
#5233= IFCPOLYLOOP((#5204,#5208,#5232,#5228));
#5234= IFCFACEOUTERBOUND(#5233,.T.);
#5235= IFCFACE((#5234));
#5236= IFCCARTESIANPOINT((706.596787517115,-3.5000000003239,-175.468911086754));
#5237= IFCPOLYLOOP((#5208,#5212,#5236,#5232));
#5238= IFCFACEOUTERBOUND(#5237,.T.);
#5239= IFCFACE((#5238));
#5240= IFCPOLYLOOP((#5212,#5196,#5220,#5236));
#5241= IFCFACEOUTERBOUND(#5240,.T.);
#5242= IFCFACE((#5241));
#5243= IFCCARTESIANPOINT((722.062177826288,-3.50000000033666,-163.));
#5244= IFCCARTESIANPOINT((715.999999999793,-7.00000000033106,-163.));
#5245= IFCPOLYLOOP((#5220,#5219,#5243,#5244));
#5246= IFCFACEOUTERBOUND(#5245,.T.);
#5247= IFCFACE((#5246));
#5248= IFCCARTESIANPOINT((722.062177826294,3.49999999966334,-163.));
#5249= IFCPOLYLOOP((#5219,#5224,#5248,#5243));
#5250= IFCFACEOUTERBOUND(#5249,.T.);
#5251= IFCFACE((#5250));
#5252= IFCCARTESIANPOINT((715.999999999806,6.99999999966894,-163.));
#5253= IFCPOLYLOOP((#5224,#5228,#5252,#5248));
#5254= IFCFACEOUTERBOUND(#5253,.T.);
#5255= IFCFACE((#5254));
#5256= IFCCARTESIANPOINT((709.937822173312,3.49999999967455,-163.));
#5257= IFCPOLYLOOP((#5228,#5232,#5256,#5252));
#5258= IFCFACEOUTERBOUND(#5257,.T.);
#5259= IFCFACE((#5258));
#5260= IFCCARTESIANPOINT((709.937822173306,-3.50000000032545,-163.));
#5261= IFCPOLYLOOP((#5232,#5236,#5260,#5256));
#5262= IFCFACEOUTERBOUND(#5261,.T.);
#5263= IFCFACE((#5262));
#5264= IFCPOLYLOOP((#5236,#5220,#5244,#5260));
#5265= IFCFACEOUTERBOUND(#5264,.T.);
#5266= IFCFACE((#5265));
#5267= IFCPOLYLOOP((#5244,#5243,#5003,#5004));
#5268= IFCFACEOUTERBOUND(#5267,.T.);
#5269= IFCFACE((#5268));
#5270= IFCPOLYLOOP((#5243,#5248,#5008,#5003));
#5271= IFCFACEOUTERBOUND(#5270,.T.);
#5272= IFCFACE((#5271));
#5273= IFCPOLYLOOP((#5248,#5252,#5012,#5008));
#5274= IFCFACEOUTERBOUND(#5273,.T.);
#5275= IFCFACE((#5274));
#5276= IFCPOLYLOOP((#5252,#5256,#5016,#5012));
#5277= IFCFACEOUTERBOUND(#5276,.T.);
#5278= IFCFACE((#5277));
#5279= IFCPOLYLOOP((#5256,#5260,#5020,#5016));
#5280= IFCFACEOUTERBOUND(#5279,.T.);
#5281= IFCFACE((#5280));
#5282= IFCPOLYLOOP((#5260,#5244,#5004,#5020));
#5283= IFCFACEOUTERBOUND(#5282,.T.);
#5284= IFCFACE((#5283));
#5285= IFCCLOSEDSHELL((#4628,#5079,#5083,#5087,#5091,#5095,#5098,#5103,#5107,#5111,#5115,#5119,#5122,#5127,#5131,#5135,#5139,#5143,#5146,#5151,#5155,#5159,#5163,#5167,#5170,#5175,#5179,#5183,#5187,#5191,#5194,#5199,#5203,#5207,#5211,#5215,#5218,#5223,#5227,#5231,#5235,#5239,#5242,#5247,#5251,#5255,#5259,#5263,#5266,#5269,#5272,#5275,#5278,#5281,#5284,#5029));
#5286= IFCFACETEDBREP(#5285);
#5287= IFCSTYLEDITEM(#5286,(#5074),$);
#5288= IFCCARTESIANPOINT((0.,0.,194.));
#5289= IFCCARTESIANTRANSFORMATIONOPERATOR3D($,$,#5288,$,$);
#5290= IFCSHAPEREPRESENTATION(#12,'Body','Brep',(#5286));
#5291= IFCREPRESENTATIONMAP(#10,#5290);
#5292= IFCMAPPEDITEM(#5291,#5289);
#5293= IFCCARTESIANPOINT((-9.45874489843845E-11,-201.999999999942,194.));
#5294= IFCCARTESIANTRANSFORMATIONOPERATOR3D($,$,#5293,$,$);
#5295= IFCMAPPEDITEM(#5291,#5294);
#5296= IFCCARTESIANPOINT((-1.87355908565223E-10,-401.999999999887,194.));
#5297= IFCCARTESIANTRANSFORMATIONOPERATOR3D($,$,#5296,$,$);
#5298= IFCMAPPEDITEM(#5291,#5297);
#5299= IFCCARTESIANPOINT((-2.81033862847835E-10,-603.999999999829,194.));
#5300= IFCCARTESIANTRANSFORMATIONOPERATOR3D($,$,#5299,$,$);
#5301= IFCMAPPEDITEM(#5291,#5300);
#5302= IFCSHAPEREPRESENTATION(#12,'Body','MappedRepresentation',(#5292,#5295,#5298,#5301));
#5303= IFCPRODUCTDEFINITIONSHAPE($,$,(#5302));
#5304= IFCCARTESIANPOINT((-14672.9595012294,-6342.34913375103,-1029.));
#5305= IFCAXIS2PLACEMENT3D(#5304,#9,#624);
#5306= IFCLOCALPLACEMENT(#3057,#5305);
#5307= IFCREINFORCINGBAR('2ogkm$zyXBrAKOi1mtw2ot',#3056,'BOTTOM_BAR',$,$,#5306,#5303,'IDb2aaec3f-f7c8-4bd4-a518-b01c37e82cb7',$,14.,0.,$,.NOTDEFINED.,$);
#5308= IFCPROPERTYSINGLEVALUE('Spacing exact',$,IFCLABEL('1*202 + 1*200 + 1*202'),$);
#5309= IFCPROPERTYSET('14N84P6k910gnOatpiM83W',#5,'Tekla Reinforcement - General','Reinforcement Properties',(#3200,#3201,#3970,#4544,#5308,#5057,#3205,#3206,#5058));
#5310= IFCPROPERTYSINGLEVALUE('c',$,IFCLENGTHMEASURE(201.),$);
#5311= IFCPROPERTYSINGLEVALUE('a',$,IFCLENGTHMEASURE(201.),$);
#5312= IFCPROPERTYSINGLEVALUE('Weight total in group',$,IFCMASSMEASURE(3.8),$);
#5313= IFCPROPERTYSINGLEVALUE('Weight',$,IFCMASSMEASURE(0.96),$);
#5314= IFCPROPERTYSINGLEVALUE('Length',$,IFCLENGTHMEASURE(1075.),$);
#5315= IFCPROPERTYSINGLEVALUE('Number of bars in group',$,IFCINTEGER(4),$);
#5316= IFCPROPERTYSINGLEVALUE('Group position number',$,IFCIDENTIFIER('87'),$);
#5317= IFCPROPERTYSET('2XwCg42pP8_PH2Nh3qEgi8',#5,'Tekla Reinforcement - Bending List','Reinforcement Properties 1',(#4768,#3210,#3211,#3212,#3213,#3214,#3215,#4770,#3217,#3218,#3219,#3220,#3221,#3222,#3223,#3224,#3225,#3226,#3227,#5310,#5061,#5311,#5312,#5313,#5314,#5066,#4777,#4559,#5315,#5316));
#5318= IFCPROPERTYSET('37WW3_aA1FbA3NngUkLmRE',#5,'Tekla Reinforcement - End Conditions','Reinforcement Properties 2',(#3240,#3241,#3242,#3243,#3244,#3245,#3246,#3247));
#5319= IFCLOCALPLACEMENT(#42,#10);
#5320= IFCELEMENTASSEMBLY('3tBQQkQafClBRvDShYE3cI',#3056,'POSTI VUNDAMENT',$,$,#5319,$,'V-1',.NOTDEFINED.,.NOTDEFINED.);
#5321= IFCPROPERTYSET('1So1KVV0TBSufR92lOlY_L',#5,'Tekla Assembly','Assembly Properties',(#3059,#48,#3060,#3061,#3062,#3063,#53,#3064));
#5322= IFCPROPERTYSET('2dkiuJXqvCTwwyMko5vWoI',#5,'AssemblyBaseQuantities',$,(#3066));
#5323= IFCLOCALPLACEMENT(#5319,#10);
#5324= IFCELEMENTASSEMBLY('03Qsp68yjBfApDtPz4wJaK',#3056,'HPM16L',$,$,#5323,$,'EB_HPM16L-1',.NOTDEFINED.,.NOTDEFINED.);
#5325= IFCPROPERTYSET('0UsK3mLB5E6flka4Gylv6u',#5,'Tekla Assembly','Assembly Properties',(#3070,#48,#3060,#3071,#3072,#52,#53,#54));
#5326= IFCPROPERTYSET('0DPjVKWbDFQ8wYjTXklGie',#5,'AssemblyBaseQuantities',$,(#3074));
#5327= IFCSHAPEREPRESENTATION(#12,'Body','Brep',(#3127));
#5328= IFCPRODUCTDEFINITIONSHAPE($,$,(#5327));
#5329= IFCCARTESIANPOINT((-14879.5289691054,-1626.31791057951,-165.));
#5330= IFCAXIS2PLACEMENT3D(#5329,#8,#3132);
#5331= IFCLOCALPLACEMENT(#5323,#5330);
#5332= IFCBEAM('2b5HhJ_895ieqgOY5q_5EG',#3056,'HPM16L','D16',$,#5331,#5328,'EB_HPM16L-1');
#5333= IFCPROPERTYSET('0BGF6Pgm5Afh698ed7FLmT',#5,'Tekla Common','Common Properties to Shared building elements',(#3137,#408,#409,#410,#3138,#3139,#413));
#5334= IFCPROPERTYSET('3N7OuzcajEeedufyKJINnS',#5,'Tekla Quantity','Quantity Properties to Shared building elements',(#3141,#3074,#3142,#1653,#3143,#766,#420,#3144));
#5335= IFCPROPERTYSET('2ltn9wl_b9B8YKFJ5oz5sM',#5,'BeamBaseQuantities',$,(#3141,#690,#423,#3146));
#5336= IFCPROPERTYSET('33UyjkNVLEgQAq3G_QsDhq',#5,'Pset_BeamCommon','Definition from IAI: Properties common to the definition of all occurrences of IfcBeam.',(#430,#693,#770,#431,#432,#434));
#5337= IFCMAPPEDITEM(#3191,#276);
#5338= IFCSHAPEREPRESENTATION(#12,'Body','MappedRepresentation',(#5337));
#5339= IFCPRODUCTDEFINITIONSHAPE($,$,(#5338));
#5340= IFCCARTESIANPOINT((-14879.5289691054,-1626.31791057951,-197.));
#5341= IFCDIRECTION((-0.594757877120132,0.803904887162377,0.));
#5342= IFCAXIS2PLACEMENT3D(#5340,#5341,#3132);
#5343= IFCLOCALPLACEMENT(#5323,#5342);
#5344= IFCREINFORCINGBAR('3OF$F22c95Vuu2BMex$vh$',#3056,'EB_NUT',$,$,#5343,#5339,'IDd83ff3c2-0a62-457f-8e02-2d6a3bff9aff',$,28.,0.,$,.NOTDEFINED.,$);
#5345= IFCPROPERTYSET('3cRIniKhvCSPZ5MuG8$NSw',#5,'Tekla Reinforcement - General','Reinforcement Properties',(#3200,#3201,#408,#3202,#3203,#3204,#3205,#3206,#3207));
#5346= IFCPROPERTYSET('0gDf6_HAH779Zjc9dZPEiu',#5,'Tekla Reinforcement - Bending List','Reinforcement Properties 1',(#3209,#3210,#3211,#3212,#3213,#3214,#3215,#3216,#3217,#3218,#3219,#3220,#3221,#3222,#3223,#3224,#3225,#3226,#3227,#3228,#3229,#3230,#3231,#3232,#3233,#3234,#3235,#3236,#3237,#3238));
#5347= IFCPROPERTYSET('34_GQivRD64vU3qx4yraDd',#5,'Tekla Reinforcement - End Conditions','Reinforcement Properties 2',(#3240,#3241,#3242,#3243,#3244,#3245,#3246,#3247));
#5348= IFCMAPPEDITEM(#3289,#276);
#5349= IFCSHAPEREPRESENTATION(#12,'Body','MappedRepresentation',(#5348));
#5350= IFCPRODUCTDEFINITIONSHAPE($,$,(#5349));
#5351= IFCCARTESIANPOINT((-14879.5289691054,-1626.31791057951,-210.));
#5352= IFCAXIS2PLACEMENT3D(#5351,#5341,#3132);
#5353= IFCLOCALPLACEMENT(#5323,#5352);
#5354= IFCREINFORCINGBAR('13aI86K3bAexuJMVbpw8SH',#3056,'EB_WASHER',$,$,#5353,#5350,'ID43912206-5039-4aa3-be13-59f973e88711',$,43.,0.,$,.NOTDEFINED.,$);
#5355= IFCPROPERTYSET('3F3vqtkeT8lBqqOneufNoZ',#5,'Tekla Reinforcement - General','Reinforcement Properties',(#3200,#3201,#408,#3202,#3203,#3204,#3205,#3206,#3297));
#5356= IFCPROPERTYSET('0KgMhmusHEI9$3JZRRKufe',#5,'Tekla Reinforcement - Bending List','Reinforcement Properties 1',(#3209,#3210,#3211,#3212,#3213,#3214,#3215,#3216,#3217,#3218,#3219,#3220,#3221,#3222,#3223,#3224,#3225,#3226,#3227,#3228,#3229,#3299,#3231,#421,#3300,#3234,#3301,#3236,#3237,#3302));
#5357= IFCPROPERTYSET('3KLepPmV9DnB06Om$tTgAw',#5,'Tekla Reinforcement - End Conditions','Reinforcement Properties 2',(#3240,#3241,#3242,#3243,#3244,#3245,#3246,#3247));
#5358= IFCMAPPEDITEM(#3345,#276);
#5359= IFCSHAPEREPRESENTATION(#12,'Body','MappedRepresentation',(#5358));
#5360= IFCPRODUCTDEFINITIONSHAPE($,$,(#5359));
#5361= IFCCARTESIANPOINT((-14879.5289691054,-1626.31791057951,-305.));
#5362= IFCAXIS2PLACEMENT3D(#5361,#5341,#3132);
#5363= IFCLOCALPLACEMENT(#5323,#5362);
#5364= IFCREINFORCINGBAR('3ISGguYOnFBAN6ssrzRb1y',#3056,'EB_REBAR',$,$,#5363,#5360,'IDd2710ab8-898c-4f2c-a5c6-db6d7d6e507c',$,19.,0.,$,.NOTDEFINED.,$);
#5365= IFCPROPERTYSET('1V3o6iQtr1bAkXsyEWcIM4',#5,'Tekla Reinforcement - General','Reinforcement Properties',(#3200,#3201,#408,#3202,#3203,#3204,#3205,#3206,#3353));
#5366= IFCPROPERTYSET('28UJeRXi9D0ORwRbksUbXj',#5,'Tekla Reinforcement - Bending List','Reinforcement Properties 1',(#3209,#3210,#3211,#3212,#3213,#3214,#3215,#3216,#3217,#3218,#3219,#3220,#3221,#3222,#3223,#3224,#3225,#3226,#3227,#3228,#3229,#3355,#3356,#3144,#3357,#3234,#3358,#3236,#3237,#3359));
#5367= IFCPROPERTYSET('0aSJIvAFH2pulNVE5RpvEb',#5,'Tekla Reinforcement - End Conditions','Reinforcement Properties 2',(#3240,#3241,#3242,#3243,#3244,#3245,#3246,#3247));
#5368= IFCMAPPEDITEM(#3402,#276);
#5369= IFCSHAPEREPRESENTATION(#12,'Body','MappedRepresentation',(#5368));
#5370= IFCPRODUCTDEFINITIONSHAPE($,$,(#5369));
#5371= IFCCARTESIANPOINT((-14879.5289691054,-1626.31791057951,-433.));
#5372= IFCAXIS2PLACEMENT3D(#5371,#5341,#3132);
#5373= IFCLOCALPLACEMENT(#5323,#5372);
#5374= IFCREINFORCINGBAR('3Iwb9eC315ZgfVGyLFzMgP',#3056,'EB_STUD',$,$,#5373,#5370,'IDd2ea5268-3030-458e-aa5f-43c54ff56a99',$,46.,0.,$,.NOTDEFINED.,$);
#5375= IFCPROPERTYSET('2Mz$EBwI5B69AMcWXZ9tCu',#5,'Tekla Reinforcement - General','Reinforcement Properties',(#3200,#3201,#408,#3202,#3203,#3204,#3205,#3206,#3410));
#5376= IFCPROPERTYSET('0rQQUSj$nEH9wdJkHEgwvi',#5,'Tekla Reinforcement - Bending List','Reinforcement Properties 1',(#3209,#3210,#3211,#3212,#3213,#3214,#3215,#3216,#3217,#3218,#3219,#3220,#3221,#3222,#3223,#3224,#3225,#3226,#3227,#3228,#3229,#3412,#3413,#3414,#3233,#3234,#3415,#3236,#3237,#3416));
#5377= IFCPROPERTYSET('3DWkge08XD8g0ZI3STjdMu',#5,'Tekla Reinforcement - End Conditions','Reinforcement Properties 2',(#3240,#3241,#3242,#3243,#3244,#3245,#3246,#3247));
#5378= IFCMAPPEDITEM(#3289,#276);
#5379= IFCSHAPEREPRESENTATION(#12,'Body','MappedRepresentation',(#5378));
#5380= IFCPRODUCTDEFINITIONSHAPE($,$,(#5379));
#5381= IFCCARTESIANPOINT((-14879.5289691054,-1626.31791057951,-230.));
#5382= IFCAXIS2PLACEMENT3D(#5381,#5341,#3132);
#5383= IFCLOCALPLACEMENT(#5323,#5382);
#5384= IFCREINFORCINGBAR('2K_2R1IBP3Suv0s0bTi$FH',#3056,'EB_WASHER',$,$,#5383,#5380,'ID94f826c1-48b6-4373-8e40-d8095db3f3d1',$,43.,0.,$,.NOTDEFINED.,$);
#5385= IFCPROPERTYSET('3TBIDIh692R8o0e0WAfIi5',#5,'Tekla Reinforcement - General','Reinforcement Properties',(#3200,#3201,#408,#3202,#3203,#3204,#3205,#3206,#3297));
#5386= IFCPROPERTYSET('0XO24cUgr5OwRyZRWJTpPp',#5,'Tekla Reinforcement - Bending List','Reinforcement Properties 1',(#3209,#3210,#3211,#3212,#3213,#3214,#3215,#3216,#3217,#3218,#3219,#3220,#3221,#3222,#3223,#3224,#3225,#3226,#3227,#3228,#3229,#3299,#3231,#421,#3300,#3234,#3301,#3236,#3237,#3302));
#5387= IFCPROPERTYSET('0qzzzhIJ18h9IEsNC0buPD',#5,'Tekla Reinforcement - End Conditions','Reinforcement Properties 2',(#3240,#3241,#3242,#3243,#3244,#3245,#3246,#3247));
#5388= IFCMAPPEDITEM(#3191,#276);
#5389= IFCSHAPEREPRESENTATION(#12,'Body','MappedRepresentation',(#5388));
#5390= IFCPRODUCTDEFINITIONSHAPE($,$,(#5389));
#5391= IFCCARTESIANPOINT((-14879.5289691054,-1626.31791057951,-235.));
#5392= IFCAXIS2PLACEMENT3D(#5391,#5341,#3132);
#5393= IFCLOCALPLACEMENT(#5323,#5392);
#5394= IFCREINFORCINGBAR('2aRIYFTk97x9yLmNOzpgy6',#3056,'EB_NUT',$,$,#5393,#5390,'IDa46d288f-76e2-47ec-9f15-c1763dceaf06',$,28.,0.,$,.NOTDEFINED.,$);
#5395= IFCPROPERTYSET('01geIkr$14vvAbdo9d3A5j',#5,'Tekla Reinforcement - General','Reinforcement Properties',(#3200,#3201,#408,#3202,#3203,#3204,#3205,#3206,#3207));
#5396= IFCPROPERTYSET('3yWv2TN7n6dRZMY9NNCfTp',#5,'Tekla Reinforcement - Bending List','Reinforcement Properties 1',(#3209,#3210,#3211,#3212,#3213,#3214,#3215,#3216,#3217,#3218,#3219,#3220,#3221,#3222,#3223,#3224,#3225,#3226,#3227,#3228,#3229,#3230,#3231,#3232,#3233,#3234,#3235,#3236,#3237,#3238));
#5397= IFCPROPERTYSET('19QiM$TJ58FhdnYRqTGN8D',#5,'Tekla Reinforcement - End Conditions','Reinforcement Properties 2',(#3240,#3241,#3242,#3243,#3244,#3245,#3246,#3247));
#5398= IFCLOCALPLACEMENT(#5319,#10);
#5399= IFCELEMENTASSEMBLY('1mw3p0CIT6khmiVAxY3P1o',#3056,'HPM16L',$,$,#5398,$,'EB_HPM16L-1',.NOTDEFINED.,.NOTDEFINED.);
#5400= IFCPROPERTYSET('1LroaplUj2H9MJ1k6Wd$yy',#5,'Tekla Assembly','Assembly Properties',(#3070,#48,#3060,#3071,#3072,#52,#53,#54));
#5401= IFCPROPERTYSET('0kjFwwxF1EWf$qU998wLWW',#5,'AssemblyBaseQuantities',$,(#3074));
#5402= IFCSHAPEREPRESENTATION(#12,'Body','Brep',(#3127));
#5403= IFCPRODUCTDEFINITIONSHAPE($,$,(#5402));
#5404= IFCCARTESIANPOINT((-14879.5289691051,-1816.31791057935,-165.));
#5405= IFCAXIS2PLACEMENT3D(#5404,#8,#3132);
#5406= IFCLOCALPLACEMENT(#5398,#5405);
#5407= IFCBEAM('1VgleCi6T4Tu8m5CREhpiR',#3056,'HPM16L','D16',$,#5406,#5403,'EB_HPM16L-1');
#5408= IFCPROPERTYSET('1zvP_VBlLEjOj0kdkp6F8v',#5,'Tekla Common','Common Properties to Shared building elements',(#3137,#408,#409,#410,#3138,#3139,#413));
#5409= IFCPROPERTYSET('1oDTl2zUv1ffx7rd8MNJoA',#5,'Tekla Quantity','Quantity Properties to Shared building elements',(#3141,#3074,#3142,#1653,#3143,#766,#420,#3144));
#5410= IFCPROPERTYSET('0FLUQL1t5DUAENcLhv9FbM',#5,'BeamBaseQuantities',$,(#3141,#690,#423,#3146));
#5411= IFCPROPERTYSET('0m5VXGvZHEXB0Lbc6NQFKK',#5,'Pset_BeamCommon','Definition from IAI: Properties common to the definition of all occurrences of IfcBeam.',(#430,#693,#770,#431,#432,#434));
#5412= IFCMAPPEDITEM(#3191,#276);
#5413= IFCSHAPEREPRESENTATION(#12,'Body','MappedRepresentation',(#5412));
#5414= IFCPRODUCTDEFINITIONSHAPE($,$,(#5413));
#5415= IFCCARTESIANPOINT((-14879.5289691051,-1816.31791057935,-197.));
#5416= IFCAXIS2PLACEMENT3D(#5415,#5341,#3132);
#5417= IFCLOCALPLACEMENT(#5398,#5416);
#5418= IFCREINFORCINGBAR('3XOfWVSPX29g4iAjgCsbRG',#3056,'EB_NUT',$,$,#5417,#5414,'IDe162981f-7198-4226-a12c-2ada8cda56d0',$,28.,0.,$,.NOTDEFINED.,$);
#5419= IFCPROPERTYSET('2Jz0ceho9AT931TOjH4vnK',#5,'Tekla Reinforcement - General','Reinforcement Properties',(#3200,#3201,#408,#3202,#3203,#3204,#3205,#3206,#3207));
#5420= IFCPROPERTYSET('0eRr2iIyz0fuwJ$RW_BoKl',#5,'Tekla Reinforcement - Bending List','Reinforcement Properties 1',(#3209,#3210,#3211,#3212,#3213,#3214,#3215,#3216,#3217,#3218,#3219,#3220,#3221,#3222,#3223,#3224,#3225,#3226,#3227,#3228,#3229,#3230,#3231,#3232,#3233,#3234,#3235,#3236,#3237,#3238));
#5421= IFCPROPERTYSET('0ezfm7BIT1BQN0u6NEBHGV',#5,'Tekla Reinforcement - End Conditions','Reinforcement Properties 2',(#3240,#3241,#3242,#3243,#3244,#3245,#3246,#3247));
#5422= IFCMAPPEDITEM(#3289,#276);
#5423= IFCSHAPEREPRESENTATION(#12,'Body','MappedRepresentation',(#5422));
#5424= IFCPRODUCTDEFINITIONSHAPE($,$,(#5423));
#5425= IFCCARTESIANPOINT((-14879.5289691051,-1816.31791057935,-210.));
#5426= IFCAXIS2PLACEMENT3D(#5425,#5341,#3132);
#5427= IFCLOCALPLACEMENT(#5398,#5426);
#5428= IFCREINFORCINGBAR('2KsCBP4lj76hsiMVT5t1P5',#3056,'EB_WASHER',$,$,#5427,#5424,'ID94d8c2d9-12fb-471a-bdac-59f745dc1645',$,43.,0.,$,.NOTDEFINED.,$);
#5429= IFCPROPERTYSET('2Owepz5pX8lu_yNCGnYIoL',#5,'Tekla Reinforcement - General','Reinforcement Properties',(#3200,#3201,#408,#3202,#3203,#3204,#3205,#3206,#3297));
#5430= IFCPROPERTYSET('2Xg386JyP1dRRi3S7qUrZw',#5,'Tekla Reinforcement - Bending List','Reinforcement Properties 1',(#3209,#3210,#3211,#3212,#3213,#3214,#3215,#3216,#3217,#3218,#3219,#3220,#3221,#3222,#3223,#3224,#3225,#3226,#3227,#3228,#3229,#3299,#3231,#421,#3300,#3234,#3301,#3236,#3237,#3302));
#5431= IFCPROPERTYSET('1wDHrpLx9EEg1HjCvY97DM',#5,'Tekla Reinforcement - End Conditions','Reinforcement Properties 2',(#3240,#3241,#3242,#3243,#3244,#3245,#3246,#3247));
#5432= IFCMAPPEDITEM(#3345,#276);
#5433= IFCSHAPEREPRESENTATION(#12,'Body','MappedRepresentation',(#5432));
#5434= IFCPRODUCTDEFINITIONSHAPE($,$,(#5433));
#5435= IFCCARTESIANPOINT((-14879.5289691051,-1816.31791057935,-305.));
#5436= IFCAXIS2PLACEMENT3D(#5435,#5341,#3132);
#5437= IFCLOCALPLACEMENT(#5398,#5436);
#5438= IFCREINFORCINGBAR('0snD6Nho5EkQ5qO2jqcI3q',#3056,'EB_REBAR',$,$,#5437,#5434,'ID36c4d197-af21-4eb9-a174-602b749920f4',$,19.,0.,$,.NOTDEFINED.,$);
#5439= IFCPROPERTYSET('1njgn0QAbE5AonPDJRWvfv',#5,'Tekla Reinforcement - General','Reinforcement Properties',(#3200,#3201,#408,#3202,#3203,#3204,#3205,#3206,#3353));
#5440= IFCPROPERTYSET('1_gNYutprDi8Wpg_fEbflu',#5,'Tekla Reinforcement - Bending List','Reinforcement Properties 1',(#3209,#3210,#3211,#3212,#3213,#3214,#3215,#3216,#3217,#3218,#3219,#3220,#3221,#3222,#3223,#3224,#3225,#3226,#3227,#3228,#3229,#3355,#3356,#3144,#3357,#3234,#3358,#3236,#3237,#3359));
#5441= IFCPROPERTYSET('2suXcNMTP7gQzqGMUHCMSp',#5,'Tekla Reinforcement - End Conditions','Reinforcement Properties 2',(#3240,#3241,#3242,#3243,#3244,#3245,#3246,#3247));
#5442= IFCMAPPEDITEM(#3402,#276);
#5443= IFCSHAPEREPRESENTATION(#12,'Body','MappedRepresentation',(#5442));
#5444= IFCPRODUCTDEFINITIONSHAPE($,$,(#5443));
#5445= IFCCARTESIANPOINT((-14879.5289691051,-1816.31791057935,-433.));
#5446= IFCAXIS2PLACEMENT3D(#5445,#5341,#3132);
#5447= IFCLOCALPLACEMENT(#5398,#5446);
#5448= IFCREINFORCINGBAR('0aW4eveET47wucmDENkNlx',#3056,'EB_STUD',$,$,#5447,#5444,'ID24804a39-a0e7-441f-ae26-c0d397b97bfb',$,46.,0.,$,.NOTDEFINED.,$);
#5449= IFCPROPERTYSET('3RxZ46fSP5ERVKnoCj1xfI',#5,'Tekla Reinforcement - General','Reinforcement Properties',(#3200,#3201,#408,#3202,#3203,#3204,#3205,#3206,#3410));
#5450= IFCPROPERTYSET('3MqFQniBz8kQET1J5mNhuO',#5,'Tekla Reinforcement - Bending List','Reinforcement Properties 1',(#3209,#3210,#3211,#3212,#3213,#3214,#3215,#3216,#3217,#3218,#3219,#3220,#3221,#3222,#3223,#3224,#3225,#3226,#3227,#3228,#3229,#3412,#3413,#3414,#3233,#3234,#3415,#3236,#3237,#3416));
#5451= IFCPROPERTYSET('2uJ2mrnpzDlgSfQu$9eGGs',#5,'Tekla Reinforcement - End Conditions','Reinforcement Properties 2',(#3240,#3241,#3242,#3243,#3244,#3245,#3246,#3247));
#5452= IFCMAPPEDITEM(#3289,#276);
#5453= IFCSHAPEREPRESENTATION(#12,'Body','MappedRepresentation',(#5452));
#5454= IFCPRODUCTDEFINITIONSHAPE($,$,(#5453));
#5455= IFCCARTESIANPOINT((-14879.5289691051,-1816.31791057935,-230.));
#5456= IFCAXIS2PLACEMENT3D(#5455,#5341,#3132);
#5457= IFCLOCALPLACEMENT(#5398,#5456);
#5458= IFCREINFORCINGBAR('2przTvRYr8lh430T6dXbr1',#3056,'EB_WASHER',$,$,#5457,#5454,'IDb3d7d779-6e2d-48be-b103-01d1a7865d41',$,43.,0.,$,.NOTDEFINED.,$);
#5459= IFCPROPERTYSET('1ekAc27815Jhzo$hEFZqWc',#5,'Tekla Reinforcement - General','Reinforcement Properties',(#3200,#3201,#408,#3202,#3203,#3204,#3205,#3206,#3297));
#5460= IFCPROPERTYSET('1BFcek4H98KOvqu16cSJ$j',#5,'Tekla Reinforcement - Bending List','Reinforcement Properties 1',(#3209,#3210,#3211,#3212,#3213,#3214,#3215,#3216,#3217,#3218,#3219,#3220,#3221,#3222,#3223,#3224,#3225,#3226,#3227,#3228,#3229,#3299,#3231,#421,#3300,#3234,#3301,#3236,#3237,#3302));
#5461= IFCPROPERTYSET('2_6eOYTsP6HQXPOuVeqzlu',#5,'Tekla Reinforcement - End Conditions','Reinforcement Properties 2',(#3240,#3241,#3242,#3243,#3244,#3245,#3246,#3247));
#5462= IFCMAPPEDITEM(#3191,#276);
#5463= IFCSHAPEREPRESENTATION(#12,'Body','MappedRepresentation',(#5462));
#5464= IFCPRODUCTDEFINITIONSHAPE($,$,(#5463));
#5465= IFCCARTESIANPOINT((-14879.5289691051,-1816.31791057935,-235.));
#5466= IFCAXIS2PLACEMENT3D(#5465,#5341,#3132);
#5467= IFCLOCALPLACEMENT(#5398,#5466);
#5468= IFCREINFORCINGBAR('1tOuXhYf5CUwrb9UV3vJG9',#3056,'EB_NUT',$,$,#5467,#5464,'ID7763886b-8a91-4c7b-ad65-25e7c3e53409',$,28.,0.,$,.NOTDEFINED.,$);
#5469= IFCPROPERTYSET('3j9tNJgePEtfue7noanFE$',#5,'Tekla Reinforcement - General','Reinforcement Properties',(#3200,#3201,#408,#3202,#3203,#3204,#3205,#3206,#3207));
#5470= IFCPROPERTYSET('32yVUC$tH71PSRXvR48wlP',#5,'Tekla Reinforcement - Bending List','Reinforcement Properties 1',(#3209,#3210,#3211,#3212,#3213,#3214,#3215,#3216,#3217,#3218,#3219,#3220,#3221,#3222,#3223,#3224,#3225,#3226,#3227,#3228,#3229,#3230,#3231,#3232,#3233,#3234,#3235,#3236,#3237,#3238));
#5471= IFCPROPERTYSET('2pBZ0MNWjC08vAfPo_IZrZ',#5,'Tekla Reinforcement - End Conditions','Reinforcement Properties 2',(#3240,#3241,#3242,#3243,#3244,#3245,#3246,#3247));
#5472= IFCLOCALPLACEMENT(#5319,#10);
#5473= IFCELEMENTASSEMBLY('10OLGK7GXDhPgOW4ZJPmdO',#3056,'HPM16L',$,$,#5472,$,'EB_HPM16L-1',.NOTDEFINED.,.NOTDEFINED.);
#5474= IFCPROPERTYSET('32nXChQn57xeAUlEoi8L3g',#5,'Tekla Assembly','Assembly Properties',(#3070,#48,#3060,#3071,#3072,#52,#53,#54));
#5475= IFCPROPERTYSET('3c55jgp3jDVfGFV6$tRalE',#5,'AssemblyBaseQuantities',$,(#3074));
#5476= IFCSHAPEREPRESENTATION(#12,'Body','Brep',(#3127));
#5477= IFCPRODUCTDEFINITIONSHAPE($,$,(#5476));
#5478= IFCCARTESIANPOINT((-15069.5289691057,-1816.31791057903,-165.));
#5479= IFCAXIS2PLACEMENT3D(#5478,#8,#3132);
#5480= IFCLOCALPLACEMENT(#5472,#5479);
#5481= IFCBEAM('0GdGzwJGn63B8Egp$l9K8W',#3056,'HPM16L','D16',$,#5480,#5477,'EB_HPM16L-1');
#5482= IFCPROPERTYSET('1ygvBW58D3gvisbSYDpQAz',#5,'Tekla Common','Common Properties to Shared building elements',(#3137,#408,#409,#410,#3138,#3139,#413));
#5483= IFCPROPERTYSET('2fF3aly5DDuOrrhgwqVjHL',#5,'Tekla Quantity','Quantity Properties to Shared building elements',(#3141,#3074,#3142,#1653,#3143,#766,#420,#3144));
#5484= IFCPROPERTYSET('3cHDauvcj5wuAg$aPYbPMJ',#5,'BeamBaseQuantities',$,(#3141,#690,#423,#3146));
#5485= IFCPROPERTYSET('1QdDCbOhn4iORSTuO9$n4U',#5,'Pset_BeamCommon','Definition from IAI: Properties common to the definition of all occurrences of IfcBeam.',(#430,#693,#770,#431,#432,#434));
#5486= IFCMAPPEDITEM(#3191,#276);
#5487= IFCSHAPEREPRESENTATION(#12,'Body','MappedRepresentation',(#5486));
#5488= IFCPRODUCTDEFINITIONSHAPE($,$,(#5487));
#5489= IFCCARTESIANPOINT((-15069.5289691057,-1816.31791057903,-197.));
#5490= IFCAXIS2PLACEMENT3D(#5489,#5341,#3132);
#5491= IFCLOCALPLACEMENT(#5472,#5490);
#5492= IFCREINFORCINGBAR('3hiceJI7vBZO0Lh8x4YKRj',#3056,'EB_NUT',$,$,#5491,#5488,'IDebb26a13-487e-4b8d-8015-ac8ec48946ed',$,28.,0.,$,.NOTDEFINED.,$);
#5493= IFCPROPERTYSET('2y3EcDFcb4euJqFQpdySLu',#5,'Tekla Reinforcement - General','Reinforcement Properties',(#3200,#3201,#408,#3202,#3203,#3204,#3205,#3206,#3207));
#5494= IFCPROPERTYSET('3mnMzyPkHF3hrl3Y97Vh9A',#5,'Tekla Reinforcement - Bending List','Reinforcement Properties 1',(#3209,#3210,#3211,#3212,#3213,#3214,#3215,#3216,#3217,#3218,#3219,#3220,#3221,#3222,#3223,#3224,#3225,#3226,#3227,#3228,#3229,#3230,#3231,#3232,#3233,#3234,#3235,#3236,#3237,#3238));
#5495= IFCPROPERTYSET('1calQxyvL7v8W6Aw_G9o8$',#5,'Tekla Reinforcement - End Conditions','Reinforcement Properties 2',(#3240,#3241,#3242,#3243,#3244,#3245,#3246,#3247));
#5496= IFCMAPPEDITEM(#3289,#276);
#5497= IFCSHAPEREPRESENTATION(#12,'Body','MappedRepresentation',(#5496));
#5498= IFCPRODUCTDEFINITIONSHAPE($,$,(#5497));
#5499= IFCCARTESIANPOINT((-15069.5289691057,-1816.31791057903,-210.));
#5500= IFCAXIS2PLACEMENT3D(#5499,#5341,#3132);
#5501= IFCLOCALPLACEMENT(#5472,#5500);
#5502= IFCREINFORCINGBAR('2fvtLR8rXBsOcqpK383Xh8',#3056,'EB_WASHER',$,$,#5501,#5498,'IDa9e7755b-2358-4bd9-89b4-cd40c80e1ac8',$,43.,0.,$,.NOTDEFINED.,$);
#5503= IFCPROPERTYSET('1HYH9hMYH5GRH4tcEYxX6X',#5,'Tekla Reinforcement - General','Reinforcement Properties',(#3200,#3201,#408,#3202,#3203,#3204,#3205,#3206,#3297));
#5504= IFCPROPERTYSET('2NFTMBZzLE89xrz4wLkb2h',#5,'Tekla Reinforcement - Bending List','Reinforcement Properties 1',(#3209,#3210,#3211,#3212,#3213,#3214,#3215,#3216,#3217,#3218,#3219,#3220,#3221,#3222,#3223,#3224,#3225,#3226,#3227,#3228,#3229,#3299,#3231,#421,#3300,#3234,#3301,#3236,#3237,#3302));
#5505= IFCPROPERTYSET('3sCTCQVFPBhO8ZpStx3WRH',#5,'Tekla Reinforcement - End Conditions','Reinforcement Properties 2',(#3240,#3241,#3242,#3243,#3244,#3245,#3246,#3247));
#5506= IFCMAPPEDITEM(#3345,#276);
#5507= IFCSHAPEREPRESENTATION(#12,'Body','MappedRepresentation',(#5506));
#5508= IFCPRODUCTDEFINITIONSHAPE($,$,(#5507));
#5509= IFCCARTESIANPOINT((-15069.5289691057,-1816.31791057903,-305.));
#5510= IFCAXIS2PLACEMENT3D(#5509,#5341,#3132);
#5511= IFCLOCALPLACEMENT(#5472,#5510);
#5512= IFCREINFORCINGBAR('2Em3Qjz4fByfJJLOhZ7yr1',#3056,'EB_REBAR',$,$,#5511,#5508,'ID8ec036ad-f44a-4bf2-94d3-558ae31fcd41',$,19.,0.,$,.NOTDEFINED.,$);
#5513= IFCPROPERTYSET('2HM6QjeYP8QB82VS4T5ta9',#5,'Tekla Reinforcement - General','Reinforcement Properties',(#3200,#3201,#408,#3202,#3203,#3204,#3205,#3206,#3353));
#5514= IFCPROPERTYSET('1RjVzcaM94JubNrnOOzIZB',#5,'Tekla Reinforcement - Bending List','Reinforcement Properties 1',(#3209,#3210,#3211,#3212,#3213,#3214,#3215,#3216,#3217,#3218,#3219,#3220,#3221,#3222,#3223,#3224,#3225,#3226,#3227,#3228,#3229,#3355,#3356,#3144,#3357,#3234,#3358,#3236,#3237,#3359));
#5515= IFCPROPERTYSET('3xEhP5$Gr7uBehLc2ct1$q',#5,'Tekla Reinforcement - End Conditions','Reinforcement Properties 2',(#3240,#3241,#3242,#3243,#3244,#3245,#3246,#3247));
#5516= IFCMAPPEDITEM(#3402,#276);
#5517= IFCSHAPEREPRESENTATION(#12,'Body','MappedRepresentation',(#5516));
#5518= IFCPRODUCTDEFINITIONSHAPE($,$,(#5517));
#5519= IFCCARTESIANPOINT((-15069.5289691057,-1816.31791057903,-433.));
#5520= IFCAXIS2PLACEMENT3D(#5519,#5341,#3132);
#5521= IFCLOCALPLACEMENT(#5472,#5520);
#5522= IFCREINFORCINGBAR('0XC2SEeez8QAsHVpK1Uf3N',#3056,'EB_STUD',$,$,#5521,#5518,'ID2130270e-a28f-4868-ad91-7f35017a90d7',$,46.,0.,$,.NOTDEFINED.,$);
#5523= IFCPROPERTYSET('3nUwgPv_zFHQqGdxDY2o1d',#5,'Tekla Reinforcement - General','Reinforcement Properties',(#3200,#3201,#408,#3202,#3203,#3204,#3205,#3206,#3410));
#5524= IFCPROPERTYSET('3aBE8yvnL0DwdYzvS4wrtV',#5,'Tekla Reinforcement - Bending List','Reinforcement Properties 1',(#3209,#3210,#3211,#3212,#3213,#3214,#3215,#3216,#3217,#3218,#3219,#3220,#3221,#3222,#3223,#3224,#3225,#3226,#3227,#3228,#3229,#3412,#3413,#3414,#3233,#3234,#3415,#3236,#3237,#3416));
#5525= IFCPROPERTYSET('07nTpw0Ib0ZPe_AqH_xLkI',#5,'Tekla Reinforcement - End Conditions','Reinforcement Properties 2',(#3240,#3241,#3242,#3243,#3244,#3245,#3246,#3247));
#5526= IFCMAPPEDITEM(#3289,#276);
#5527= IFCSHAPEREPRESENTATION(#12,'Body','MappedRepresentation',(#5526));
#5528= IFCPRODUCTDEFINITIONSHAPE($,$,(#5527));
#5529= IFCCARTESIANPOINT((-15069.5289691057,-1816.31791057903,-230.));
#5530= IFCAXIS2PLACEMENT3D(#5529,#5341,#3132);
#5531= IFCLOCALPLACEMENT(#5472,#5530);
#5532= IFCREINFORCINGBAR('13Ru3Ost9BF9GBy2NFFFae',#3056,'EB_WASHER',$,$,#5531,#5528,'ID436f80d8-db72-4b3c-940b-f025cf3cf928',$,43.,0.,$,.NOTDEFINED.,$);
#5533= IFCPROPERTYSET('26tJdQ9e11xh01a6M7EK0s',#5,'Tekla Reinforcement - General','Reinforcement Properties',(#3200,#3201,#408,#3202,#3203,#3204,#3205,#3206,#3297));
#5534= IFCPROPERTYSET('01vw5MPbDCzPE5XGRWTWNc',#5,'Tekla Reinforcement - Bending List','Reinforcement Properties 1',(#3209,#3210,#3211,#3212,#3213,#3214,#3215,#3216,#3217,#3218,#3219,#3220,#3221,#3222,#3223,#3224,#3225,#3226,#3227,#3228,#3229,#3299,#3231,#421,#3300,#3234,#3301,#3236,#3237,#3302));
#5535= IFCPROPERTYSET('3qKoC6dAj2EPF6uvYERDOl',#5,'Tekla Reinforcement - End Conditions','Reinforcement Properties 2',(#3240,#3241,#3242,#3243,#3244,#3245,#3246,#3247));
#5536= IFCMAPPEDITEM(#3191,#276);
#5537= IFCSHAPEREPRESENTATION(#12,'Body','MappedRepresentation',(#5536));
#5538= IFCPRODUCTDEFINITIONSHAPE($,$,(#5537));
#5539= IFCCARTESIANPOINT((-15069.5289691057,-1816.31791057903,-235.));
#5540= IFCAXIS2PLACEMENT3D(#5539,#5341,#3132);
#5541= IFCLOCALPLACEMENT(#5472,#5540);
#5542= IFCREINFORCINGBAR('2INYjR_rn1lQcW681a6aid',#3056,'EB_NUT',$,$,#5541,#5538,'ID925e2b5b-fb5c-41bd-a9a0-1880641a4b27',$,28.,0.,$,.NOTDEFINED.,$);
#5543= IFCPROPERTYSET('0kZA82i099PgNYcZx0cCBw',#5,'Tekla Reinforcement - General','Reinforcement Properties',(#3200,#3201,#408,#3202,#3203,#3204,#3205,#3206,#3207));
#5544= IFCPROPERTYSET('1_1ci$VP5Cpx2Qk1QlWx4r',#5,'Tekla Reinforcement - Bending List','Reinforcement Properties 1',(#3209,#3210,#3211,#3212,#3213,#3214,#3215,#3216,#3217,#3218,#3219,#3220,#3221,#3222,#3223,#3224,#3225,#3226,#3227,#3228,#3229,#3230,#3231,#3232,#3233,#3234,#3235,#3236,#3237,#3238));
#5545= IFCPROPERTYSET('1qQ14LoGTFqeyedp2Eh3Ja',#5,'Tekla Reinforcement - End Conditions','Reinforcement Properties 2',(#3240,#3241,#3242,#3243,#3244,#3245,#3246,#3247));
#5546= IFCMAPPEDITEM(#3659,#3657);
#5547= IFCMAPPEDITEM(#3659,#3662);
#5548= IFCMAPPEDITEM(#3659,#3665);
#5549= IFCMAPPEDITEM(#3659,#3668);
#5550= IFCSHAPEREPRESENTATION(#12,'Body','MappedRepresentation',(#5546,#5547,#5548,#5549));
#5551= IFCPRODUCTDEFINITIONSHAPE($,$,(#5550));
#5552= IFCCARTESIANPOINT((-14974.5289691056,-1661.31791057916,-215.));
#5553= IFCAXIS2PLACEMENT3D(#5552,#7,#283);
#5554= IFCLOCALPLACEMENT(#858,#5553);
#5555= IFCMECHANICALFASTENER('1yBa38EU50dPspIOhKMOvf',#3056,'Bolt assembly',$,$,#5554,#5551,'ID7c2e40c8-39e1-409d-9db3-498ad4598e69',16.,15.);
#5556= IFCPROPERTYSET('0_8C9bBXr6Ugcl5KVJILkg',#5,'Tekla Bolt','Bolt Properties',(#3676,#289,#3677,#3678,#1128,#293,#3679,#295,#296,#1130,#298,#1131,#1132,#301,#1133,#303));
#5557= IFCCARTESIANPOINT((60.,120.,0.));
#5558= IFCCARTESIANPOINT((60.,120.,8.48528137423858));
#5559= IFCCARTESIANPOINT((-60.,120.,8.48528137423858));
#5560= IFCCARTESIANPOINT((-60.,120.,0.));
#5561= IFCPOLYLOOP((#5557,#5558,#5559,#5560));
#5562= IFCFACEOUTERBOUND(#5561,.T.);
#5563= IFCFACE((#5562));
#5564= IFCCARTESIANPOINT((68.4852813742382,128.485281374239,0.));
#5565= IFCCARTESIANPOINT((-68.4852813742382,128.485281374239,0.));
#5566= IFCPOLYLOOP((#5558,#5564,#5565,#5559));
#5567= IFCFACEOUTERBOUND(#5566,.T.);
#5568= IFCFACE((#5567));
#5569= IFCPOLYLOOP((#5564,#5557,#5560,#5565));
#5570= IFCFACEOUTERBOUND(#5569,.T.);
#5571= IFCFACE((#5570));
#5572= IFCCARTESIANPOINT((60.,0.,8.48528137423858));
#5573= IFCPOLYLOOP((#3696,#5572,#5558,#5557));
#5574= IFCFACEOUTERBOUND(#5573,.T.);
#5575= IFCFACE((#5574));
#5576= IFCCARTESIANPOINT((68.4852813742382,-8.48528137423864,0.));
#5577= IFCPOLYLOOP((#5572,#5576,#5564,#5558));
#5578= IFCFACEOUTERBOUND(#5577,.T.);
#5579= IFCFACE((#5578));
#5580= IFCPOLYLOOP((#5576,#3696,#5557,#5564));
#5581= IFCFACEOUTERBOUND(#5580,.T.);
#5582= IFCFACE((#5581));
#5583= IFCCARTESIANPOINT((-60.,0.,8.48528137423858));
#5584= IFCPOLYLOOP((#3708,#5583,#5572,#3696));
#5585= IFCFACEOUTERBOUND(#5584,.T.);
#5586= IFCFACE((#5585));
#5587= IFCCARTESIANPOINT((-68.4852813742382,-8.48528137423864,0.));
#5588= IFCPOLYLOOP((#5583,#5587,#5576,#5572));
#5589= IFCFACEOUTERBOUND(#5588,.T.);
#5590= IFCFACE((#5589));
#5591= IFCPOLYLOOP((#5587,#3708,#3696,#5576));
#5592= IFCFACEOUTERBOUND(#5591,.T.);
#5593= IFCFACE((#5592));
#5594= IFCPOLYLOOP((#5560,#5559,#5583,#3708));
#5595= IFCFACEOUTERBOUND(#5594,.T.);
#5596= IFCFACE((#5595));
#5597= IFCPOLYLOOP((#5559,#5565,#5587,#5583));
#5598= IFCFACEOUTERBOUND(#5597,.T.);
#5599= IFCFACE((#5598));
#5600= IFCPOLYLOOP((#5565,#5560,#3708,#5587));
#5601= IFCFACEOUTERBOUND(#5600,.T.);
#5602= IFCFACE((#5601));
#5603= IFCPOLYLOOP((#5565,#5560,#5559));
#5604= IFCFACEOUTERBOUND(#5603,.T.);
#5605= IFCFACE((#5604));
#5606= IFCPOLYLOOP((#5565,#5559,#5560));
#5607= IFCFACEOUTERBOUND(#5606,.T.);
#5608= IFCFACE((#5607));
#5609= IFCCARTESIANPOINT((-56.,4.,0.));
#5610= IFCCARTESIANPOINT((-56.,4.,8.48528137423858));
#5611= IFCCARTESIANPOINT((-56.,116.,8.48528137423858));
#5612= IFCCARTESIANPOINT((-56.,116.,0.));
#5613= IFCPOLYLOOP((#5609,#5610,#5611,#5612));
#5614= IFCFACEOUTERBOUND(#5613,.T.);
#5615= IFCFACE((#5614));
#5616= IFCCARTESIANPOINT((-47.5147186257618,12.4852813742386,0.));
#5617= IFCCARTESIANPOINT((-47.5147186257618,107.514718625761,0.));
#5618= IFCPOLYLOOP((#5610,#5616,#5617,#5611));
#5619= IFCFACEOUTERBOUND(#5618,.T.);
#5620= IFCFACE((#5619));
#5621= IFCPOLYLOOP((#5616,#5609,#5612,#5617));
#5622= IFCFACEOUTERBOUND(#5621,.T.);
#5623= IFCFACE((#5622));
#5624= IFCCARTESIANPOINT((56.,4.,0.));
#5625= IFCCARTESIANPOINT((56.,4.,8.48528137423858));
#5626= IFCPOLYLOOP((#5624,#5625,#5610,#5609));
#5627= IFCFACEOUTERBOUND(#5626,.T.);
#5628= IFCFACE((#5627));
#5629= IFCCARTESIANPOINT((47.5147186257618,12.4852813742386,0.));
#5630= IFCPOLYLOOP((#5625,#5629,#5616,#5610));
#5631= IFCFACEOUTERBOUND(#5630,.T.);
#5632= IFCFACE((#5631));
#5633= IFCPOLYLOOP((#5629,#5624,#5609,#5616));
#5634= IFCFACEOUTERBOUND(#5633,.T.);
#5635= IFCFACE((#5634));
#5636= IFCCARTESIANPOINT((56.,116.,0.));
#5637= IFCCARTESIANPOINT((56.,116.,8.48528137423858));
#5638= IFCPOLYLOOP((#5636,#5637,#5625,#5624));
#5639= IFCFACEOUTERBOUND(#5638,.T.);
#5640= IFCFACE((#5639));
#5641= IFCCARTESIANPOINT((47.5147186257618,107.514718625761,0.));
#5642= IFCPOLYLOOP((#5637,#5641,#5629,#5625));
#5643= IFCFACEOUTERBOUND(#5642,.T.);
#5644= IFCFACE((#5643));
#5645= IFCPOLYLOOP((#5641,#5636,#5624,#5629));
#5646= IFCFACEOUTERBOUND(#5645,.T.);
#5647= IFCFACE((#5646));
#5648= IFCPOLYLOOP((#5612,#5611,#5637,#5636));
#5649= IFCFACEOUTERBOUND(#5648,.T.);
#5650= IFCFACE((#5649));
#5651= IFCPOLYLOOP((#5611,#5617,#5641,#5637));
#5652= IFCFACEOUTERBOUND(#5651,.T.);
#5653= IFCFACE((#5652));
#5654= IFCPOLYLOOP((#5617,#5612,#5636,#5641));
#5655= IFCFACEOUTERBOUND(#5654,.T.);
#5656= IFCFACE((#5655));
#5657= IFCPOLYLOOP((#5617,#5612,#5611));
#5658= IFCFACEOUTERBOUND(#5657,.T.);
#5659= IFCFACE((#5658));
#5660= IFCPOLYLOOP((#5617,#5611,#5612));
#5661= IFCFACEOUTERBOUND(#5660,.T.);
#5662= IFCFACE((#5661));
#5663= IFCCLOSEDSHELL((#5563,#5568,#5571,#5575,#5579,#5582,#5586,#5590,#5593,#5596,#5599,#5602,#5605,#5608,#5615,#5620,#5623,#5628,#5632,#5635,#5640,#5644,#5647,#5650,#5653,#5656,#5659,#5662));
#5664= IFCFACETEDBREP(#5663);
#5665= IFCSTYLEDITEM(#5664,(#502),$);
#5666= IFCSHAPEREPRESENTATION(#12,'Body','Brep',(#5664));
#5667= IFCPRODUCTDEFINITIONSHAPE($,$,(#5666));
#5668= IFCAXIS2PLACEMENT3D(#5552,#9,#402);
#5669= IFCLOCALPLACEMENT(#858,#5668);
#5670= IFCFASTENER('1YTcZTfLbDMg9bZqGQ4CTU',#44,'Weld',$,$,#5669,#5667,'ID627668dd-a559-4d5a-a265-8f441a10c75e');
#5671= IFCPROPERTYSET('2ireTs65b6zh88KC_0ZWvs',#5,'Tekla Weld Common','Common weld properties',(#1310,#555,#556,#557,#558,#559,#560,#561,#562,#563,#564,#3797,#420));
#5672= IFCPROPERTYSET('1c6NgQexPApAcgt56jMO6c',#5,'Tekla Weld Above Line','Above line weld properties',(#567,#568,#1313,#570,#571,#572,#573,#574,#575,#576,#577,#578,#3799,#3800));
#5673= IFCPROPERTYSET('2edpkzAtDFoO$s1NnM9_pb',#5,'Tekla Weld Below Line','Below line weld properties',(#582,#583,#3802,#585,#586,#587,#588,#589,#590,#591,#592,#593,#3803,#3804));
#5674= IFCSHAPEREPRESENTATION(#12,'Body','Brep',(#3833));
#5675= IFCPRODUCTDEFINITIONSHAPE($,$,(#5674));
#5676= IFCCARTESIANPOINT((-14974.5289691056,-1856.31791057916,-222.5));
#5677= IFCAXIS2PLACEMENT3D(#5676,#402,#8);
#5678= IFCLOCALPLACEMENT(#858,#5677);
#5679= IFCBEAM('1bL5Kcsl1ASehX88YzdL3q',#44,'LEHT','PL15*270',$,#5678,#5675,'ID65545526-daf0-4a72-8ae1-2088bd9d50f4');
#5680= IFCPROPERTYSET('0cXAjIUfL5Xf0PY2DyMBg_',#5,'Tekla Common','Common Properties to Shared building elements',(#407,#408,#409,#410,#3842,#3843,#413));
#5681= IFCPROPERTYSET('2PH7SZFjL9TB8DjgxVXTI5',#5,'Tekla Quantity','Quantity Properties to Shared building elements',(#3845,#3846,#3847,#3848,#3849,#3850,#1407,#3851));
#5682= IFCPROPERTYSET('3OK3K6b$P7lPOD7hda7gaB',#5,'BeamBaseQuantities',$,(#3845,#3853,#423,#3854));
#5683= IFCPROPERTYSET('18l1flgw50H9g360Svp$CN',#5,'Pset_BeamCommon','Definition from IAI: Properties common to the definition of all occurrences of IfcBeam.',(#430,#693,#694,#431,#432,#434));
#5684= IFCLOCALPLACEMENT(#5319,#10);
#5685= IFCELEMENTASSEMBLY('0xMbnZESn7_umNWdMXjQYz',#3056,'HPM16L',$,$,#5684,$,'EB_HPM16L-1',.NOTDEFINED.,.NOTDEFINED.);
#5686= IFCPROPERTYSET('1SaVuBdB1FB91QehcivatO',#5,'Tekla Assembly','Assembly Properties',(#3070,#48,#3060,#3071,#3072,#52,#53,#54));
#5687= IFCPROPERTYSET('3PeofUKXbChxOK7y17XzGY',#5,'AssemblyBaseQuantities',$,(#3074));
#5688= IFCSHAPEREPRESENTATION(#12,'Body','Brep',(#3127));
#5689= IFCPRODUCTDEFINITIONSHAPE($,$,(#5688));
#5690= IFCCARTESIANPOINT((-15069.528969106,-1626.3179105792,-165.));
#5691= IFCAXIS2PLACEMENT3D(#5690,#8,#3132);
#5692= IFCLOCALPLACEMENT(#5684,#5691);
#5693= IFCBEAM('09Om15_QL5IRK_3UB5Ui_F',#3056,'HPM16L','D16',$,#5692,#5689,'EB_HPM16L-1');
#5694= IFCPROPERTYSET('3B1aityQnE2hCno13NqFV6',#5,'Tekla Common','Common Properties to Shared building elements',(#3137,#408,#409,#410,#3138,#3139,#413));
#5695= IFCPROPERTYSET('3CBrBuLa903QwkY6PvGFjR',#5,'Tekla Quantity','Quantity Properties to Shared building elements',(#3141,#3074,#3142,#1653,#3143,#766,#420,#3144));
#5696= IFCPROPERTYSET('1gQee0uKX6TenNrE$3hT1L',#5,'BeamBaseQuantities',$,(#3141,#690,#423,#3146));
#5697= IFCPROPERTYSET('10HBePGvPBCgoDIxCCpnOo',#5,'Pset_BeamCommon','Definition from IAI: Properties common to the definition of all occurrences of IfcBeam.',(#430,#693,#770,#431,#432,#434));
#5698= IFCMAPPEDITEM(#3191,#276);
#5699= IFCSHAPEREPRESENTATION(#12,'Body','MappedRepresentation',(#5698));
#5700= IFCPRODUCTDEFINITIONSHAPE($,$,(#5699));
#5701= IFCCARTESIANPOINT((-15069.528969106,-1626.3179105792,-197.));
#5702= IFCAXIS2PLACEMENT3D(#5701,#5341,#3132);
#5703= IFCLOCALPLACEMENT(#5684,#5702);
#5704= IFCREINFORCINGBAR('16TMEdRKf9LuxEdgJQhngE',#3056,'EB_NUT',$,$,#5703,#5700,'ID467563a7-6d4a-4957-8ece-9ea4daaf1a8e',$,28.,0.,$,.NOTDEFINED.,$);
#5705= IFCPROPERTYSET('1nHzzhMwP588uHfvu$oFbJ',#5,'Tekla Reinforcement - General','Reinforcement Properties',(#3200,#3201,#408,#3202,#3203,#3204,#3205,#3206,#3207));
#5706= IFCPROPERTYSET('35WZ8aw_D3jPdjvg1Bkyyx',#5,'Tekla Reinforcement - Bending List','Reinforcement Properties 1',(#3209,#3210,#3211,#3212,#3213,#3214,#3215,#3216,#3217,#3218,#3219,#3220,#3221,#3222,#3223,#3224,#3225,#3226,#3227,#3228,#3229,#3230,#3231,#3232,#3233,#3234,#3235,#3236,#3237,#3238));
#5707= IFCPROPERTYSET('24Ezx_wCv5QOj4Fozizua6',#5,'Tekla Reinforcement - End Conditions','Reinforcement Properties 2',(#3240,#3241,#3242,#3243,#3244,#3245,#3246,#3247));
#5708= IFCMAPPEDITEM(#3289,#276);
#5709= IFCSHAPEREPRESENTATION(#12,'Body','MappedRepresentation',(#5708));
#5710= IFCPRODUCTDEFINITIONSHAPE($,$,(#5709));
#5711= IFCCARTESIANPOINT((-15069.528969106,-1626.3179105792,-210.));
#5712= IFCAXIS2PLACEMENT3D(#5711,#5341,#3132);
#5713= IFCLOCALPLACEMENT(#5684,#5712);
#5714= IFCREINFORCINGBAR('32pCf3khX0xRXgW15uU7CM',#3056,'EB_WASHER',$,$,#5713,#5710,'IDc2ccca43-bab8-40ed-b86a-801178787316',$,43.,0.,$,.NOTDEFINED.,$);
#5715= IFCPROPERTYSET('3XAY120dTDUxxFrbQP4e_A',#5,'Tekla Reinforcement - General','Reinforcement Properties',(#3200,#3201,#408,#3202,#3203,#3204,#3205,#3206,#3297));
#5716= IFCPROPERTYSET('221rVnJhX4Kg5jWft_P7q5',#5,'Tekla Reinforcement - Bending List','Reinforcement Properties 1',(#3209,#3210,#3211,#3212,#3213,#3214,#3215,#3216,#3217,#3218,#3219,#3220,#3221,#3222,#3223,#3224,#3225,#3226,#3227,#3228,#3229,#3299,#3231,#421,#3300,#3234,#3301,#3236,#3237,#3302));
#5717= IFCPROPERTYSET('3r_FiOkOX40xAd9rWBmSAR',#5,'Tekla Reinforcement - End Conditions','Reinforcement Properties 2',(#3240,#3241,#3242,#3243,#3244,#3245,#3246,#3247));
#5718= IFCMAPPEDITEM(#3345,#276);
#5719= IFCSHAPEREPRESENTATION(#12,'Body','MappedRepresentation',(#5718));
#5720= IFCPRODUCTDEFINITIONSHAPE($,$,(#5719));
#5721= IFCCARTESIANPOINT((-15069.528969106,-1626.3179105792,-305.));
#5722= IFCAXIS2PLACEMENT3D(#5721,#5341,#3132);
#5723= IFCLOCALPLACEMENT(#5684,#5722);
#5724= IFCREINFORCINGBAR('1boOrimhf2YeGYGjWQkN7U',#3056,'EB_REBAR',$,$,#5723,#5720,'ID65c98d6c-c2ba-428a-8422-42d81ab971de',$,19.,0.,$,.NOTDEFINED.,$);
#5725= IFCPROPERTYSET('1A2btkD5LDGxvb4edu2_Va',#5,'Tekla Reinforcement - General','Reinforcement Properties',(#3200,#3201,#408,#3202,#3203,#3204,#3205,#3206,#3353));
#5726= IFCPROPERTYSET('18aMzV9pn05wwm4kOcw8Aw',#5,'Tekla Reinforcement - Bending List','Reinforcement Properties 1',(#3209,#3210,#3211,#3212,#3213,#3214,#3215,#3216,#3217,#3218,#3219,#3220,#3221,#3222,#3223,#3224,#3225,#3226,#3227,#3228,#3229,#3355,#3356,#3144,#3357,#3234,#3358,#3236,#3237,#3359));
#5727= IFCPROPERTYSET('3_o5CL9Uv1mx2K57xBAlgI',#5,'Tekla Reinforcement - End Conditions','Reinforcement Properties 2',(#3240,#3241,#3242,#3243,#3244,#3245,#3246,#3247));
#5728= IFCMAPPEDITEM(#3402,#276);
#5729= IFCSHAPEREPRESENTATION(#12,'Body','MappedRepresentation',(#5728));
#5730= IFCPRODUCTDEFINITIONSHAPE($,$,(#5729));
#5731= IFCCARTESIANPOINT((-15069.528969106,-1626.3179105792,-433.));
#5732= IFCAXIS2PLACEMENT3D(#5731,#5341,#3132);
#5733= IFCLOCALPLACEMENT(#5684,#5732);
#5734= IFCREINFORCINGBAR('2PlGxTXlz02AiQGdhpSZIb',#3056,'EB_STUD',$,$,#5733,#5730,'ID99bd0edd-86ff-4008-ab1a-427af37234a5',$,46.,0.,$,.NOTDEFINED.,$);
#5735= IFCPROPERTYSET('0at7AGgMf9LxIPDoDARuBI',#5,'Tekla Reinforcement - General','Reinforcement Properties',(#3200,#3201,#408,#3202,#3203,#3204,#3205,#3206,#3410));
#5736= IFCPROPERTYSET('0yyB08nEfAVPbtqrz8Jt9N',#5,'Tekla Reinforcement - Bending List','Reinforcement Properties 1',(#3209,#3210,#3211,#3212,#3213,#3214,#3215,#3216,#3217,#3218,#3219,#3220,#3221,#3222,#3223,#3224,#3225,#3226,#3227,#3228,#3229,#3412,#3413,#3414,#3233,#3234,#3415,#3236,#3237,#3416));
#5737= IFCPROPERTYSET('0$H5V4wIf1JwHbfvkpuSgV',#5,'Tekla Reinforcement - End Conditions','Reinforcement Properties 2',(#3240,#3241,#3242,#3243,#3244,#3245,#3246,#3247));
#5738= IFCMAPPEDITEM(#3289,#276);
#5739= IFCSHAPEREPRESENTATION(#12,'Body','MappedRepresentation',(#5738));
#5740= IFCPRODUCTDEFINITIONSHAPE($,$,(#5739));
#5741= IFCCARTESIANPOINT((-15069.528969106,-1626.3179105792,-230.));
#5742= IFCAXIS2PLACEMENT3D(#5741,#5341,#3132);
#5743= IFCLOCALPLACEMENT(#5684,#5742);
#5744= IFCREINFORCINGBAR('0nKnp8ZsX9IukN3JLdH6Up',#3056,'EB_WASHER',$,$,#5743,#5740,'ID31531cc8-8f68-494b-8b97-0d35674467b3',$,43.,0.,$,.NOTDEFINED.,$);
#5745= IFCPROPERTYSET('1QMJ6AUkX4MAbFmgYctRwq',#5,'Tekla Reinforcement - General','Reinforcement Properties',(#3200,#3201,#408,#3202,#3203,#3204,#3205,#3206,#3297));
#5746= IFCPROPERTYSET('0qlGsvDyL0jeTOymCR2xs5',#5,'Tekla Reinforcement - Bending List','Reinforcement Properties 1',(#3209,#3210,#3211,#3212,#3213,#3214,#3215,#3216,#3217,#3218,#3219,#3220,#3221,#3222,#3223,#3224,#3225,#3226,#3227,#3228,#3229,#3299,#3231,#421,#3300,#3234,#3301,#3236,#3237,#3302));
#5747= IFCPROPERTYSET('3Ow0A8RM17FwsZp$KKRzfg',#5,'Tekla Reinforcement - End Conditions','Reinforcement Properties 2',(#3240,#3241,#3242,#3243,#3244,#3245,#3246,#3247));
#5748= IFCMAPPEDITEM(#3191,#276);
#5749= IFCSHAPEREPRESENTATION(#12,'Body','MappedRepresentation',(#5748));
#5750= IFCPRODUCTDEFINITIONSHAPE($,$,(#5749));
#5751= IFCCARTESIANPOINT((-15069.528969106,-1626.3179105792,-235.));
#5752= IFCAXIS2PLACEMENT3D(#5751,#5341,#3132);
#5753= IFCLOCALPLACEMENT(#5684,#5752);
#5754= IFCREINFORCINGBAR('2yRpwk4VH0jOlv7s0e6lXZ',#3056,'EB_NUT',$,$,#5753,#5750,'IDbc6f3eae-11f4-40b5-8bf9-1f60281af863',$,28.,0.,$,.NOTDEFINED.,$);
#5755= IFCPROPERTYSET('3z8my73IbAwfhe_qzqEgj3',#5,'Tekla Reinforcement - General','Reinforcement Properties',(#3200,#3201,#408,#3202,#3203,#3204,#3205,#3206,#3207));
#5756= IFCPROPERTYSET('3QjzmUMKj5FvcaW3DGjCi$',#5,'Tekla Reinforcement - Bending List','Reinforcement Properties 1',(#3209,#3210,#3211,#3212,#3213,#3214,#3215,#3216,#3217,#3218,#3219,#3220,#3221,#3222,#3223,#3224,#3225,#3226,#3227,#3228,#3229,#3230,#3231,#3232,#3233,#3234,#3235,#3236,#3237,#3238));
#5757= IFCPROPERTYSET('0xAnST9fnCQwlsqkCtwGzg',#5,'Tekla Reinforcement - End Conditions','Reinforcement Properties 2',(#3240,#3241,#3242,#3243,#3244,#3245,#3246,#3247));
#5758= IFCSHAPEREPRESENTATION(#12,'Body','Brep',(#3960));
#5759= IFCPRODUCTDEFINITIONSHAPE($,$,(#5758));
#5760= IFCCARTESIANPOINT((-14974.5289691056,-1721.31791057917,-800.));
#5761= IFCAXIS2PLACEMENT3D(#5760,#283,#9);
#5762= IFCLOCALPLACEMENT(#5319,#5761);
#5763= IFCCOLUMN('2Dclv6Q4H3PxwfMd0F914W',#3056,'POSTI VUNDAMENT','340*340',$,#5762,#5759,'ID8d9afe46-6844-4367-bea9-5a700f241120');
#5764= IFCPROPERTYSET('3ZKE69MQ9Duv10xfWD7_6q',#5,'Tekla Common','Common Properties to Shared building elements',(#3969,#3970,#409,#410,#3971,#3972,#413));
#5765= IFCPROPERTYSET('0Q2yfu8ffDXR7e2EWA4Nbh',#5,'Tekla Quantity','Quantity Properties to Shared building elements',(#3974,#3975,#3976,#3977,#3978,#3979,#3980,#3981));
#5766= IFCPROPERTYSET('0CTxinQZjDMgQbV2T5r_rz',#5,'ColumnBaseQuantities',$,(#3974,#3983,#3984,#3985));
#5767= IFCPROPERTYSET('0VHMbKiGX6B9sik6KCAlqs',#5,'Pset_ColumnCommon','Definition from IAI: Properties common to the definition of all occurrences of IfcColumn.',(#430,#770,#431,#432,#434));
#5768= IFCMAPPEDITEM(#4515,#4513);
#5769= IFCMAPPEDITEM(#4515,#4518);
#5770= IFCMAPPEDITEM(#4515,#4521);
#5771= IFCMAPPEDITEM(#4515,#4524);
#5772= IFCMAPPEDITEM(#4515,#4527);
#5773= IFCMAPPEDITEM(#4515,#4530);
#5774= IFCMAPPEDITEM(#4515,#4533);
#5775= IFCMAPPEDITEM(#4515,#4536);
#5776= IFCSHAPEREPRESENTATION(#12,'Body','MappedRepresentation',(#5768,#5769,#5770,#5771,#5772,#5773,#5774,#5775));
#5777= IFCPRODUCTDEFINITIONSHAPE($,$,(#5776));
#5778= IFCCARTESIANPOINT((-16024.5289691072,-1571.31791057749,-880.000000000002));
#5779= IFCAXIS2PLACEMENT3D(#5778,#283,#7);
#5780= IFCLOCALPLACEMENT(#5319,#5779);
#5781= IFCREINFORCINGBAR('2$cJ$XOEf94Az54Unqi_ve',#3056,'STIRRUP',$,$,#5780,#5777,'IDbf993fe1-60ea-4910-af45-11ec74b3ee68',$,8.,0.,$,.NOTDEFINED.,$);
#5782= IFCPROPERTYSET('336Ap4abn6x9_A5HTUp9Z8',#5,'Tekla Reinforcement - General','Reinforcement Properties',(#3200,#3201,#3970,#4544,#4545,#4546,#3205,#3206,#4547));
#5783= IFCPROPERTYSET('0VLbT9EDL3swf_3ZtuxziX',#5,'Tekla Reinforcement - Bending List','Reinforcement Properties 1',(#4549,#3210,#3211,#3212,#3213,#3214,#3215,#4550,#3217,#3218,#3219,#3220,#3221,#3222,#3223,#3224,#3225,#3226,#3227,#4551,#4552,#4553,#4554,#4555,#4556,#4557,#4558,#4559,#4560,#4561));
#5784= IFCPROPERTYSET('1fyaYzNefAKfeYK1p7Acg3',#5,'Tekla Reinforcement - End Conditions','Reinforcement Properties 2',(#3240,#3241,#3242,#3243,#3244,#3245,#3246,#3247));
#5785= IFCSHAPEREPRESENTATION(#12,'Body','Brep',(#4592));
#5786= IFCPRODUCTDEFINITIONSHAPE($,$,(#5785));
#5787= IFCCARTESIANPOINT((-14974.5289691056,-1721.31791057916,-1100.));
#5788= IFCAXIS2PLACEMENT3D(#5787,#283,#9);
#5789= IFCLOCALPLACEMENT(#5319,#5788);
#5790= IFCFOOTING('3t1qGiLwP8phXs7kJUUuRX',#3056,'POSTI VUNDAMENT','800*800',$,#5789,#5786,'IDf707442c-57a6-48ce-b876-1ee4de7b86e1',.NOTDEFINED.);
#5791= IFCPROPERTYSET('1yovOGT9XDKxiHmuOCRJIg',#5,'Tekla Common','Common Properties to Shared building elements',(#3969,#3970,#409,#410,#4600,#4601,#413));
#5792= IFCPROPERTYSET('0BkyFC$srBMO7v$$nIDS3h',#5,'Tekla Quantity','Quantity Properties to Shared building elements',(#1361,#3066,#4603,#4604,#4605,#4606,#4607,#4608));
#5793= IFCPROPERTYSET('3lo5OB3W99PghnVrwvi9A7',#5,'FootingBaseQuantities',$,(#1361,#4610,#4611,#4612,#4613,#4614,#4615,#4616));
#5794= IFCMAPPEDITEM(#4758,#4756);
#5795= IFCSHAPEREPRESENTATION(#12,'Body','MappedRepresentation',(#5794));
#5796= IFCPRODUCTDEFINITIONSHAPE($,$,(#5795));
#5797= IFCCARTESIANPOINT((-14856.5792216371,-1603.36816311113,-1028.));
#5798= IFCAXIS2PLACEMENT3D(#5797,#9,#7);
#5799= IFCLOCALPLACEMENT(#5319,#5798);
#5800= IFCREINFORCINGBAR('0E$kLmPfn2BfeeAjtS$Am0',#3056,'REBAR',$,$,#5799,#5796,'ID0efee570-669c-422e-9a28-2adddcfcac00',$,14.,0.,$,.NOTDEFINED.,$);
#5801= IFCPROPERTYSET('0L_Fhpepz4AwGYIY2evcMP',#5,'Tekla Reinforcement - General','Reinforcement Properties',(#3200,#3201,#3970,#4544,#3203,#3204,#3205,#3206,#4766));
#5802= IFCPROPERTYSET('0d6MV0Db16BRDBFvSU2693',#5,'Tekla Reinforcement - Bending List','Reinforcement Properties 1',(#4768,#3210,#4769,#3212,#3213,#3214,#3215,#4770,#3217,#3218,#3219,#3220,#3221,#3222,#3223,#3224,#3225,#3226,#3227,#3228,#4771,#4772,#4773,#4774,#4775,#4776,#4777,#4559,#3237,#4778));
#5803= IFCPROPERTYSET('1_8jwKTPT1dQ97QnO$kKIE',#5,'Tekla Reinforcement - End Conditions','Reinforcement Properties 2',(#3240,#3241,#3242,#3243,#3244,#3245,#3246,#3247));
#5804= IFCMAPPEDITEM(#4758,#4756);
#5805= IFCSHAPEREPRESENTATION(#12,'Body','MappedRepresentation',(#5804));
#5806= IFCPRODUCTDEFINITIONSHAPE($,$,(#5805));
#5807= IFCCARTESIANPOINT((-15092.4787165741,-1603.36816311068,-1028.));
#5808= IFCAXIS2PLACEMENT3D(#5807,#9,#402);
#5809= IFCLOCALPLACEMENT(#5319,#5808);
#5810= IFCREINFORCINGBAR('2s7vDm5hDBuBHxc6vnHD_d',#3056,'REBAR',$,$,#5809,#5806,'IDb61f9370-16b3-4be0-b47b-986e7144dfa7',$,14.,0.,$,.NOTDEFINED.,$);
#5811= IFCPROPERTYSET('3TjIS0SSHAqewL_teyIrI6',#5,'Tekla Reinforcement - General','Reinforcement Properties',(#3200,#3201,#3970,#4544,#3203,#3204,#3205,#3206,#4766));
#5812= IFCPROPERTYSET('2GmmFJIjP3BeWua9B8xnJ$',#5,'Tekla Reinforcement - Bending List','Reinforcement Properties 1',(#4768,#3210,#4769,#3212,#3213,#3214,#3215,#4770,#3217,#3218,#3219,#3220,#3221,#3222,#3223,#3224,#3225,#3226,#3227,#3228,#4771,#4772,#4773,#4774,#4775,#4776,#4777,#4559,#3237,#4778));
#5813= IFCPROPERTYSET('379t5xMVbBxxVsmhzRxNsN',#5,'Tekla Reinforcement - End Conditions','Reinforcement Properties 2',(#3240,#3241,#3242,#3243,#3244,#3245,#3246,#3247));
#5814= IFCMAPPEDITEM(#4758,#4756);
#5815= IFCSHAPEREPRESENTATION(#12,'Body','MappedRepresentation',(#5814));
#5816= IFCPRODUCTDEFINITIONSHAPE($,$,(#5815));
#5817= IFCCARTESIANPOINT((-15092.478716574,-1839.26765804718,-1028.));
#5818= IFCAXIS2PLACEMENT3D(#5817,#9,#402);
#5819= IFCLOCALPLACEMENT(#5319,#5818);
#5820= IFCREINFORCINGBAR('3jpdiY5_9AS9xLAPs$neBZ',#3056,'REBAR',$,$,#5819,#5816,'IDedce7b22-17e2-4a70-9ed5-299dbfc682e3',$,14.,0.,$,.NOTDEFINED.,$);
#5821= IFCPROPERTYSET('3ZPRx3VVTC_O0dcHPIHP1z',#5,'Tekla Reinforcement - General','Reinforcement Properties',(#3200,#3201,#3970,#4544,#3203,#3204,#3205,#3206,#4766));
#5822= IFCPROPERTYSET('1cspcOn0fAOgRhL$5jO0un',#5,'Tekla Reinforcement - Bending List','Reinforcement Properties 1',(#4768,#3210,#4769,#3212,#3213,#3214,#3215,#4770,#3217,#3218,#3219,#3220,#3221,#3222,#3223,#3224,#3225,#3226,#3227,#3228,#4771,#4772,#4773,#4774,#4775,#4776,#4777,#4559,#3237,#4778));
#5823= IFCPROPERTYSET('1VwOF585T3MPWK9nwE2MSk',#5,'Tekla Reinforcement - End Conditions','Reinforcement Properties 2',(#3240,#3241,#3242,#3243,#3244,#3245,#3246,#3247));
#5824= IFCMAPPEDITEM(#4758,#4756);
#5825= IFCSHAPEREPRESENTATION(#12,'Body','MappedRepresentation',(#5824));
#5826= IFCPRODUCTDEFINITIONSHAPE($,$,(#5825));
#5827= IFCCARTESIANPOINT((-14856.579221637,-1839.26765804764,-1028.));
#5828= IFCAXIS2PLACEMENT3D(#5827,#9,#7);
#5829= IFCLOCALPLACEMENT(#5319,#5828);
#5830= IFCREINFORCINGBAR('3OnWfGNu1BmPb4zUePoC3L',#3056,'REBAR',$,$,#5829,#5826,'IDd8c60a50-5f80-4bc1-9944-f5ea19c8c0d5',$,14.,0.,$,.NOTDEFINED.,$);
#5831= IFCPROPERTYSET('3_huv7hsX3wfK4oJrcOWHl',#5,'Tekla Reinforcement - General','Reinforcement Properties',(#3200,#3201,#3970,#4544,#3203,#3204,#3205,#3206,#4766));
#5832= IFCPROPERTYSET('0DjFK1RVrCVw8rYHNLJC4F',#5,'Tekla Reinforcement - Bending List','Reinforcement Properties 1',(#4768,#3210,#4769,#3212,#3213,#3214,#3215,#4770,#3217,#3218,#3219,#3220,#3221,#3222,#3223,#3224,#3225,#3226,#3227,#3228,#4771,#4772,#4773,#4774,#4775,#4776,#4777,#4559,#3237,#4778));
#5833= IFCPROPERTYSET('07By2TzVLFAfLC6Yuxw8Xd',#5,'Tekla Reinforcement - End Conditions','Reinforcement Properties 2',(#3240,#3241,#3242,#3243,#3244,#3245,#3246,#3247));
#5834= IFCMAPPEDITEM(#5036,#5034);
#5835= IFCMAPPEDITEM(#5036,#5039);
#5836= IFCMAPPEDITEM(#5036,#5042);
#5837= IFCMAPPEDITEM(#5036,#5045);
#5838= IFCMAPPEDITEM(#5036,#5048);
#5839= IFCSHAPEREPRESENTATION(#12,'Body','MappedRepresentation',(#5834,#5835,#5836,#5837,#5838));
#5840= IFCPRODUCTDEFINITIONSHAPE($,$,(#5839));
#5841= IFCCARTESIANPOINT((-15332.5289691061,-2079.31791057841,-1043.));
#5842= IFCAXIS2PLACEMENT3D(#5841,#9,#7);
#5843= IFCLOCALPLACEMENT(#5319,#5842);
#5844= IFCREINFORCINGBAR('1TaGB3Nd50h9JZsVmHrXgU',#3056,'BOTTOM_BAR',$,$,#5843,#5840,'ID5d9102c3-5e71-40ac-94e3-d9fc11d61a9e',$,14.,0.,$,.NOTDEFINED.,$);
#5845= IFCPROPERTYSET('0mypNawO5C_fnn31AYZx9B',#5,'Tekla Reinforcement - General','Reinforcement Properties',(#3200,#3201,#3970,#4544,#5056,#5057,#3205,#3206,#5058));
#5846= IFCPROPERTYSET('1YjpVEYevEcg914e3oKsx7',#5,'Tekla Reinforcement - Bending List','Reinforcement Properties 1',(#4768,#3210,#3211,#3212,#3213,#3214,#3215,#4770,#3217,#3218,#3219,#3220,#3221,#3222,#3223,#3224,#3225,#3226,#3227,#5060,#5061,#5062,#5063,#5064,#5065,#5066,#4777,#4559,#5067,#5068));
#5847= IFCPROPERTYSET('2jbX376l9468ctxcgorMD4',#5,'Tekla Reinforcement - End Conditions','Reinforcement Properties 2',(#3240,#3241,#3242,#3243,#3244,#3245,#3246,#3247));
#5848= IFCMAPPEDITEM(#5291,#5289);
#5849= IFCMAPPEDITEM(#5291,#5294);
#5850= IFCMAPPEDITEM(#5291,#5297);
#5851= IFCMAPPEDITEM(#5291,#5300);
#5852= IFCSHAPEREPRESENTATION(#12,'Body','MappedRepresentation',(#5848,#5849,#5850,#5851));
#5853= IFCPRODUCTDEFINITIONSHAPE($,$,(#5852));
#5854= IFCCARTESIANPOINT((-15276.528969106,-2079.3179105785,-1029.));
#5855= IFCAXIS2PLACEMENT3D(#5854,#9,#8);
#5856= IFCLOCALPLACEMENT(#5319,#5855);
#5857= IFCREINFORCINGBAR('19KA2ogv9DXBOrSY6tVh2b',#3056,'BOTTOM_BAR',$,$,#5856,#5853,'ID4950a0b2-ab92-4d84-b635-7221b77eb0a5',$,14.,0.,$,.NOTDEFINED.,$);
#5858= IFCPROPERTYSET('0o0bvFV4P1EeRHr3GeFQhP',#5,'Tekla Reinforcement - General','Reinforcement Properties',(#3200,#3201,#3970,#4544,#5308,#5057,#3205,#3206,#5058));
#5859= IFCPROPERTYSET('3Gqpe_BJL0whxrs$2gz5Oz',#5,'Tekla Reinforcement - Bending List','Reinforcement Properties 1',(#4768,#3210,#3211,#3212,#3213,#3214,#3215,#4770,#3217,#3218,#3219,#3220,#3221,#3222,#3223,#3224,#3225,#3226,#3227,#5310,#5061,#5311,#5312,#5313,#5314,#5066,#4777,#4559,#5315,#5316));
#5860= IFCPROPERTYSET('32ehCq9Yf7tgn8q1RtOZzK',#5,'Tekla Reinforcement - End Conditions','Reinforcement Properties 2',(#3240,#3241,#3242,#3243,#3244,#3245,#3246,#3247));
#5861= IFCOWNERHISTORY(#3,#4,$,.NOCHANGE.,$,$,$,1749632400);
#5862= IFCLOCALPLACEMENT(#42,#10);
#5863= IFCELEMENTASSEMBLY('24z8tOpBv2CBIShavNb944',#5861,'POSTI VUNDAMENT',$,$,#5862,$,'V-1',.NOTDEFINED.,.NOTDEFINED.);
#5864= IFCPROPERTYSET('0Exfywdd14xvY6lpy77HQN',#5,'Tekla Assembly','Assembly Properties',(#3059,#48,#3060,#3061,#3062,#3063,#53,#3064));
#5865= IFCPROPERTYSET('3QhdMDrV9Bsx_YopjcZOJf',#5,'AssemblyBaseQuantities',$,(#3066));
#5866= IFCLOCALPLACEMENT(#5862,#10);
#5867= IFCELEMENTASSEMBLY('0gpUpelgjDWwzgUZXlqA22',#5861,'HPM16L',$,$,#5866,$,'EB_HPM16L-1',.NOTDEFINED.,.NOTDEFINED.);
#5868= IFCPROPERTYSET('06b1KJqD9DHApTAh7UfANE',#5,'Tekla Assembly','Assembly Properties',(#3070,#48,#3060,#3071,#3072,#52,#53,#54));
#5869= IFCPROPERTYSET('1s9$sqMkr1MQA66LuE8T2y',#5,'AssemblyBaseQuantities',$,(#3074));
#5870= IFCSHAPEREPRESENTATION(#12,'Body','Brep',(#3127));
#5871= IFCPRODUCTDEFINITIONSHAPE($,$,(#5870));
#5872= IFCCARTESIANPOINT((-16906.6487295182,-1919.80676357298,-165.));
#5873= IFCAXIS2PLACEMENT3D(#5872,#624,#3132);
#5874= IFCLOCALPLACEMENT(#5866,#5873);
#5875= IFCBEAM('023Srp$dDFhOayXlM5_MxB',#5861,'HPM16L','D16',$,#5874,#5871,'EB_HPM16L-1');
#5876= IFCPROPERTYSET('1Y74adER188fD7S9mU00gI',#5,'Tekla Common','Common Properties to Shared building elements',(#3137,#408,#409,#410,#3138,#3139,#413));
#5877= IFCPROPERTYSET('0qcx$0Iw9FwxUxHvR9ys07',#5,'Tekla Quantity','Quantity Properties to Shared building elements',(#3141,#3074,#3142,#1653,#3143,#766,#420,#3144));
#5878= IFCPROPERTYSET('06KIdlh_P12ACtLtKd_az9',#5,'BeamBaseQuantities',$,(#3141,#690,#423,#3146));
#5879= IFCPROPERTYSET('1dqR0tdQXA6RY393fFWGJK',#5,'Pset_BeamCommon','Definition from IAI: Properties common to the definition of all occurrences of IfcBeam.',(#430,#693,#770,#431,#432,#434));
#5880= IFCMAPPEDITEM(#3191,#276);
#5881= IFCSHAPEREPRESENTATION(#12,'Body','MappedRepresentation',(#5880));
#5882= IFCPRODUCTDEFINITIONSHAPE($,$,(#5881));
#5883= IFCCARTESIANPOINT((-16906.6487295182,-1919.80676357298,-197.));
#5884= IFCAXIS2PLACEMENT3D(#5883,#3196,#3132);
#5885= IFCLOCALPLACEMENT(#5866,#5884);
#5886= IFCREINFORCINGBAR('281RwQKEvBgvSqTenXRf74',#5861,'EB_NUT',$,$,#5885,#5882,'ID8805be9a-50ee-4bab-9734-768c616e91c4',$,28.,0.,$,.NOTDEFINED.,$);
#5887= IFCPROPERTYSET('3kuVKrxUz6ZgyscGekXY5q',#5,'Tekla Reinforcement - General','Reinforcement Properties',(#3200,#3201,#408,#3202,#3203,#3204,#3205,#3206,#3207));
#5888= IFCPROPERTYSET('3s9ana_MH1fhOAzWmXXA0m',#5,'Tekla Reinforcement - Bending List','Reinforcement Properties 1',(#3209,#3210,#3211,#3212,#3213,#3214,#3215,#3216,#3217,#3218,#3219,#3220,#3221,#3222,#3223,#3224,#3225,#3226,#3227,#3228,#3229,#3230,#3231,#3232,#3233,#3234,#3235,#3236,#3237,#3238));
#5889= IFCPROPERTYSET('3MFs0sSt99$wIWPewA47VO',#5,'Tekla Reinforcement - End Conditions','Reinforcement Properties 2',(#3240,#3241,#3242,#3243,#3244,#3245,#3246,#3247));
#5890= IFCMAPPEDITEM(#3289,#276);
#5891= IFCSHAPEREPRESENTATION(#12,'Body','MappedRepresentation',(#5890));
#5892= IFCPRODUCTDEFINITIONSHAPE($,$,(#5891));
#5893= IFCCARTESIANPOINT((-16906.6487295182,-1919.80676357298,-210.));
#5894= IFCAXIS2PLACEMENT3D(#5893,#3196,#3132);
#5895= IFCLOCALPLACEMENT(#5866,#5894);
#5896= IFCREINFORCINGBAR('3XG$hR1lTFPRCm60oJ9SM$',#5861,'EB_WASHER',$,$,#5895,#5892,'IDe143fadb-06f7-4f65-b330-180c9325c5bf',$,43.,0.,$,.NOTDEFINED.,$);
#5897= IFCPROPERTYSET('25zl5j2LL7me$HBUG8Y$Ya',#5,'Tekla Reinforcement - General','Reinforcement Properties',(#3200,#3201,#408,#3202,#3203,#3204,#3205,#3206,#3297));
#5898= IFCPROPERTYSET('2RrM$LyJ98FhYuluSSRU07',#5,'Tekla Reinforcement - Bending List','Reinforcement Properties 1',(#3209,#3210,#3211,#3212,#3213,#3214,#3215,#3216,#3217,#3218,#3219,#3220,#3221,#3222,#3223,#3224,#3225,#3226,#3227,#3228,#3229,#3299,#3231,#421,#3300,#3234,#3301,#3236,#3237,#3302));
#5899= IFCPROPERTYSET('25JlpvwnT61AlT_Zu6aKVB',#5,'Tekla Reinforcement - End Conditions','Reinforcement Properties 2',(#3240,#3241,#3242,#3243,#3244,#3245,#3246,#3247));
#5900= IFCMAPPEDITEM(#3345,#276);
#5901= IFCSHAPEREPRESENTATION(#12,'Body','MappedRepresentation',(#5900));
#5902= IFCPRODUCTDEFINITIONSHAPE($,$,(#5901));
#5903= IFCCARTESIANPOINT((-16906.6487295182,-1919.80676357298,-305.));
#5904= IFCAXIS2PLACEMENT3D(#5903,#3196,#3132);
#5905= IFCLOCALPLACEMENT(#5866,#5904);
#5906= IFCREINFORCINGBAR('2OioKNhNT6tgg_f6zFXxFi',#5861,'EB_REBAR',$,$,#5905,#5902,'ID98b32517-ad77-46de-aabe-a46f4f87b3ec',$,19.,0.,$,.NOTDEFINED.,$);
#5907= IFCPROPERTYSET('2mlayfhuP8CQM612BufA9U',#5,'Tekla Reinforcement - General','Reinforcement Properties',(#3200,#3201,#408,#3202,#3203,#3204,#3205,#3206,#3353));
#5908= IFCPROPERTYSET('37YCOM0Cv1TR7TaOj6taMK',#5,'Tekla Reinforcement - Bending List','Reinforcement Properties 1',(#3209,#3210,#3211,#3212,#3213,#3214,#3215,#3216,#3217,#3218,#3219,#3220,#3221,#3222,#3223,#3224,#3225,#3226,#3227,#3228,#3229,#3355,#3356,#3144,#3357,#3234,#3358,#3236,#3237,#3359));
#5909= IFCPROPERTYSET('2NlTIbSjnEdg04jq4LuikW',#5,'Tekla Reinforcement - End Conditions','Reinforcement Properties 2',(#3240,#3241,#3242,#3243,#3244,#3245,#3246,#3247));
#5910= IFCMAPPEDITEM(#3402,#276);
#5911= IFCSHAPEREPRESENTATION(#12,'Body','MappedRepresentation',(#5910));
#5912= IFCPRODUCTDEFINITIONSHAPE($,$,(#5911));
#5913= IFCCARTESIANPOINT((-16906.6487295182,-1919.80676357298,-433.));
#5914= IFCAXIS2PLACEMENT3D(#5913,#3196,#3132);
#5915= IFCLOCALPLACEMENT(#5866,#5914);
#5916= IFCREINFORCINGBAR('2QjYh3bsT6Wh6JttSjGDsw',#5861,'EB_STUD',$,$,#5915,#5912,'ID9ab62ac3-9767-4682-b193-df772d40ddba',$,46.,0.,$,.NOTDEFINED.,$);
#5917= IFCPROPERTYSET('07lU$wL$zBQQUwyT$5eRJ0',#5,'Tekla Reinforcement - General','Reinforcement Properties',(#3200,#3201,#408,#3202,#3203,#3204,#3205,#3206,#3410));
#5918= IFCPROPERTYSET('3$Iz6jlmDD9w1t4VH6Mf$0',#5,'Tekla Reinforcement - Bending List','Reinforcement Properties 1',(#3209,#3210,#3211,#3212,#3213,#3214,#3215,#3216,#3217,#3218,#3219,#3220,#3221,#3222,#3223,#3224,#3225,#3226,#3227,#3228,#3229,#3412,#3413,#3414,#3233,#3234,#3415,#3236,#3237,#3416));
#5919= IFCPROPERTYSET('1zHLvL5XX9bx3xTMCjmEfj',#5,'Tekla Reinforcement - End Conditions','Reinforcement Properties 2',(#3240,#3241,#3242,#3243,#3244,#3245,#3246,#3247));
#5920= IFCMAPPEDITEM(#3289,#276);
#5921= IFCSHAPEREPRESENTATION(#12,'Body','MappedRepresentation',(#5920));
#5922= IFCPRODUCTDEFINITIONSHAPE($,$,(#5921));
#5923= IFCCARTESIANPOINT((-16906.6487295182,-1919.80676357298,-230.));
#5924= IFCAXIS2PLACEMENT3D(#5923,#3196,#3132);
#5925= IFCLOCALPLACEMENT(#5866,#5924);
#5926= IFCREINFORCINGBAR('0oS3PZnYH0LAJ9DTN9wQ2a',#5861,'EB_WASHER',$,$,#5925,#5922,'ID32703663-c624-4054-a4c9-35d5c9e9a0a4',$,43.,0.,$,.NOTDEFINED.,$);
#5927= IFCPROPERTYSET('3GI65rEGLC_OHJEZ6HxoXc',#5,'Tekla Reinforcement - General','Reinforcement Properties',(#3200,#3201,#408,#3202,#3203,#3204,#3205,#3206,#3297));
#5928= IFCPROPERTYSET('3rpRuEhVHA_QPezdXQu4e9',#5,'Tekla Reinforcement - Bending List','Reinforcement Properties 1',(#3209,#3210,#3211,#3212,#3213,#3214,#3215,#3216,#3217,#3218,#3219,#3220,#3221,#3222,#3223,#3224,#3225,#3226,#3227,#3228,#3229,#3299,#3231,#421,#3300,#3234,#3301,#3236,#3237,#3302));
#5929= IFCPROPERTYSET('1A_glkjlv2qBTqZGAyrsgl',#5,'Tekla Reinforcement - End Conditions','Reinforcement Properties 2',(#3240,#3241,#3242,#3243,#3244,#3245,#3246,#3247));
#5930= IFCMAPPEDITEM(#3191,#276);
#5931= IFCSHAPEREPRESENTATION(#12,'Body','MappedRepresentation',(#5930));
#5932= IFCPRODUCTDEFINITIONSHAPE($,$,(#5931));
#5933= IFCCARTESIANPOINT((-16906.6487295182,-1919.80676357298,-235.));
#5934= IFCAXIS2PLACEMENT3D(#5933,#3196,#3132);
#5935= IFCLOCALPLACEMENT(#5866,#5934);
#5936= IFCREINFORCINGBAR('3Y7YMdX2P4ZBKJTExwNnfn',#5861,'EB_NUT',$,$,#5935,#5932,'IDe21e25a7-8426-448c-b513-74eefa5f1a71',$,28.,0.,$,.NOTDEFINED.,$);
#5937= IFCPROPERTYSET('1FeTdtwjP8Bxl4LRgdXGpo',#5,'Tekla Reinforcement - General','Reinforcement Properties',(#3200,#3201,#408,#3202,#3203,#3204,#3205,#3206,#3207));
#5938= IFCPROPERTYSET('0iqUQD5Er9oxlSioMW0Dt4',#5,'Tekla Reinforcement - Bending List','Reinforcement Properties 1',(#3209,#3210,#3211,#3212,#3213,#3214,#3215,#3216,#3217,#3218,#3219,#3220,#3221,#3222,#3223,#3224,#3225,#3226,#3227,#3228,#3229,#3230,#3231,#3232,#3233,#3234,#3235,#3236,#3237,#3238));
#5939= IFCPROPERTYSET('2XZu7u0WzBNuk0p$o5dv62',#5,'Tekla Reinforcement - End Conditions','Reinforcement Properties 2',(#3240,#3241,#3242,#3243,#3244,#3245,#3246,#3247));
#5940= IFCLOCALPLACEMENT(#5862,#10);
#5941= IFCELEMENTASSEMBLY('2zyhQxVBX3kwVnwMNA_C_6',#5861,'HPM16L',$,$,#5940,$,'EB_HPM16L-1',.NOTDEFINED.,.NOTDEFINED.);
#5942= IFCPROPERTYSET('1rjT9hK4DFFwuwE2BFE0b1',#5,'Tekla Assembly','Assembly Properties',(#3070,#48,#3060,#3071,#3072,#52,#53,#54));
#5943= IFCPROPERTYSET('2ELg5qfKP388P7FGYDJ3Ef',#5,'AssemblyBaseQuantities',$,(#3074));
#5944= IFCSHAPEREPRESENTATION(#12,'Body','Brep',(#3127));
#5945= IFCPRODUCTDEFINITIONSHAPE($,$,(#5944));
#5946= IFCCARTESIANPOINT((-16923.3141183865,-2109.07447031079,-165.));
#5947= IFCAXIS2PLACEMENT3D(#5946,#624,#3132);
#5948= IFCLOCALPLACEMENT(#5940,#5947);
#5949= IFCBEAM('04gfO1BbH7A9qiwpV0vcWe',#5861,'HPM16L','D16',$,#5948,#5945,'EB_HPM16L-1');
#5950= IFCPROPERTYSET('0nWi72Wxb7fOBVHrKY$yjS',#5,'Tekla Common','Common Properties to Shared building elements',(#3137,#408,#409,#410,#3138,#3139,#413));
#5951= IFCPROPERTYSET('1gii1wTqT4XBsON$d4S_Lu',#5,'Tekla Quantity','Quantity Properties to Shared building elements',(#3141,#3074,#3142,#1653,#3143,#766,#420,#3144));
#5952= IFCPROPERTYSET('0ANOqOBVb1RQ7zOoIX_qFk',#5,'BeamBaseQuantities',$,(#3141,#690,#423,#3146));
#5953= IFCPROPERTYSET('1vNlOn68D9C9bTNettMJ36',#5,'Pset_BeamCommon','Definition from IAI: Properties common to the definition of all occurrences of IfcBeam.',(#430,#693,#770,#431,#432,#434));
#5954= IFCMAPPEDITEM(#3191,#276);
#5955= IFCSHAPEREPRESENTATION(#12,'Body','MappedRepresentation',(#5954));
#5956= IFCPRODUCTDEFINITIONSHAPE($,$,(#5955));
#5957= IFCCARTESIANPOINT((-16923.3141183865,-2109.07447031079,-197.));
#5958= IFCAXIS2PLACEMENT3D(#5957,#3196,#3132);
#5959= IFCLOCALPLACEMENT(#5940,#5958);
#5960= IFCREINFORCINGBAR('1S7jds5T940QsTw06F6sII',#5861,'EB_NUT',$,$,#5959,#5956,'ID5c1ed9f6-15d2-4401-ad9d-e8018f1b6492',$,28.,0.,$,.NOTDEFINED.,$);
#5961= IFCPROPERTYSET('2QLYNNKBHCa9BeP7apoDWL',#5,'Tekla Reinforcement - General','Reinforcement Properties',(#3200,#3201,#408,#3202,#3203,#3204,#3205,#3206,#3207));
#5962= IFCPROPERTYSET('3SSSxOCVDCEO0a0iGQV0dC',#5,'Tekla Reinforcement - Bending List','Reinforcement Properties 1',(#3209,#3210,#3211,#3212,#3213,#3214,#3215,#3216,#3217,#3218,#3219,#3220,#3221,#3222,#3223,#3224,#3225,#3226,#3227,#3228,#3229,#3230,#3231,#3232,#3233,#3234,#3235,#3236,#3237,#3238));
#5963= IFCPROPERTYSET('2ZJZ912lLFkxsC6jD2bVNH',#5,'Tekla Reinforcement - End Conditions','Reinforcement Properties 2',(#3240,#3241,#3242,#3243,#3244,#3245,#3246,#3247));
#5964= IFCMAPPEDITEM(#3289,#276);
#5965= IFCSHAPEREPRESENTATION(#12,'Body','MappedRepresentation',(#5964));
#5966= IFCPRODUCTDEFINITIONSHAPE($,$,(#5965));
#5967= IFCCARTESIANPOINT((-16923.3141183865,-2109.07447031079,-210.));
#5968= IFCAXIS2PLACEMENT3D(#5967,#3196,#3132);
#5969= IFCLOCALPLACEMENT(#5940,#5968);
#5970= IFCREINFORCINGBAR('1xfV_Jj8P5qQoUGOw5a4TT',#5861,'EB_WASHER',$,$,#5969,#5966,'ID7ba5ff93-b486-45d1-ac9e-418e8590475d',$,43.,0.,$,.NOTDEFINED.,$);
#5971= IFCPROPERTYSET('0fRN0DXkTFHBon8ZFwyp1R',#5,'Tekla Reinforcement - General','Reinforcement Properties',(#3200,#3201,#408,#3202,#3203,#3204,#3205,#3206,#3297));
#5972= IFCPROPERTYSET('3vjJvCJPD67gH6uEH6_psS',#5,'Tekla Reinforcement - Bending List','Reinforcement Properties 1',(#3209,#3210,#3211,#3212,#3213,#3214,#3215,#3216,#3217,#3218,#3219,#3220,#3221,#3222,#3223,#3224,#3225,#3226,#3227,#3228,#3229,#3299,#3231,#421,#3300,#3234,#3301,#3236,#3237,#3302));
#5973= IFCPROPERTYSET('2f4hyTT2TA7Q0ZOUlSNBrx',#5,'Tekla Reinforcement - End Conditions','Reinforcement Properties 2',(#3240,#3241,#3242,#3243,#3244,#3245,#3246,#3247));
#5974= IFCMAPPEDITEM(#3345,#276);
#5975= IFCSHAPEREPRESENTATION(#12,'Body','MappedRepresentation',(#5974));
#5976= IFCPRODUCTDEFINITIONSHAPE($,$,(#5975));
#5977= IFCCARTESIANPOINT((-16923.3141183865,-2109.07447031079,-305.));
#5978= IFCAXIS2PLACEMENT3D(#5977,#3196,#3132);
#5979= IFCLOCALPLACEMENT(#5940,#5978);
#5980= IFCREINFORCINGBAR('11VZ7pyHT6b9IgItWyBeYj',#5861,'EB_REBAR',$,$,#5979,#5976,'ID417e31f3-f117-4694-94aa-4b783c2e88ad',$,19.,0.,$,.NOTDEFINED.,$);
#5981= IFCPROPERTYSET('28UQNHdDD6uhMVhqR8fhT3',#5,'Tekla Reinforcement - General','Reinforcement Properties',(#3200,#3201,#408,#3202,#3203,#3204,#3205,#3206,#3353));
#5982= IFCPROPERTYSET('0lUnm1l3vBVPi2sXGBfGMP',#5,'Tekla Reinforcement - Bending List','Reinforcement Properties 1',(#3209,#3210,#3211,#3212,#3213,#3214,#3215,#3216,#3217,#3218,#3219,#3220,#3221,#3222,#3223,#3224,#3225,#3226,#3227,#3228,#3229,#3355,#3356,#3144,#3357,#3234,#3358,#3236,#3237,#3359));
#5983= IFCPROPERTYSET('15QaGfXJXEJACd6TIJyxR9',#5,'Tekla Reinforcement - End Conditions','Reinforcement Properties 2',(#3240,#3241,#3242,#3243,#3244,#3245,#3246,#3247));
#5984= IFCMAPPEDITEM(#3402,#276);
#5985= IFCSHAPEREPRESENTATION(#12,'Body','MappedRepresentation',(#5984));
#5986= IFCPRODUCTDEFINITIONSHAPE($,$,(#5985));
#5987= IFCCARTESIANPOINT((-16923.3141183865,-2109.07447031079,-433.));
#5988= IFCAXIS2PLACEMENT3D(#5987,#3196,#3132);
#5989= IFCLOCALPLACEMENT(#5940,#5988);
#5990= IFCREINFORCINGBAR('1bNt9i3tD3GRJ1WA8Gxarv',#5861,'EB_STUD',$,$,#5989,#5986,'ID655f726c-0f73-4341-b4c1-80a210ee4d79',$,46.,0.,$,.NOTDEFINED.,$);
#5991= IFCPROPERTYSET('1D72ta7unCSvwSbv9XACjl',#5,'Tekla Reinforcement - General','Reinforcement Properties',(#3200,#3201,#408,#3202,#3203,#3204,#3205,#3206,#3410));
#5992= IFCPROPERTYSET('363erK68D9rxEY6GdjSAo0',#5,'Tekla Reinforcement - Bending List','Reinforcement Properties 1',(#3209,#3210,#3211,#3212,#3213,#3214,#3215,#3216,#3217,#3218,#3219,#3220,#3221,#3222,#3223,#3224,#3225,#3226,#3227,#3228,#3229,#3412,#3413,#3414,#3233,#3234,#3415,#3236,#3237,#3416));
#5993= IFCPROPERTYSET('0u4DGOYSr3Ygj2zySptK3p',#5,'Tekla Reinforcement - End Conditions','Reinforcement Properties 2',(#3240,#3241,#3242,#3243,#3244,#3245,#3246,#3247));
#5994= IFCMAPPEDITEM(#3289,#276);
#5995= IFCSHAPEREPRESENTATION(#12,'Body','MappedRepresentation',(#5994));
#5996= IFCPRODUCTDEFINITIONSHAPE($,$,(#5995));
#5997= IFCCARTESIANPOINT((-16923.3141183865,-2109.07447031079,-230.));
#5998= IFCAXIS2PLACEMENT3D(#5997,#3196,#3132);
#5999= IFCLOCALPLACEMENT(#5940,#5998);
#6000= IFCREINFORCINGBAR('2wAimlCkD57RYFaeizmZV9',#5861,'EB_WASHER',$,$,#5999,#5996,'IDba2acc2f-32e3-451d-b88f-928b3dc237c9',$,43.,0.,$,.NOTDEFINED.,$);
#6001= IFCPROPERTYSET('1tdAKcdlX8Avbopik$D0rk',#5,'Tekla Reinforcement - General','Reinforcement Properties',(#3200,#3201,#408,#3202,#3203,#3204,#3205,#3206,#3297));
#6002= IFCPROPERTYSET('0MDYEsMXj2WwxS3XVt95eL',#5,'Tekla Reinforcement - Bending List','Reinforcement Properties 1',(#3209,#3210,#3211,#3212,#3213,#3214,#3215,#3216,#3217,#3218,#3219,#3220,#3221,#3222,#3223,#3224,#3225,#3226,#3227,#3228,#3229,#3299,#3231,#421,#3300,#3234,#3301,#3236,#3237,#3302));
#6003= IFCPROPERTYSET('1Debd9JJ94gP4O$S_XzgGj',#5,'Tekla Reinforcement - End Conditions','Reinforcement Properties 2',(#3240,#3241,#3242,#3243,#3244,#3245,#3246,#3247));
#6004= IFCMAPPEDITEM(#3191,#276);
#6005= IFCSHAPEREPRESENTATION(#12,'Body','MappedRepresentation',(#6004));
#6006= IFCPRODUCTDEFINITIONSHAPE($,$,(#6005));
#6007= IFCCARTESIANPOINT((-16923.3141183865,-2109.07447031079,-235.));
#6008= IFCAXIS2PLACEMENT3D(#6007,#3196,#3132);
#6009= IFCLOCALPLACEMENT(#5940,#6008);
#6010= IFCREINFORCINGBAR('116XRFmcD0QwK8tNL3wlM5',#5861,'EB_NUT',$,$,#6009,#6006,'ID411a16cf-c263-406b-a508-dd7543eaf585',$,28.,0.,$,.NOTDEFINED.,$);
#6011= IFCPROPERTYSET('0yVkTsnNP1aAllQysXG0u9',#5,'Tekla Reinforcement - General','Reinforcement Properties',(#3200,#3201,#408,#3202,#3203,#3204,#3205,#3206,#3207));
#6012= IFCPROPERTYSET('3BuPe$ls91OhvmfISQVHoG',#5,'Tekla Reinforcement - Bending List','Reinforcement Properties 1',(#3209,#3210,#3211,#3212,#3213,#3214,#3215,#3216,#3217,#3218,#3219,#3220,#3221,#3222,#3223,#3224,#3225,#3226,#3227,#3228,#3229,#3230,#3231,#3232,#3233,#3234,#3235,#3236,#3237,#3238));
#6013= IFCPROPERTYSET('0OD6DNM2j37BChKJJcWz_y',#5,'Tekla Reinforcement - End Conditions','Reinforcement Properties 2',(#3240,#3241,#3242,#3243,#3244,#3245,#3246,#3247));
#6014= IFCLOCALPLACEMENT(#5862,#10);
#6015= IFCELEMENTASSEMBLY('0kFa_tDrfDv8TH0HT$JViR',#5861,'HPM16L',$,$,#6014,$,'EB_HPM16L-1',.NOTDEFINED.,.NOTDEFINED.);
#6016= IFCPROPERTYSET('0YtFqeftD2_gCRvJQjq6pM',#5,'Tekla Assembly','Assembly Properties',(#3070,#48,#3060,#3071,#3072,#52,#53,#54));
#6017= IFCPROPERTYSET('2kJOYPa8HFRRB74RaJl9jj',#5,'AssemblyBaseQuantities',$,(#3074));
#6018= IFCSHAPEREPRESENTATION(#12,'Body','Brep',(#3127));
#6019= IFCPRODUCTDEFINITIONSHAPE($,$,(#6018));
#6020= IFCCARTESIANPOINT((-17112.5818251253,-2092.40908144148,-165.));
#6021= IFCAXIS2PLACEMENT3D(#6020,#624,#3132);
#6022= IFCLOCALPLACEMENT(#6014,#6021);
#6023= IFCBEAM('2VsZh3jaD3AAXZan8OaqAp',#5861,'HPM16L','D16',$,#6022,#6019,'EB_HPM16L-1');
#6024= IFCPROPERTYSET('1Bd9qrI3P5Aw0XhIr0O_$8',#5,'Tekla Common','Common Properties to Shared building elements',(#3137,#408,#409,#410,#3138,#3139,#413));
#6025= IFCPROPERTYSET('0R2iU0fA90EhurDDJw0eV7',#5,'Tekla Quantity','Quantity Properties to Shared building elements',(#3141,#3074,#3142,#1653,#3143,#766,#420,#3144));
#6026= IFCPROPERTYSET('3K1ibeuG93mPFAGV9DgBrj',#5,'BeamBaseQuantities',$,(#3141,#690,#423,#3146));
#6027= IFCPROPERTYSET('0LmcmnsT1FmvRc_82lx5w1',#5,'Pset_BeamCommon','Definition from IAI: Properties common to the definition of all occurrences of IfcBeam.',(#430,#693,#770,#431,#432,#434));
#6028= IFCMAPPEDITEM(#3191,#276);
#6029= IFCSHAPEREPRESENTATION(#12,'Body','MappedRepresentation',(#6028));
#6030= IFCPRODUCTDEFINITIONSHAPE($,$,(#6029));
#6031= IFCCARTESIANPOINT((-17112.5818251253,-2092.40908144148,-197.));
#6032= IFCAXIS2PLACEMENT3D(#6031,#3196,#3132);
#6033= IFCLOCALPLACEMENT(#6014,#6032);
#6034= IFCREINFORCINGBAR('0k_MM$l7j75gYkadiIPaO4',#5861,'EB_NUT',$,$,#6033,#6030,'ID2ef965bf-bc7b-4716-a8ae-927b12664604',$,28.,0.,$,.NOTDEFINED.,$);
#6035= IFCPROPERTYSET('33mYoBoNH10ex7CbYZ9W5j',#5,'Tekla Reinforcement - General','Reinforcement Properties',(#3200,#3201,#408,#3202,#3203,#3204,#3205,#3206,#3207));
#6036= IFCPROPERTYSET('3atRGwjCX7uuaHrFCjE6kw',#5,'Tekla Reinforcement - Bending List','Reinforcement Properties 1',(#3209,#3210,#3211,#3212,#3213,#3214,#3215,#3216,#3217,#3218,#3219,#3220,#3221,#3222,#3223,#3224,#3225,#3226,#3227,#3228,#3229,#3230,#3231,#3232,#3233,#3234,#3235,#3236,#3237,#3238));
#6037= IFCPROPERTYSET('0vHIXB$Nf8De7SZArPx5jj',#5,'Tekla Reinforcement - End Conditions','Reinforcement Properties 2',(#3240,#3241,#3242,#3243,#3244,#3245,#3246,#3247));
#6038= IFCMAPPEDITEM(#3289,#276);
#6039= IFCSHAPEREPRESENTATION(#12,'Body','MappedRepresentation',(#6038));
#6040= IFCPRODUCTDEFINITIONSHAPE($,$,(#6039));
#6041= IFCCARTESIANPOINT((-17112.5818251253,-2092.40908144148,-210.));
#6042= IFCAXIS2PLACEMENT3D(#6041,#3196,#3132);
#6043= IFCLOCALPLACEMENT(#6014,#6042);
#6044= IFCREINFORCINGBAR('3taetiln17u9tbKDX78QTU',#5861,'EB_WASHER',$,$,#6043,#6040,'IDf7928dec-bf10-47e0-9de5-50d84721a75e',$,43.,0.,$,.NOTDEFINED.,$);
#6045= IFCPROPERTYSET('19AXiN1cP32OfackvRAws9',#5,'Tekla Reinforcement - General','Reinforcement Properties',(#3200,#3201,#408,#3202,#3203,#3204,#3205,#3206,#3297));
#6046= IFCPROPERTYSET('1X_vL2QAP8jB1g4QkgWs5$',#5,'Tekla Reinforcement - Bending List','Reinforcement Properties 1',(#3209,#3210,#3211,#3212,#3213,#3214,#3215,#3216,#3217,#3218,#3219,#3220,#3221,#3222,#3223,#3224,#3225,#3226,#3227,#3228,#3229,#3299,#3231,#421,#3300,#3234,#3301,#3236,#3237,#3302));
#6047= IFCPROPERTYSET('1tg5EzA1j0af15Zg_86bDo',#5,'Tekla Reinforcement - End Conditions','Reinforcement Properties 2',(#3240,#3241,#3242,#3243,#3244,#3245,#3246,#3247));
#6048= IFCMAPPEDITEM(#3345,#276);
#6049= IFCSHAPEREPRESENTATION(#12,'Body','MappedRepresentation',(#6048));
#6050= IFCPRODUCTDEFINITIONSHAPE($,$,(#6049));
#6051= IFCCARTESIANPOINT((-17112.5818251253,-2092.40908144148,-305.));
#6052= IFCAXIS2PLACEMENT3D(#6051,#3196,#3132);
#6053= IFCLOCALPLACEMENT(#6014,#6052);
#6054= IFCREINFORCINGBAR('0G_OcpdX91meYVaZOY$Ftj',#5861,'EB_REBAR',$,$,#6053,#6050,'ID10f989b3-9e12-41c2-889f-923622fcfded',$,19.,0.,$,.NOTDEFINED.,$);
#6055= IFCPROPERTYSET('1D271wZcP2nvGfypWSCs6T',#5,'Tekla Reinforcement - General','Reinforcement Properties',(#3200,#3201,#408,#3202,#3203,#3204,#3205,#3206,#3353));
#6056= IFCPROPERTYSET('3Fy_4l7vvAuBmh20Q401Lv',#5,'Tekla Reinforcement - Bending List','Reinforcement Properties 1',(#3209,#3210,#3211,#3212,#3213,#3214,#3215,#3216,#3217,#3218,#3219,#3220,#3221,#3222,#3223,#3224,#3225,#3226,#3227,#3228,#3229,#3355,#3356,#3144,#3357,#3234,#3358,#3236,#3237,#3359));
#6057= IFCPROPERTYSET('3rXWqPavHBg8NrnLPGMIel',#5,'Tekla Reinforcement - End Conditions','Reinforcement Properties 2',(#3240,#3241,#3242,#3243,#3244,#3245,#3246,#3247));
#6058= IFCMAPPEDITEM(#3402,#276);
#6059= IFCSHAPEREPRESENTATION(#12,'Body','MappedRepresentation',(#6058));
#6060= IFCPRODUCTDEFINITIONSHAPE($,$,(#6059));
#6061= IFCCARTESIANPOINT((-17112.5818251253,-2092.40908144148,-433.));
#6062= IFCAXIS2PLACEMENT3D(#6061,#3196,#3132);
#6063= IFCLOCALPLACEMENT(#6014,#6062);
#6064= IFCREINFORCINGBAR('38ne0ODgn8T9SYFOl$2iLq',#5861,'EB_STUD',$,$,#6063,#6060,'IDc8c68018-36ac-4874-9722-3d8bff0ac574',$,46.,0.,$,.NOTDEFINED.,$);
#6065= IFCPROPERTYSET('23bS8kPm5BR8_PlHmQiDuY',#5,'Tekla Reinforcement - General','Reinforcement Properties',(#3200,#3201,#408,#3202,#3203,#3204,#3205,#3206,#3410));
#6066= IFCPROPERTYSET('3oHy5WEafE8wzSz0gKVD7E',#5,'Tekla Reinforcement - Bending List','Reinforcement Properties 1',(#3209,#3210,#3211,#3212,#3213,#3214,#3215,#3216,#3217,#3218,#3219,#3220,#3221,#3222,#3223,#3224,#3225,#3226,#3227,#3228,#3229,#3412,#3413,#3414,#3233,#3234,#3415,#3236,#3237,#3416));
#6067= IFCPROPERTYSET('2xZho3v2n3nBgrSKrKW2Jn',#5,'Tekla Reinforcement - End Conditions','Reinforcement Properties 2',(#3240,#3241,#3242,#3243,#3244,#3245,#3246,#3247));
#6068= IFCMAPPEDITEM(#3289,#276);
#6069= IFCSHAPEREPRESENTATION(#12,'Body','MappedRepresentation',(#6068));
#6070= IFCPRODUCTDEFINITIONSHAPE($,$,(#6069));
#6071= IFCCARTESIANPOINT((-17112.5818251253,-2092.40908144148,-230.));
#6072= IFCAXIS2PLACEMENT3D(#6071,#3196,#3132);
#6073= IFCLOCALPLACEMENT(#6014,#6072);
#6074= IFCREINFORCINGBAR('2eNI$x$vb9rg1N1ZUNBU3q',#5861,'EB_WASHER',$,$,#6073,#6070,'IDa85d2ffb-ff99-49d6-a057-0637972de0f4',$,43.,0.,$,.NOTDEFINED.,$);
#6075= IFCPROPERTYSET('0qq1Fy2znBAg_pA0UJs38e',#5,'Tekla Reinforcement - General','Reinforcement Properties',(#3200,#3201,#408,#3202,#3203,#3204,#3205,#3206,#3297));
#6076= IFCPROPERTYSET('1T2qnUh4zD_Bk3sFzW8Dv2',#5,'Tekla Reinforcement - Bending List','Reinforcement Properties 1',(#3209,#3210,#3211,#3212,#3213,#3214,#3215,#3216,#3217,#3218,#3219,#3220,#3221,#3222,#3223,#3224,#3225,#3226,#3227,#3228,#3229,#3299,#3231,#421,#3300,#3234,#3301,#3236,#3237,#3302));
#6077= IFCPROPERTYSET('36rk$adMLD1wc5SsmbvV9Y',#5,'Tekla Reinforcement - End Conditions','Reinforcement Properties 2',(#3240,#3241,#3242,#3243,#3244,#3245,#3246,#3247));
#6078= IFCMAPPEDITEM(#3191,#276);
#6079= IFCSHAPEREPRESENTATION(#12,'Body','MappedRepresentation',(#6078));
#6080= IFCPRODUCTDEFINITIONSHAPE($,$,(#6079));
#6081= IFCCARTESIANPOINT((-17112.5818251253,-2092.40908144148,-235.));
#6082= IFCAXIS2PLACEMENT3D(#6081,#3196,#3132);
#6083= IFCLOCALPLACEMENT(#6014,#6082);
#6084= IFCREINFORCINGBAR('2ZKmDtsq15ye7aty5A49Mc',#5861,'EB_NUT',$,$,#6083,#6080,'IDa3530377-db40-45f2-81e4-dfc14a1095a6',$,28.,0.,$,.NOTDEFINED.,$);
#6085= IFCPROPERTYSET('3PhiREa6n0y8B5cMmkzTWl',#5,'Tekla Reinforcement - General','Reinforcement Properties',(#3200,#3201,#408,#3202,#3203,#3204,#3205,#3206,#3207));
#6086= IFCPROPERTYSET('0BsCZGwXz1qgP0MYFTf6Ih',#5,'Tekla Reinforcement - Bending List','Reinforcement Properties 1',(#3209,#3210,#3211,#3212,#3213,#3214,#3215,#3216,#3217,#3218,#3219,#3220,#3221,#3222,#3223,#3224,#3225,#3226,#3227,#3228,#3229,#3230,#3231,#3232,#3233,#3234,#3235,#3236,#3237,#3238));
#6087= IFCPROPERTYSET('3PL_7AANv1f8rOpA$cjoRy',#5,'Tekla Reinforcement - End Conditions','Reinforcement Properties 2',(#3240,#3241,#3242,#3243,#3244,#3245,#3246,#3247));
#6088= IFCOWNERHISTORY(#3,#4,$,.NOCHANGE.,$,$,$,1749628800);
#6089= IFCMAPPEDITEM(#3659,#3657);
#6090= IFCMAPPEDITEM(#3659,#3662);
#6091= IFCMAPPEDITEM(#3659,#3665);
#6092= IFCMAPPEDITEM(#3659,#3668);
#6093= IFCSHAPEREPRESENTATION(#12,'Body','MappedRepresentation',(#6089,#6090,#6091,#6092));
#6094= IFCPRODUCTDEFINITIONSHAPE($,$,(#6093));
#6095= IFCCARTESIANPOINT((-17004.3525229422,-1946.33917301093,-215.));
#6096= IFCAXIS2PLACEMENT3D(#6095,#635,#550);
#6097= IFCLOCALPLACEMENT(#490,#6096);
#6098= IFCMECHANICALFASTENER('3UIaqyCln29ugVDPvMNEwo',#6088,'Bolt assembly',$,$,#6097,#6094,'IDde4a4d3c-32fc-4227-8a9f-359e565ceeb2',16.,15.);
#6099= IFCPROPERTYSET('2_ixelt59D0gPMyEbbIScy',#5,'Tekla Bolt','Bolt Properties',(#3676,#289,#3677,#3678,#1128,#293,#3679,#295,#296,#1130,#298,#1131,#1132,#301,#1133,#303));
#6100= IFCSHAPEREPRESENTATION(#12,'Body','Brep',(#5664));
#6101= IFCPRODUCTDEFINITIONSHAPE($,$,(#6100));
#6102= IFCAXIS2PLACEMENT3D(#6095,#9,#549);
#6103= IFCLOCALPLACEMENT(#490,#6102);
#6104= IFCFASTENER('228lP1xgbBKeuOwA9bYFwo',#44,'Weld',$,$,#6103,#6101,'ID8222f641-eea9-4b52-8e18-e8a26588feb2');
#6105= IFCPROPERTYSET('1D1Cv3OJnDnRdh8xsakHE9',#5,'Tekla Weld Common','Common weld properties',(#1310,#555,#556,#557,#558,#559,#560,#561,#562,#563,#564,#3797,#420));
#6106= IFCPROPERTYSET('1JcpnfqOPEK9UOa44iHbgx',#5,'Tekla Weld Above Line','Above line weld properties',(#567,#568,#1313,#570,#571,#572,#573,#574,#575,#576,#577,#578,#3799,#3800));
#6107= IFCPROPERTYSET('3pUnGE$CvBevjskYf9TMJl',#5,'Tekla Weld Below Line','Below line weld properties',(#582,#583,#3802,#585,#586,#587,#588,#589,#590,#591,#592,#593,#3803,#3804));
#6108= IFCSHAPEREPRESENTATION(#12,'Body','Brep',(#3833));
#6109= IFCPRODUCTDEFINITIONSHAPE($,$,(#6108));
#6110= IFCCARTESIANPOINT((-17021.4564746755,-2140.58760887354,-222.5));
#6111= IFCAXIS2PLACEMENT3D(#6110,#549,#624);
#6112= IFCLOCALPLACEMENT(#490,#6111);
#6113= IFCBEAM('11TwqbDRfFYvB9Y3GfvuvK',#44,'LEHT','PL15*270',$,#6112,#6109,'ID4177ad25-35ba-4f8b-92c9-883429e78e54');
#6114= IFCPROPERTYSET('1g9CWYpOD2ePAQRuCNhv9e',#5,'Tekla Common','Common Properties to Shared building elements',(#407,#408,#409,#410,#3842,#3843,#413));
#6115= IFCPROPERTYSET('1o$1ubC8b9VgzEzGdXPrcT',#5,'Tekla Quantity','Quantity Properties to Shared building elements',(#3845,#3846,#3847,#3848,#3849,#3850,#1407,#3851));
#6116= IFCPROPERTYSET('3uhIV$ojn1E8LS3bliy5pn',#5,'BeamBaseQuantities',$,(#3845,#3853,#423,#3854));
#6117= IFCPROPERTYSET('0yvpBTydn55PjllPfkTLec',#5,'Pset_BeamCommon','Definition from IAI: Properties common to the definition of all occurrences of IfcBeam.',(#430,#693,#694,#431,#432,#434));
#6118= IFCLOCALPLACEMENT(#5862,#10);
#6119= IFCELEMENTASSEMBLY('1R_A_IzIDD4gTNCXnBGo40',#5861,'HPM16L',$,$,#6118,$,'EB_HPM16L-1',.NOTDEFINED.,.NOTDEFINED.);
#6120= IFCPROPERTYSET('1HgVe1gqr8thEsR$Iem_87',#5,'Tekla Assembly','Assembly Properties',(#3070,#48,#3060,#3071,#3072,#52,#53,#54));
#6121= IFCPROPERTYSET('2pNx5DKbT44uJEAXaq3$z0',#5,'AssemblyBaseQuantities',$,(#3074));
#6122= IFCSHAPEREPRESENTATION(#12,'Body','Brep',(#3127));
#6123= IFCPRODUCTDEFINITIONSHAPE($,$,(#6122));
#6124= IFCCARTESIANPOINT((-17095.916436257,-1903.14137470368,-165.));
#6125= IFCAXIS2PLACEMENT3D(#6124,#624,#3132);
#6126= IFCLOCALPLACEMENT(#6118,#6125);
#6127= IFCBEAM('189aHFZ395WR9oQu$_rc_2',#5861,'HPM16L','D16',$,#6126,#6123,'EB_HPM16L-1');
#6128= IFCPROPERTYSET('1eCubTzizDleQE7MonyG0K',#5,'Tekla Common','Common Properties to Shared building elements',(#3137,#408,#409,#410,#3138,#3139,#413));
#6129= IFCPROPERTYSET('02VJG9Y1nAjekPCN7NS$LE',#5,'Tekla Quantity','Quantity Properties to Shared building elements',(#3141,#3074,#3142,#1653,#3143,#766,#420,#3144));
#6130= IFCPROPERTYSET('0jmySyH7P8dA7zJHu6kjay',#5,'BeamBaseQuantities',$,(#3141,#690,#423,#3146));
#6131= IFCPROPERTYSET('37Pem$non3suP0jwJGrF_s',#5,'Pset_BeamCommon','Definition from IAI: Properties common to the definition of all occurrences of IfcBeam.',(#430,#693,#770,#431,#432,#434));
#6132= IFCMAPPEDITEM(#3191,#276);
#6133= IFCSHAPEREPRESENTATION(#12,'Body','MappedRepresentation',(#6132));
#6134= IFCPRODUCTDEFINITIONSHAPE($,$,(#6133));
#6135= IFCCARTESIANPOINT((-17095.916436257,-1903.14137470368,-197.));
#6136= IFCAXIS2PLACEMENT3D(#6135,#3196,#3132);
#6137= IFCLOCALPLACEMENT(#6118,#6136);
#6138= IFCREINFORCINGBAR('2hTveS8gLA4xcg4358oRbf',#5861,'EB_NUT',$,$,#6137,#6134,'IDab779a1c-22a5-4a13-b9aa-103148c9b969',$,28.,0.,$,.NOTDEFINED.,$);
#6139= IFCPROPERTYSET('2XYUSGDvn7EPgN35i6o7LU',#5,'Tekla Reinforcement - General','Reinforcement Properties',(#3200,#3201,#408,#3202,#3203,#3204,#3205,#3206,#3207));
#6140= IFCPROPERTYSET('3roQXi3Iv5yBuTMf_rWqMI',#5,'Tekla Reinforcement - Bending List','Reinforcement Properties 1',(#3209,#3210,#3211,#3212,#3213,#3214,#3215,#3216,#3217,#3218,#3219,#3220,#3221,#3222,#3223,#3224,#3225,#3226,#3227,#3228,#3229,#3230,#3231,#3232,#3233,#3234,#3235,#3236,#3237,#3238));
#6141= IFCPROPERTYSET('1h4ADMbXT2SOfqWMFe0moa',#5,'Tekla Reinforcement - End Conditions','Reinforcement Properties 2',(#3240,#3241,#3242,#3243,#3244,#3245,#3246,#3247));
#6142= IFCMAPPEDITEM(#3289,#276);
#6143= IFCSHAPEREPRESENTATION(#12,'Body','MappedRepresentation',(#6142));
#6144= IFCPRODUCTDEFINITIONSHAPE($,$,(#6143));
#6145= IFCCARTESIANPOINT((-17095.916436257,-1903.14137470368,-210.));
#6146= IFCAXIS2PLACEMENT3D(#6145,#3196,#3132);
#6147= IFCLOCALPLACEMENT(#6118,#6146);
#6148= IFCREINFORCINGBAR('0CAgaF1Yz7GRgplOM9pRCB',#5861,'EB_WASHER',$,$,#6147,#6144,'ID0c2aa90f-062f-4741-bab3-bd8589cdb30b',$,43.,0.,$,.NOTDEFINED.,$);
#6149= IFCPROPERTYSET('0dAI1i6Z19uAIrrD$jeLh8',#5,'Tekla Reinforcement - General','Reinforcement Properties',(#3200,#3201,#408,#3202,#3203,#3204,#3205,#3206,#3297));
#6150= IFCPROPERTYSET('1m78nyWEnAa8WGF70KXY9w',#5,'Tekla Reinforcement - Bending List','Reinforcement Properties 1',(#3209,#3210,#3211,#3212,#3213,#3214,#3215,#3216,#3217,#3218,#3219,#3220,#3221,#3222,#3223,#3224,#3225,#3226,#3227,#3228,#3229,#3299,#3231,#421,#3300,#3234,#3301,#3236,#3237,#3302));
#6151= IFCPROPERTYSET('11g3CYuIT5lg9Ml85pwcps',#5,'Tekla Reinforcement - End Conditions','Reinforcement Properties 2',(#3240,#3241,#3242,#3243,#3244,#3245,#3246,#3247));
#6152= IFCMAPPEDITEM(#3345,#276);
#6153= IFCSHAPEREPRESENTATION(#12,'Body','MappedRepresentation',(#6152));
#6154= IFCPRODUCTDEFINITIONSHAPE($,$,(#6153));
#6155= IFCCARTESIANPOINT((-17095.916436257,-1903.14137470368,-305.));
#6156= IFCAXIS2PLACEMENT3D(#6155,#3196,#3132);
#6157= IFCLOCALPLACEMENT(#6118,#6156);
#6158= IFCREINFORCINGBAR('3SyQZ7Ftv4gOOdkpdlBL2e',#5861,'EB_REBAR',$,$,#6157,#6154,'IDdcf1a8c7-3f7e-44a9-8627-bb39ef2d50a8',$,19.,0.,$,.NOTDEFINED.,$);
#6159= IFCPROPERTYSET('1gdrwQsUj1PPU94ClyWZgR',#5,'Tekla Reinforcement - General','Reinforcement Properties',(#3200,#3201,#408,#3202,#3203,#3204,#3205,#3206,#3353));
#6160= IFCPROPERTYSET('3PgjwpNdTDpBlsn2Y5h2G2',#5,'Tekla Reinforcement - Bending List','Reinforcement Properties 1',(#3209,#3210,#3211,#3212,#3213,#3214,#3215,#3216,#3217,#3218,#3219,#3220,#3221,#3222,#3223,#3224,#3225,#3226,#3227,#3228,#3229,#3355,#3356,#3144,#3357,#3234,#3358,#3236,#3237,#3359));
#6161= IFCPROPERTYSET('3aQDHDmN977fFobsd1RKQ1',#5,'Tekla Reinforcement - End Conditions','Reinforcement Properties 2',(#3240,#3241,#3242,#3243,#3244,#3245,#3246,#3247));
#6162= IFCMAPPEDITEM(#3402,#276);
#6163= IFCSHAPEREPRESENTATION(#12,'Body','MappedRepresentation',(#6162));
#6164= IFCPRODUCTDEFINITIONSHAPE($,$,(#6163));
#6165= IFCCARTESIANPOINT((-17095.916436257,-1903.14137470368,-433.));
#6166= IFCAXIS2PLACEMENT3D(#6165,#3196,#3132);
#6167= IFCLOCALPLACEMENT(#6118,#6166);
#6168= IFCREINFORCINGBAR('13TF3StEvA2AJIras$YI$4',#5861,'EB_STUD',$,$,#6167,#6164,'ID4374f0dc-dcee-4a08-a4d2-d64dbf892fc4',$,46.,0.,$,.NOTDEFINED.,$);
#6169= IFCPROPERTYSET('2D4wIRQzT39eaGBPFrx8ZI',#5,'Tekla Reinforcement - General','Reinforcement Properties',(#3200,#3201,#408,#3202,#3203,#3204,#3205,#3206,#3410));
#6170= IFCPROPERTYSET('3s5C1_zFX9Ax2uHuGQINkR',#5,'Tekla Reinforcement - Bending List','Reinforcement Properties 1',(#3209,#3210,#3211,#3212,#3213,#3214,#3215,#3216,#3217,#3218,#3219,#3220,#3221,#3222,#3223,#3224,#3225,#3226,#3227,#3228,#3229,#3412,#3413,#3414,#3233,#3234,#3415,#3236,#3237,#3416));
#6171= IFCPROPERTYSET('0vuxAa3nb04O9WDwEAfNGM',#5,'Tekla Reinforcement - End Conditions','Reinforcement Properties 2',(#3240,#3241,#3242,#3243,#3244,#3245,#3246,#3247));
#6172= IFCMAPPEDITEM(#3289,#276);
#6173= IFCSHAPEREPRESENTATION(#12,'Body','MappedRepresentation',(#6172));
#6174= IFCPRODUCTDEFINITIONSHAPE($,$,(#6173));
#6175= IFCCARTESIANPOINT((-17095.916436257,-1903.14137470368,-230.));
#6176= IFCAXIS2PLACEMENT3D(#6175,#3196,#3132);
#6177= IFCLOCALPLACEMENT(#6118,#6176);
#6178= IFCREINFORCINGBAR('1b$DLaR1L299CWo05ZaQMw',#5861,'EB_WASHER',$,$,#6177,#6174,'ID65fcd564-6c15-4224-9320-c8016391a5ba',$,43.,0.,$,.NOTDEFINED.,$);
#6179= IFCPROPERTYSET('3a9XD69ynFifqB8FwLO3LQ',#5,'Tekla Reinforcement - General','Reinforcement Properties',(#3200,#3201,#408,#3202,#3203,#3204,#3205,#3206,#3297));
#6180= IFCPROPERTYSET('1EzCZf0kXE7x$3_Vk$nHZ_',#5,'Tekla Reinforcement - Bending List','Reinforcement Properties 1',(#3209,#3210,#3211,#3212,#3213,#3214,#3215,#3216,#3217,#3218,#3219,#3220,#3221,#3222,#3223,#3224,#3225,#3226,#3227,#3228,#3229,#3299,#3231,#421,#3300,#3234,#3301,#3236,#3237,#3302));
#6181= IFCPROPERTYSET('35sQ8KlL967hTQq2nbJZaP',#5,'Tekla Reinforcement - End Conditions','Reinforcement Properties 2',(#3240,#3241,#3242,#3243,#3244,#3245,#3246,#3247));
#6182= IFCMAPPEDITEM(#3191,#276);
#6183= IFCSHAPEREPRESENTATION(#12,'Body','MappedRepresentation',(#6182));
#6184= IFCPRODUCTDEFINITIONSHAPE($,$,(#6183));
#6185= IFCCARTESIANPOINT((-17095.916436257,-1903.14137470368,-235.));
#6186= IFCAXIS2PLACEMENT3D(#6185,#3196,#3132);
#6187= IFCLOCALPLACEMENT(#6118,#6186);
#6188= IFCREINFORCINGBAR('1HXwix6Kv1g8C2$Wn3v4Dy',#5861,'EB_NUT',$,$,#6187,#6184,'ID5187ab3b-194e-41a8-8302-fe0c43e4437c',$,28.,0.,$,.NOTDEFINED.,$);
#6189= IFCPROPERTYSET('0WQVSlhlTDDQ0ky6w9g$cA',#5,'Tekla Reinforcement - General','Reinforcement Properties',(#3200,#3201,#408,#3202,#3203,#3204,#3205,#3206,#3207));
#6190= IFCPROPERTYSET('2jbj0NWp98lfEuqh7GQvny',#5,'Tekla Reinforcement - Bending List','Reinforcement Properties 1',(#3209,#3210,#3211,#3212,#3213,#3214,#3215,#3216,#3217,#3218,#3219,#3220,#3221,#3222,#3223,#3224,#3225,#3226,#3227,#3228,#3229,#3230,#3231,#3232,#3233,#3234,#3235,#3236,#3237,#3238));
#6191= IFCPROPERTYSET('1X73A5vJj9qQWQv847xBHg',#5,'Tekla Reinforcement - End Conditions','Reinforcement Properties 2',(#3240,#3241,#3242,#3243,#3244,#3245,#3246,#3247));
#6192= IFCSHAPEREPRESENTATION(#12,'Body','Brep',(#3960));
#6193= IFCPRODUCTDEFINITIONSHAPE($,$,(#6192));
#6194= IFCCARTESIANPOINT((-17009.6152773218,-2006.10792250713,-800.));
#6195= IFCAXIS2PLACEMENT3D(#6194,#550,#9);
#6196= IFCLOCALPLACEMENT(#5862,#6195);
#6197= IFCCOLUMN('3CMj0yT9T8WgNFlUOiAJbv',#6088,'POSTI VUNDAMENT','340*340',$,#6196,#6193,'IDcc5ad03c-7497-4882-a5cf-bde62c293979');
#6198= IFCPROPERTYSET('0TKymdo7fAqgGk2pTD2fI2',#5,'Tekla Common','Common Properties to Shared building elements',(#3969,#3970,#409,#410,#3971,#3972,#413));
#6199= IFCPROPERTYSET('3SCYuBhm12sx0_4ZefLOeU',#5,'Tekla Quantity','Quantity Properties to Shared building elements',(#3974,#3975,#3976,#3977,#3978,#3979,#3980,#3981));
#6200= IFCPROPERTYSET('1vAXBJkSzA8eAszYgI4W$M',#5,'ColumnBaseQuantities',$,(#3974,#3983,#3984,#3985));
#6201= IFCPROPERTYSET('0Bb58QND17Zv9OuVCsqajp',#5,'Pset_ColumnCommon','Definition from IAI: Properties common to the definition of all occurrences of IfcColumn.',(#430,#770,#431,#432,#434));
#6202= IFCMAPPEDITEM(#4515,#4513);
#6203= IFCMAPPEDITEM(#4515,#4518);
#6204= IFCMAPPEDITEM(#4515,#4521);
#6205= IFCMAPPEDITEM(#4515,#4524);
#6206= IFCMAPPEDITEM(#4515,#4527);
#6207= IFCMAPPEDITEM(#4515,#4530);
#6208= IFCMAPPEDITEM(#4515,#4533);
#6209= IFCMAPPEDITEM(#4515,#4536);
#6210= IFCSHAPEREPRESENTATION(#12,'Body','MappedRepresentation',(#6202,#6203,#6204,#6205,#6206,#6207,#6208,#6209));
#6211= IFCPRODUCTDEFINITIONSHAPE($,$,(#6210));
#6212= IFCCARTESIANPOINT((-18042.4115075593,-1764.58784712071,-880.000000000002));
#6213= IFCAXIS2PLACEMENT3D(#6212,#550,#635);
#6214= IFCLOCALPLACEMENT(#5862,#6213);
#6215= IFCREINFORCINGBAR('2iE9HDHNj0QOuE5BE2hxpj',#6088,'STIRRUP',$,$,#6214,#6211,'IDac38944d-457b-4069-8e0e-14b382afbced',$,8.,0.,$,.NOTDEFINED.,$);
#6216= IFCPROPERTYSET('0sagoibpvC6ujpo9Hikytd',#5,'Tekla Reinforcement - General','Reinforcement Properties',(#3200,#3201,#3970,#4544,#4545,#4546,#3205,#3206,#4547));
#6217= IFCPROPERTYSET('3i3pMZjBL8V8m9Fo8SzP5m',#5,'Tekla Reinforcement - Bending List','Reinforcement Properties 1',(#4549,#3210,#3211,#3212,#3213,#3214,#3215,#4550,#3217,#3218,#3219,#3220,#3221,#3222,#3223,#3224,#3225,#3226,#3227,#4551,#4552,#4553,#4554,#4555,#4556,#4557,#4558,#4559,#4560,#4561));
#6218= IFCPROPERTYSET('2uEz00p2P3_wd7qETDF4mq',#5,'Tekla Reinforcement - End Conditions','Reinforcement Properties 2',(#3240,#3241,#3242,#3243,#3244,#3245,#3246,#3247));
#6219= IFCSHAPEREPRESENTATION(#12,'Body','Brep',(#4592));
#6220= IFCPRODUCTDEFINITIONSHAPE($,$,(#6219));
#6221= IFCCARTESIANPOINT((-17009.6152773217,-2006.10792250712,-1100.));
#6222= IFCAXIS2PLACEMENT3D(#6221,#550,#9);
#6223= IFCLOCALPLACEMENT(#5862,#6222);
#6224= IFCFOOTING('2wn8DiN2D5kOPnHAgy5erW',#6088,'POSTI VUNDAMENT','800*800',$,#6223,#6220,'IDbac4836c-5c23-45b9-8671-44aabc168d60',.NOTDEFINED.);
#6225= IFCPROPERTYSET('0bNR2dNp93lxDxcNckHHAN',#5,'Tekla Common','Common Properties to Shared building elements',(#3969,#3970,#409,#410,#4600,#4601,#413));
#6226= IFCPROPERTYSET('1JvZOppzT6UvN3Y$w0S$V6',#5,'Tekla Quantity','Quantity Properties to Shared building elements',(#1361,#3066,#4603,#4604,#4605,#4606,#4607,#4608));
#6227= IFCPROPERTYSET('2lK_X_r4n7$w_T5Z4J_ecQ',#5,'FootingBaseQuantities',$,(#1361,#4610,#4611,#4612,#4613,#4614,#4615,#4616));
#6228= IFCMAPPEDITEM(#4758,#4756);
#6229= IFCSHAPEREPRESENTATION(#12,'Body','MappedRepresentation',(#6228));
#6230= IFCPRODUCTDEFINITIONSHAPE($,$,(#6229));
#6231= IFCCARTESIANPOINT((-16881.7744529943,-1898.95844984902,-1028.));
#6232= IFCAXIS2PLACEMENT3D(#6231,#9,#635);
#6233= IFCLOCALPLACEMENT(#5862,#6232);
#6234= IFCREINFORCINGBAR('1_wMXt795009sTS69xI1N2',#6088,'REBAR',$,$,#6233,#6230,'ID7ee96877-1c91-4000-9d9d-70627b4815c2',$,14.,0.,$,.NOTDEFINED.,$);
#6235= IFCPROPERTYSET('0ZOMHbeW1EzuDvz10PnhNm',#5,'Tekla Reinforcement - General','Reinforcement Properties',(#3200,#3201,#3970,#4544,#3203,#3204,#3205,#3206,#4766));
#6236= IFCPROPERTYSET('3DEmRgZ0X3OAQ4t83t7GrG',#5,'Tekla Reinforcement - Bending List','Reinforcement Properties 1',(#4768,#3210,#4769,#3212,#3213,#3214,#3215,#4770,#3217,#3218,#3219,#3220,#3221,#3222,#3223,#3224,#3225,#3226,#3227,#3228,#4771,#4772,#4773,#4774,#4775,#4776,#4777,#4559,#3237,#4778));
#6237= IFCPROPERTYSET('0DlurIUZz469a9V4eald$e',#5,'Tekla Reinforcement - End Conditions','Reinforcement Properties 2',(#3240,#3241,#3242,#3243,#3244,#3245,#3246,#3247));
#6238= IFCMAPPEDITEM(#4758,#4756);
#6239= IFCSHAPEREPRESENTATION(#12,'Body','MappedRepresentation',(#6238));
#6240= IFCPRODUCTDEFINITIONSHAPE($,$,(#6239));
#6241= IFCCARTESIANPOINT((-17116.7647499807,-1878.26709817957,-1028.));
#6242= IFCAXIS2PLACEMENT3D(#6241,#9,#549);
#6243= IFCLOCALPLACEMENT(#5862,#6242);
#6244= IFCREINFORCINGBAR('3FPHiF5h9CwwAwGZOliNZB',#6088,'REBAR',$,$,#6243,#6240,'IDcf651b0f-16b2-4ceb-a2ba-42362fb178cb',$,14.,0.,$,.NOTDEFINED.,$);
#6245= IFCPROPERTYSET('2p_K2mYPr74wZccyw$3$sX',#5,'Tekla Reinforcement - General','Reinforcement Properties',(#3200,#3201,#3970,#4544,#3203,#3204,#3205,#3206,#4766));
#6246= IFCPROPERTYSET('3OJPIQX_LEzRoCHlR1c8hQ',#5,'Tekla Reinforcement - Bending List','Reinforcement Properties 1',(#4768,#3210,#4769,#3212,#3213,#3214,#3215,#4770,#3217,#3218,#3219,#3220,#3221,#3222,#3223,#3224,#3225,#3226,#3227,#3228,#4771,#4772,#4773,#4774,#4775,#4776,#4777,#4559,#3237,#4778));
#6247= IFCPROPERTYSET('0I06u7WYv9zQsKmejYxFm6',#5,'Tekla Reinforcement - End Conditions','Reinforcement Properties 2',(#3240,#3241,#3242,#3243,#3244,#3245,#3246,#3247));
#6248= IFCMAPPEDITEM(#4758,#4756);
#6249= IFCSHAPEREPRESENTATION(#12,'Body','MappedRepresentation',(#6248));
#6250= IFCPRODUCTDEFINITIONSHAPE($,$,(#6249));
#6251= IFCCARTESIANPOINT((-17137.4561016492,-2113.25739516522,-1028.));
#6252= IFCAXIS2PLACEMENT3D(#6251,#9,#549);
#6253= IFCLOCALPLACEMENT(#5862,#6252);
#6254= IFCREINFORCINGBAR('3Z5akS8nPDlhVmsix7CjJD',#6088,'REBAR',$,$,#6253,#6250,'IDe3164b9c-2316-4dbe-b7f0-dacec732d4cd',$,14.,0.,$,.NOTDEFINED.,$);
#6255= IFCPROPERTYSET('0p8DYxqD57Rw_wL$HSmrF3',#5,'Tekla Reinforcement - General','Reinforcement Properties',(#3200,#3201,#3970,#4544,#3203,#3204,#3205,#3206,#4766));
#6256= IFCPROPERTYSET('1FXl84LfHAThEuX6K9p5Tl',#5,'Tekla Reinforcement - Bending List','Reinforcement Properties 1',(#4768,#3210,#4769,#3212,#3213,#3214,#3215,#4770,#3217,#3218,#3219,#3220,#3221,#3222,#3223,#3224,#3225,#3226,#3227,#3228,#4771,#4772,#4773,#4774,#4775,#4776,#4777,#4559,#3237,#4778));
#6257= IFCPROPERTYSET('0PQV4Nzc16_wMx45dodwKg',#5,'Tekla Reinforcement - End Conditions','Reinforcement Properties 2',(#3240,#3241,#3242,#3243,#3244,#3245,#3246,#3247));
#6258= IFCMAPPEDITEM(#4758,#4756);
#6259= IFCSHAPEREPRESENTATION(#12,'Body','MappedRepresentation',(#6258));
#6260= IFCPRODUCTDEFINITIONSHAPE($,$,(#6259));
#6261= IFCCARTESIANPOINT((-16902.4658046628,-2133.94874683467,-1028.));
#6262= IFCAXIS2PLACEMENT3D(#6261,#9,#635);
#6263= IFCLOCALPLACEMENT(#5862,#6262);
#6264= IFCREINFORCINGBAR('205_GeijPASQvgmtPD0EIo',#6088,'REBAR',$,$,#6263,#6260,'ID8017e428-b2d6-4a71-ae6a-c3764d00e4b2',$,14.,0.,$,.NOTDEFINED.,$);
#6265= IFCPROPERTYSET('3OYSaLphz7BAzQFPNwPdPb',#5,'Tekla Reinforcement - General','Reinforcement Properties',(#3200,#3201,#3970,#4544,#3203,#3204,#3205,#3206,#4766));
#6266= IFCPROPERTYSET('2$sKaa2BDAahUTEtUqrgZJ',#5,'Tekla Reinforcement - Bending List','Reinforcement Properties 1',(#4768,#3210,#4769,#3212,#3213,#3214,#3215,#4770,#3217,#3218,#3219,#3220,#3221,#3222,#3223,#3224,#3225,#3226,#3227,#3228,#4771,#4772,#4773,#4774,#4775,#4776,#4777,#4559,#3237,#4778));
#6267= IFCPROPERTYSET('1a50Jwofv7hQ96DVrpcNS7',#5,'Tekla Reinforcement - End Conditions','Reinforcement Properties 2',(#3240,#3241,#3242,#3243,#3244,#3245,#3246,#3247));
#6268= IFCMAPPEDITEM(#5036,#5034);
#6269= IFCMAPPEDITEM(#5036,#5039);
#6270= IFCMAPPEDITEM(#5036,#5042);
#6271= IFCMAPPEDITEM(#5036,#5045);
#6272= IFCMAPPEDITEM(#5036,#5048);
#6273= IFCSHAPEREPRESENTATION(#12,'Body','MappedRepresentation',(#6268,#6269,#6270,#6271,#6272));
#6274= IFCPRODUCTDEFINITIONSHAPE($,$,(#6273));
#6275= IFCCARTESIANPOINT((-17397.6365837816,-2331.32702670161,-1043.));
#6276= IFCAXIS2PLACEMENT3D(#6275,#9,#635);
#6277= IFCLOCALPLACEMENT(#5862,#6276);
#6278= IFCREINFORCINGBAR('2F6yMU1Tn79wb35cWmTk7u',#6088,'BOTTOM_BAR',$,$,#6277,#6274,'ID8f1bc59e-05dc-4727-a943-16683076e1f8',$,14.,0.,$,.NOTDEFINED.,$);
#6279= IFCPROPERTYSET('1hI4izjRTEOAaMGgpKHzFe',#5,'Tekla Reinforcement - General','Reinforcement Properties',(#3200,#3201,#3970,#4544,#5056,#5057,#3205,#3206,#5058));
#6280= IFCPROPERTYSET('03WZZdImn5$AkZyd5Z4ADe',#5,'Tekla Reinforcement - Bending List','Reinforcement Properties 1',(#4768,#3210,#3211,#3212,#3213,#3214,#3215,#4770,#3217,#3218,#3219,#3220,#3221,#3222,#3223,#3224,#3225,#3226,#3227,#5060,#5061,#5062,#5063,#5064,#5065,#5066,#4777,#4559,#5067,#5068));
#6281= IFCPROPERTYSET('2MGVAMLAX8pgCXoW0AnVww',#5,'Tekla Reinforcement - End Conditions','Reinforcement Properties 2',(#3240,#3241,#3242,#3243,#3244,#3245,#3246,#3247));
#6282= IFCMAPPEDITEM(#5291,#5289);
#6283= IFCMAPPEDITEM(#5291,#5294);
#6284= IFCMAPPEDITEM(#5291,#5297);
#6285= IFCMAPPEDITEM(#5291,#5300);
#6286= IFCSHAPEREPRESENTATION(#12,'Body','MappedRepresentation',(#6282,#6283,#6284,#6285));
#6287= IFCPRODUCTDEFINITIONSHAPE($,$,(#6286));
#6288= IFCCARTESIANPOINT((-17341.852417585,-2336.2389307894,-1029.));
#6289= IFCAXIS2PLACEMENT3D(#6288,#9,#624);
#6290= IFCLOCALPLACEMENT(#5862,#6289);
#6291= IFCREINFORCINGBAR('0sciHjWZL69OM1YjeIC5Q_',#6088,'BOTTOM_BAR',$,$,#6290,#6287,'ID369ac46d-8235-4625-8581-8ada123056be',$,14.,0.,$,.NOTDEFINED.,$);
#6292= IFCPROPERTYSET('0Nk2d$u$53dgSFFambhqVR',#5,'Tekla Reinforcement - General','Reinforcement Properties',(#3200,#3201,#3970,#4544,#5308,#5057,#3205,#3206,#5058));
#6293= IFCPROPERTYSET('0z7F_S9Yj3MeWD5K$0hczH',#5,'Tekla Reinforcement - Bending List','Reinforcement Properties 1',(#4768,#3210,#3211,#3212,#3213,#3214,#3215,#4770,#3217,#3218,#3219,#3220,#3221,#3222,#3223,#3224,#3225,#3226,#3227,#5310,#5061,#5311,#5312,#5313,#5314,#5066,#4777,#4559,#5315,#5316));
#6294= IFCPROPERTYSET('3rCQgfKfXEvA3eXWwRviHH',#5,'Tekla Reinforcement - End Conditions','Reinforcement Properties 2',(#3240,#3241,#3242,#3243,#3244,#3245,#3246,#3247));
#6295= IFCLOCALPLACEMENT(#42,#10);
#6296= IFCELEMENTASSEMBLY('0ByK6HUU1FJAG6IVh5Wxrh',#3056,'POSTI VUNDAMENT',$,$,#6295,$,'V-1',.NOTDEFINED.,.NOTDEFINED.);
#6297= IFCPROPERTYSET('3hxX_bREj4n9xGuIfMXxOz',#5,'Tekla Assembly','Assembly Properties',(#3059,#48,#3060,#3061,#3062,#3063,#53,#3064));
#6298= IFCPROPERTYSET('3cCFI7MXHFyvJLwdgtI_A1',#5,'AssemblyBaseQuantities',$,(#3066));
#6299= IFCLOCALPLACEMENT(#6295,#10);
#6300= IFCELEMENTASSEMBLY('06Ooz4vnr748QHM0ONojdz',#3056,'HPM16L',$,$,#6299,$,'EB_HPM16L-1',.NOTDEFINED.,.NOTDEFINED.);
#6301= IFCPROPERTYSET('3XBA7D9cj4Cuyxbi0giT$S',#5,'Tekla Assembly','Assembly Properties',(#3070,#48,#3060,#3071,#3072,#52,#53,#54));
#6302= IFCPROPERTYSET('3_uUTgSx56yvM29WOng8og',#5,'AssemblyBaseQuantities',$,(#3074));
#6303= IFCSHAPEREPRESENTATION(#12,'Body','Brep',(#3127));
#6304= IFCPRODUCTDEFINITIONSHAPE($,$,(#6303));
#6305= IFCCARTESIANPOINT((-17344.7733302526,-6895.54053220847,-165.));
#6306= IFCAXIS2PLACEMENT3D(#6305,#624,#3132);
#6307= IFCLOCALPLACEMENT(#6299,#6306);
#6308= IFCBEAM('0kL61fCPfCfOysqcF$NqvE',#3056,'HPM16L','D16',$,#6307,#6304,'EB_HPM16L-1');
#6309= IFCPROPERTYSET('2bxIHwOcT4NgOmNjxbXUjs',#5,'Tekla Common','Common Properties to Shared building elements',(#3137,#408,#409,#410,#3138,#3139,#413));
#6310= IFCPROPERTYSET('03vy$uKRf0Kx2_2cynhiQQ',#5,'Tekla Quantity','Quantity Properties to Shared building elements',(#3141,#3074,#3142,#1653,#3143,#766,#420,#3144));
#6311= IFCPROPERTYSET('2ck1pAvsP3rezTvZlGdpuf',#5,'BeamBaseQuantities',$,(#3141,#690,#423,#3146));
#6312= IFCPROPERTYSET('2f21ZgC6H5i89h5ZPCsz9Q',#5,'Pset_BeamCommon','Definition from IAI: Properties common to the definition of all occurrences of IfcBeam.',(#430,#693,#770,#431,#432,#434));
#6313= IFCMAPPEDITEM(#3191,#276);
#6314= IFCSHAPEREPRESENTATION(#12,'Body','MappedRepresentation',(#6313));
#6315= IFCPRODUCTDEFINITIONSHAPE($,$,(#6314));
#6316= IFCCARTESIANPOINT((-17344.7733302526,-6895.54053220847,-197.));
#6317= IFCAXIS2PLACEMENT3D(#6316,#3196,#3132);
#6318= IFCLOCALPLACEMENT(#6299,#6317);
#6319= IFCREINFORCINGBAR('02V6$S7YD6xwy378yco9gx',#3056,'EB_NUT',$,$,#6318,#6315,'ID027c6fdc-1e23-46ef-af03-1c8f26c89abb',$,28.,0.,$,.NOTDEFINED.,$);
#6320= IFCPROPERTYSET('1Gru_F8RLFteq$mBGjKEWG',#5,'Tekla Reinforcement - General','Reinforcement Properties',(#3200,#3201,#408,#3202,#3203,#3204,#3205,#3206,#3207));
#6321= IFCPROPERTYSET('3ba6qIbTv5KR26NTKbFAqD',#5,'Tekla Reinforcement - Bending List','Reinforcement Properties 1',(#3209,#3210,#3211,#3212,#3213,#3214,#3215,#3216,#3217,#3218,#3219,#3220,#3221,#3222,#3223,#3224,#3225,#3226,#3227,#3228,#3229,#3230,#3231,#3232,#3233,#3234,#3235,#3236,#3237,#3238));
#6322= IFCPROPERTYSET('0KsEzjJwXFif11kfHO7rYN',#5,'Tekla Reinforcement - End Conditions','Reinforcement Properties 2',(#3240,#3241,#3242,#3243,#3244,#3245,#3246,#3247));
#6323= IFCMAPPEDITEM(#3289,#276);
#6324= IFCSHAPEREPRESENTATION(#12,'Body','MappedRepresentation',(#6323));
#6325= IFCPRODUCTDEFINITIONSHAPE($,$,(#6324));
#6326= IFCCARTESIANPOINT((-17344.7733302526,-6895.54053220847,-210.));
#6327= IFCAXIS2PLACEMENT3D(#6326,#3196,#3132);
#6328= IFCLOCALPLACEMENT(#6299,#6327);
#6329= IFCREINFORCINGBAR('0KXnWvP3T8Q9mU0zy2IzaU',#3056,'EB_WASHER',$,$,#6328,#6325,'ID14871839-6437-4868-9c1e-03df024bd91e',$,43.,0.,$,.NOTDEFINED.,$);
#6330= IFCPROPERTYSET('2E3DGFEsbDqOG$HJlrg1YO',#5,'Tekla Reinforcement - General','Reinforcement Properties',(#3200,#3201,#408,#3202,#3203,#3204,#3205,#3206,#3297));
#6331= IFCPROPERTYSET('1gY3EWXKP8IRGMbuxNUzAy',#5,'Tekla Reinforcement - Bending List','Reinforcement Properties 1',(#3209,#3210,#3211,#3212,#3213,#3214,#3215,#3216,#3217,#3218,#3219,#3220,#3221,#3222,#3223,#3224,#3225,#3226,#3227,#3228,#3229,#3299,#3231,#421,#3300,#3234,#3301,#3236,#3237,#3302));
#6332= IFCPROPERTYSET('1NtL9gKS1AWOMziOQODi$U',#5,'Tekla Reinforcement - End Conditions','Reinforcement Properties 2',(#3240,#3241,#3242,#3243,#3244,#3245,#3246,#3247));
#6333= IFCMAPPEDITEM(#3345,#276);
#6334= IFCSHAPEREPRESENTATION(#12,'Body','MappedRepresentation',(#6333));
#6335= IFCPRODUCTDEFINITIONSHAPE($,$,(#6334));
#6336= IFCCARTESIANPOINT((-17344.7733302526,-6895.54053220847,-305.));
#6337= IFCAXIS2PLACEMENT3D(#6336,#3196,#3132);
#6338= IFCLOCALPLACEMENT(#6299,#6337);
#6339= IFCREINFORCINGBAR('1ZepKlUsb6_Q8$byFgrQkk',#3056,'EB_REBAR',$,$,#6338,#6335,'ID63a3352f-7b69-46f9-a23f-97c3ead5abae',$,19.,0.,$,.NOTDEFINED.,$);
#6340= IFCPROPERTYSET('225VoksyD2Oh3LoJr8$fz9',#5,'Tekla Reinforcement - General','Reinforcement Properties',(#3200,#3201,#408,#3202,#3203,#3204,#3205,#3206,#3353));
#6341= IFCPROPERTYSET('1o0aLQ0wr6$RKEsZqNL57X',#5,'Tekla Reinforcement - Bending List','Reinforcement Properties 1',(#3209,#3210,#3211,#3212,#3213,#3214,#3215,#3216,#3217,#3218,#3219,#3220,#3221,#3222,#3223,#3224,#3225,#3226,#3227,#3228,#3229,#3355,#3356,#3144,#3357,#3234,#3358,#3236,#3237,#3359));
#6342= IFCPROPERTYSET('1h0ZW21Ur0x8PqFA7RvPAJ',#5,'Tekla Reinforcement - End Conditions','Reinforcement Properties 2',(#3240,#3241,#3242,#3243,#3244,#3245,#3246,#3247));
#6343= IFCMAPPEDITEM(#3402,#276);
#6344= IFCSHAPEREPRESENTATION(#12,'Body','MappedRepresentation',(#6343));
#6345= IFCPRODUCTDEFINITIONSHAPE($,$,(#6344));
#6346= IFCCARTESIANPOINT((-17344.7733302526,-6895.54053220847,-433.));
#6347= IFCAXIS2PLACEMENT3D(#6346,#3196,#3132);
#6348= IFCLOCALPLACEMENT(#6299,#6347);
#6349= IFCREINFORCINGBAR('1GzFvOPGX6J9iv4BNoAFz0',#3056,'EB_STUD',$,$,#6348,#6345,'ID50f4fe58-6508-464c-9b39-10b5f228ff40',$,46.,0.,$,.NOTDEFINED.,$);
#6350= IFCPROPERTYSET('3To0IsVAD0aPAdcSZ5SELB',#5,'Tekla Reinforcement - General','Reinforcement Properties',(#3200,#3201,#408,#3202,#3203,#3204,#3205,#3206,#3410));
#6351= IFCPROPERTYSET('2$luexskv6XeLPcJzKlPTB',#5,'Tekla Reinforcement - Bending List','Reinforcement Properties 1',(#3209,#3210,#3211,#3212,#3213,#3214,#3215,#3216,#3217,#3218,#3219,#3220,#3221,#3222,#3223,#3224,#3225,#3226,#3227,#3228,#3229,#3412,#3413,#3414,#3233,#3234,#3415,#3236,#3237,#3416));
#6352= IFCPROPERTYSET('1sTn68I$jClfeOug4VDDPy',#5,'Tekla Reinforcement - End Conditions','Reinforcement Properties 2',(#3240,#3241,#3242,#3243,#3244,#3245,#3246,#3247));
#6353= IFCMAPPEDITEM(#3289,#276);
#6354= IFCSHAPEREPRESENTATION(#12,'Body','MappedRepresentation',(#6353));
#6355= IFCPRODUCTDEFINITIONSHAPE($,$,(#6354));
#6356= IFCCARTESIANPOINT((-17344.7733302526,-6895.54053220847,-230.));
#6357= IFCAXIS2PLACEMENT3D(#6356,#3196,#3132);
#6358= IFCLOCALPLACEMENT(#6299,#6357);
#6359= IFCREINFORCINGBAR('0Olocs40vBT9B8_KSpG9kw',#3056,'EB_WASHER',$,$,#6358,#6355,'ID18bf29b6-100e-4b74-92c8-f94733409bba',$,43.,0.,$,.NOTDEFINED.,$);
#6360= IFCPROPERTYSET('3RXgEojaz4xwfvKJrH_Drc',#5,'Tekla Reinforcement - General','Reinforcement Properties',(#3200,#3201,#408,#3202,#3203,#3204,#3205,#3206,#3297));
#6361= IFCPROPERTYSET('1p4KomcF53WgLU0udyfqqf',#5,'Tekla Reinforcement - Bending List','Reinforcement Properties 1',(#3209,#3210,#3211,#3212,#3213,#3214,#3215,#3216,#3217,#3218,#3219,#3220,#3221,#3222,#3223,#3224,#3225,#3226,#3227,#3228,#3229,#3299,#3231,#421,#3300,#3234,#3301,#3236,#3237,#3302));
#6362= IFCPROPERTYSET('3EXF0u_$91ngCKR$vnk5mS',#5,'Tekla Reinforcement - End Conditions','Reinforcement Properties 2',(#3240,#3241,#3242,#3243,#3244,#3245,#3246,#3247));
#6363= IFCMAPPEDITEM(#3191,#276);
#6364= IFCSHAPEREPRESENTATION(#12,'Body','MappedRepresentation',(#6363));
#6365= IFCPRODUCTDEFINITIONSHAPE($,$,(#6364));
#6366= IFCCARTESIANPOINT((-17344.7733302526,-6895.54053220847,-235.));
#6367= IFCAXIS2PLACEMENT3D(#6366,#3196,#3132);
#6368= IFCLOCALPLACEMENT(#6299,#6367);
#6369= IFCREINFORCINGBAR('2xBu0BlQvA_ONCjSgC5dy7',#3056,'EB_NUT',$,$,#6368,#6365,'IDbb2f800b-bdae-4af9-85cc-b5ca8c167f07',$,28.,0.,$,.NOTDEFINED.,$);
#6370= IFCPROPERTYSET('32SlyPnZ50eAqwUkN8oMTI',#5,'Tekla Reinforcement - General','Reinforcement Properties',(#3200,#3201,#408,#3202,#3203,#3204,#3205,#3206,#3207));
#6371= IFCPROPERTYSET('1Y67LDRe93mA9xp$YP6fno',#5,'Tekla Reinforcement - Bending List','Reinforcement Properties 1',(#3209,#3210,#3211,#3212,#3213,#3214,#3215,#3216,#3217,#3218,#3219,#3220,#3221,#3222,#3223,#3224,#3225,#3226,#3227,#3228,#3229,#3230,#3231,#3232,#3233,#3234,#3235,#3236,#3237,#3238));
#6372= IFCPROPERTYSET('2iAnb75ObFogYnQb7DHqER',#5,'Tekla Reinforcement - End Conditions','Reinforcement Properties 2',(#3240,#3241,#3242,#3243,#3244,#3245,#3246,#3247));
#6373= IFCLOCALPLACEMENT(#6295,#10);
#6374= IFCELEMENTASSEMBLY('16QGEht$D8Wxe0S7f4ToYL',#3056,'HPM16L',$,$,#6373,$,'EB_HPM16L-1',.NOTDEFINED.,.NOTDEFINED.);
#6375= IFCPROPERTYSET('1ET17voOf0KBQvR5$WRpTE',#5,'Tekla Assembly','Assembly Properties',(#3070,#48,#3060,#3071,#3072,#52,#53,#54));
#6376= IFCPROPERTYSET('2XpwXKr8XDORIzPjP_2IKr',#5,'AssemblyBaseQuantities',$,(#3074));
#6377= IFCSHAPEREPRESENTATION(#12,'Body','Brep',(#3127));
#6378= IFCPRODUCTDEFINITIONSHAPE($,$,(#6377));
#6379= IFCCARTESIANPOINT((-17361.4387191213,-7084.80823894637,-165.));
#6380= IFCAXIS2PLACEMENT3D(#6379,#624,#3132);
#6381= IFCLOCALPLACEMENT(#6373,#6380);
#6382= IFCBEAM('2MW5$1H7b1rwz_vtEkbXwo',#3056,'HPM16L','D16',$,#6381,#6378,'EB_HPM16L-1');
#6383= IFCPROPERTYSET('0jtsMzKcT1qed1XTBvQdJO',#5,'Tekla Common','Common Properties to Shared building elements',(#3137,#408,#409,#410,#3138,#3139,#413));
#6384= IFCPROPERTYSET('2zuqD$tJ5FpBMOb6fZw4ss',#5,'Tekla Quantity','Quantity Properties to Shared building elements',(#3141,#3074,#3142,#1653,#3143,#766,#420,#3144));
#6385= IFCPROPERTYSET('1$1QWgtajE8v_1zhvMfu0z',#5,'BeamBaseQuantities',$,(#3141,#690,#423,#3146));
#6386= IFCPROPERTYSET('1bT1DE6vr1MhIlYuT1r9R0',#5,'Pset_BeamCommon','Definition from IAI: Properties common to the definition of all occurrences of IfcBeam.',(#430,#693,#770,#431,#432,#434));
#6387= IFCMAPPEDITEM(#3191,#276);
#6388= IFCSHAPEREPRESENTATION(#12,'Body','MappedRepresentation',(#6387));
#6389= IFCPRODUCTDEFINITIONSHAPE($,$,(#6388));
#6390= IFCCARTESIANPOINT((-17361.4387191213,-7084.80823894637,-197.));
#6391= IFCAXIS2PLACEMENT3D(#6390,#3196,#3132);
#6392= IFCLOCALPLACEMENT(#6373,#6391);
#6393= IFCREINFORCINGBAR('1Ru6UppnTAyRZD$zkcRufz',#3056,'EB_NUT',$,$,#6392,#6389,'ID5be067b3-cf17-4af1-b8cd-ffdba66f8a7d',$,28.,0.,$,.NOTDEFINED.,$);
#6394= IFCPROPERTYSET('0d9AG1qELDPfrN7ZkSUZ_Z',#5,'Tekla Reinforcement - General','Reinforcement Properties',(#3200,#3201,#408,#3202,#3203,#3204,#3205,#3206,#3207));
#6395= IFCPROPERTYSET('13dCNYqqbBpuWRh6AnqmZK',#5,'Tekla Reinforcement - Bending List','Reinforcement Properties 1',(#3209,#3210,#3211,#3212,#3213,#3214,#3215,#3216,#3217,#3218,#3219,#3220,#3221,#3222,#3223,#3224,#3225,#3226,#3227,#3228,#3229,#3230,#3231,#3232,#3233,#3234,#3235,#3236,#3237,#3238));
#6396= IFCPROPERTYSET('1vlv1T3EXBEAY0vzKPh_bD',#5,'Tekla Reinforcement - End Conditions','Reinforcement Properties 2',(#3240,#3241,#3242,#3243,#3244,#3245,#3246,#3247));
#6397= IFCMAPPEDITEM(#3289,#276);
#6398= IFCSHAPEREPRESENTATION(#12,'Body','MappedRepresentation',(#6397));
#6399= IFCPRODUCTDEFINITIONSHAPE($,$,(#6398));
#6400= IFCCARTESIANPOINT((-17361.4387191213,-7084.80823894637,-210.));
#6401= IFCAXIS2PLACEMENT3D(#6400,#3196,#3132);
#6402= IFCLOCALPLACEMENT(#6373,#6401);
#6403= IFCREINFORCINGBAR('12VVnZAfj6V9$JxRYS2S44',#3056,'EB_WASHER',$,$,#6402,#6399,'ID427dfc63-2a9b-467c-9fd3-edb89c09c104',$,43.,0.,$,.NOTDEFINED.,$);
#6404= IFCPROPERTYSET('1_uWJaRrXBXwp2FE6mLVXv',#5,'Tekla Reinforcement - General','Reinforcement Properties',(#3200,#3201,#408,#3202,#3203,#3204,#3205,#3206,#3297));
#6405= IFCPROPERTYSET('3TGXCaCyH8HwM4ORji1tKN',#5,'Tekla Reinforcement - Bending List','Reinforcement Properties 1',(#3209,#3210,#3211,#3212,#3213,#3214,#3215,#3216,#3217,#3218,#3219,#3220,#3221,#3222,#3223,#3224,#3225,#3226,#3227,#3228,#3229,#3299,#3231,#421,#3300,#3234,#3301,#3236,#3237,#3302));
#6406= IFCPROPERTYSET('3DFnNRUPL1MA2USZte5HRz',#5,'Tekla Reinforcement - End Conditions','Reinforcement Properties 2',(#3240,#3241,#3242,#3243,#3244,#3245,#3246,#3247));
#6407= IFCMAPPEDITEM(#3345,#276);
#6408= IFCSHAPEREPRESENTATION(#12,'Body','MappedRepresentation',(#6407));
#6409= IFCPRODUCTDEFINITIONSHAPE($,$,(#6408));
#6410= IFCCARTESIANPOINT((-17361.4387191213,-7084.80823894637,-305.));
#6411= IFCAXIS2PLACEMENT3D(#6410,#3196,#3132);
#6412= IFCLOCALPLACEMENT(#6373,#6411);
#6413= IFCREINFORCINGBAR('1iwJQWnVT45g$g7$dvnISZ',#3056,'EB_REBAR',$,$,#6412,#6409,'ID6ce936a0-c5f7-4416-afea-1ff9f9c52723',$,19.,0.,$,.NOTDEFINED.,$);
#6414= IFCPROPERTYSET('0$HRosaEf9zf9W$qoq8LD7',#5,'Tekla Reinforcement - General','Reinforcement Properties',(#3200,#3201,#408,#3202,#3203,#3204,#3205,#3206,#3353));
#6415= IFCPROPERTYSET('0aAX5MsMr54vfc_HqO7mTa',#5,'Tekla Reinforcement - Bending List','Reinforcement Properties 1',(#3209,#3210,#3211,#3212,#3213,#3214,#3215,#3216,#3217,#3218,#3219,#3220,#3221,#3222,#3223,#3224,#3225,#3226,#3227,#3228,#3229,#3355,#3356,#3144,#3357,#3234,#3358,#3236,#3237,#3359));
#6416= IFCPROPERTYSET('0tgDUsKLvEQxwIwEQd650e',#5,'Tekla Reinforcement - End Conditions','Reinforcement Properties 2',(#3240,#3241,#3242,#3243,#3244,#3245,#3246,#3247));
#6417= IFCMAPPEDITEM(#3402,#276);
#6418= IFCSHAPEREPRESENTATION(#12,'Body','MappedRepresentation',(#6417));
#6419= IFCPRODUCTDEFINITIONSHAPE($,$,(#6418));
#6420= IFCCARTESIANPOINT((-17361.4387191213,-7084.80823894637,-433.));
#6421= IFCAXIS2PLACEMENT3D(#6420,#3196,#3132);
#6422= IFCLOCALPLACEMENT(#6373,#6421);
#6423= IFCREINFORCINGBAR('0IoaGAFfzCigZfCNViE4wh',#3056,'EB_STUD',$,$,#6422,#6419,'ID12ca440a-3e9f-4cb2-a8e9-3177ec384eab',$,46.,0.,$,.NOTDEFINED.,$);
#6424= IFCPROPERTYSET('3QVhBBJOTAYe0J$GKPJ3Ig',#5,'Tekla Reinforcement - General','Reinforcement Properties',(#3200,#3201,#408,#3202,#3203,#3204,#3205,#3206,#3410));
#6425= IFCPROPERTYSET('1xHi0$nRT6ofISES2RS6UJ',#5,'Tekla Reinforcement - Bending List','Reinforcement Properties 1',(#3209,#3210,#3211,#3212,#3213,#3214,#3215,#3216,#3217,#3218,#3219,#3220,#3221,#3222,#3223,#3224,#3225,#3226,#3227,#3228,#3229,#3412,#3413,#3414,#3233,#3234,#3415,#3236,#3237,#3416));
#6426= IFCPROPERTYSET('1DCSePadP6gP4nfv8$J3aK',#5,'Tekla Reinforcement - End Conditions','Reinforcement Properties 2',(#3240,#3241,#3242,#3243,#3244,#3245,#3246,#3247));
#6427= IFCMAPPEDITEM(#3289,#276);
#6428= IFCSHAPEREPRESENTATION(#12,'Body','MappedRepresentation',(#6427));
#6429= IFCPRODUCTDEFINITIONSHAPE($,$,(#6428));
#6430= IFCCARTESIANPOINT((-17361.4387191213,-7084.80823894637,-230.));
#6431= IFCAXIS2PLACEMENT3D(#6430,#3196,#3132);
#6432= IFCLOCALPLACEMENT(#6373,#6431);
#6433= IFCREINFORCINGBAR('3kea3lPNf9O8_Jr7e9mL8P',#3056,'EB_WASHER',$,$,#6432,#6429,'IDeea240ef-657a-4960-8f93-d47a09c15219',$,43.,0.,$,.NOTDEFINED.,$);
#6434= IFCPROPERTYSET('3JqDcQtt13ZRC_0lVcWJJ5',#5,'Tekla Reinforcement - General','Reinforcement Properties',(#3200,#3201,#408,#3202,#3203,#3204,#3205,#3206,#3297));
#6435= IFCPROPERTYSET('1U4MsioOH5meKzRz01DEOO',#5,'Tekla Reinforcement - Bending List','Reinforcement Properties 1',(#3209,#3210,#3211,#3212,#3213,#3214,#3215,#3216,#3217,#3218,#3219,#3220,#3221,#3222,#3223,#3224,#3225,#3226,#3227,#3228,#3229,#3299,#3231,#421,#3300,#3234,#3301,#3236,#3237,#3302));
#6436= IFCPROPERTYSET('2iW05SxvHBXweI9Q0XZhb3',#5,'Tekla Reinforcement - End Conditions','Reinforcement Properties 2',(#3240,#3241,#3242,#3243,#3244,#3245,#3246,#3247));
#6437= IFCMAPPEDITEM(#3191,#276);
#6438= IFCSHAPEREPRESENTATION(#12,'Body','MappedRepresentation',(#6437));
#6439= IFCPRODUCTDEFINITIONSHAPE($,$,(#6438));
#6440= IFCCARTESIANPOINT((-17361.4387191213,-7084.80823894637,-235.));
#6441= IFCAXIS2PLACEMENT3D(#6440,#3196,#3132);
#6442= IFCLOCALPLACEMENT(#6373,#6441);
#6443= IFCREINFORCINGBAR('0HhNfvpL55sAtjG4RZOrtJ',#3056,'EB_NUT',$,$,#6442,#6439,'ID11ad7a79-cd51-45d8-aded-4046e3635dd3',$,28.,0.,$,.NOTDEFINED.,$);
#6444= IFCPROPERTYSET('1w5$UpKrT9T9hpwIUpWOw6',#5,'Tekla Reinforcement - General','Reinforcement Properties',(#3200,#3201,#408,#3202,#3203,#3204,#3205,#3206,#3207));
#6445= IFCPROPERTYSET('3cLuufWUv9Hh2qNHeEnUDa',#5,'Tekla Reinforcement - Bending List','Reinforcement Properties 1',(#3209,#3210,#3211,#3212,#3213,#3214,#3215,#3216,#3217,#3218,#3219,#3220,#3221,#3222,#3223,#3224,#3225,#3226,#3227,#3228,#3229,#3230,#3231,#3232,#3233,#3234,#3235,#3236,#3237,#3238));
#6446= IFCPROPERTYSET('3e3XFal$5C4hZrGDRXCP_W',#5,'Tekla Reinforcement - End Conditions','Reinforcement Properties 2',(#3240,#3241,#3242,#3243,#3244,#3245,#3246,#3247));
#6447= IFCLOCALPLACEMENT(#6295,#10);
#6448= IFCELEMENTASSEMBLY('3JZVdx3t1F8vv7z7smyf8W',#3056,'HPM16L',$,$,#6447,$,'EB_HPM16L-1',.NOTDEFINED.,.NOTDEFINED.);
#6449= IFCPROPERTYSET('3iFt6JMiD1$Qfg4ehRy_YE',#5,'Tekla Assembly','Assembly Properties',(#3070,#48,#3060,#3071,#3072,#52,#53,#54));
#6450= IFCPROPERTYSET('1S2VF9UAX6XQ0X71nOKDk5',#5,'AssemblyBaseQuantities',$,(#3074));
#6451= IFCSHAPEREPRESENTATION(#12,'Body','Brep',(#3127));
#6452= IFCPRODUCTDEFINITIONSHAPE($,$,(#6451));
#6453= IFCCARTESIANPOINT((-17550.7064258595,-7068.14285007735,-165.));
#6454= IFCAXIS2PLACEMENT3D(#6453,#624,#3132);
#6455= IFCLOCALPLACEMENT(#6447,#6454);
#6456= IFCBEAM('3IkmVwVBT0lglZq395Lg7f',#3056,'HPM16L','D16',$,#6455,#6452,'EB_HPM16L-1');
#6457= IFCPROPERTYSET('1tJIK$159BRO0PjHqQ96KC',#5,'Tekla Common','Common Properties to Shared building elements',(#3137,#408,#409,#410,#3138,#3139,#413));
#6458= IFCPROPERTYSET('2S5$YWMOLClOuvK863gZQA',#5,'Tekla Quantity','Quantity Properties to Shared building elements',(#3141,#3074,#3142,#1653,#3143,#766,#420,#3144));
#6459= IFCPROPERTYSET('2C50XZmCH0cBP_Jai8RlF7',#5,'BeamBaseQuantities',$,(#3141,#690,#423,#3146));
#6460= IFCPROPERTYSET('3TT4ZURfj90uJqF5MeSVr4',#5,'Pset_BeamCommon','Definition from IAI: Properties common to the definition of all occurrences of IfcBeam.',(#430,#693,#770,#431,#432,#434));
#6461= IFCMAPPEDITEM(#3191,#276);
#6462= IFCSHAPEREPRESENTATION(#12,'Body','MappedRepresentation',(#6461));
#6463= IFCPRODUCTDEFINITIONSHAPE($,$,(#6462));
#6464= IFCCARTESIANPOINT((-17550.7064258595,-7068.14285007735,-197.));
#6465= IFCAXIS2PLACEMENT3D(#6464,#3196,#3132);
#6466= IFCLOCALPLACEMENT(#6447,#6465);
#6467= IFCREINFORCINGBAR('07gDvGyej6IhB6g4ExejeG',#3056,'EB_NUT',$,$,#6466,#6463,'ID07a8de50-f28b-464a-b2c6-a843bba2da10',$,28.,0.,$,.NOTDEFINED.,$);
#6468= IFCPROPERTYSET('2ufnuvSYrBif0mDgbkBiKn',#5,'Tekla Reinforcement - General','Reinforcement Properties',(#3200,#3201,#408,#3202,#3203,#3204,#3205,#3206,#3207));
#6469= IFCPROPERTYSET('33hF7HOGX1JBEnY4Ly1TL4',#5,'Tekla Reinforcement - Bending List','Reinforcement Properties 1',(#3209,#3210,#3211,#3212,#3213,#3214,#3215,#3216,#3217,#3218,#3219,#3220,#3221,#3222,#3223,#3224,#3225,#3226,#3227,#3228,#3229,#3230,#3231,#3232,#3233,#3234,#3235,#3236,#3237,#3238));
#6470= IFCPROPERTYSET('1xvbxCK2z5GuFxR$tQ9rZ1',#5,'Tekla Reinforcement - End Conditions','Reinforcement Properties 2',(#3240,#3241,#3242,#3243,#3244,#3245,#3246,#3247));
#6471= IFCMAPPEDITEM(#3289,#276);
#6472= IFCSHAPEREPRESENTATION(#12,'Body','MappedRepresentation',(#6471));
#6473= IFCPRODUCTDEFINITIONSHAPE($,$,(#6472));
#6474= IFCCARTESIANPOINT((-17550.7064258595,-7068.14285007735,-210.));
#6475= IFCAXIS2PLACEMENT3D(#6474,#3196,#3132);
#6476= IFCLOCALPLACEMENT(#6447,#6475);
#6477= IFCREINFORCINGBAR('2CqoHGPojAx9o$Uioe4g$O',#3056,'EB_WASHER',$,$,#6476,#6473,'ID8cd32450-672b-4aec-9cbf-7acca812afd8',$,43.,0.,$,.NOTDEFINED.,$);
#6478= IFCPROPERTYSET('3OHJgMX6X5eQTB6ugfdnKl',#5,'Tekla Reinforcement - General','Reinforcement Properties',(#3200,#3201,#408,#3202,#3203,#3204,#3205,#3206,#3297));
#6479= IFCPROPERTYSET('31UtfeS5z63RapBsRPIRA_',#5,'Tekla Reinforcement - Bending List','Reinforcement Properties 1',(#3209,#3210,#3211,#3212,#3213,#3214,#3215,#3216,#3217,#3218,#3219,#3220,#3221,#3222,#3223,#3224,#3225,#3226,#3227,#3228,#3229,#3299,#3231,#421,#3300,#3234,#3301,#3236,#3237,#3302));
#6480= IFCPROPERTYSET('1MyV$uIeHB0h2dr86jAbrn',#5,'Tekla Reinforcement - End Conditions','Reinforcement Properties 2',(#3240,#3241,#3242,#3243,#3244,#3245,#3246,#3247));
#6481= IFCMAPPEDITEM(#3345,#276);
#6482= IFCSHAPEREPRESENTATION(#12,'Body','MappedRepresentation',(#6481));
#6483= IFCPRODUCTDEFINITIONSHAPE($,$,(#6482));
#6484= IFCCARTESIANPOINT((-17550.7064258595,-7068.14285007735,-305.));
#6485= IFCAXIS2PLACEMENT3D(#6484,#3196,#3132);
#6486= IFCLOCALPLACEMENT(#6447,#6485);
#6487= IFCREINFORCINGBAR('14Xa6lARb2DRl9U_iWJU2X',#3056,'EB_REBAR',$,$,#6486,#6483,'ID448641af-29b9-4235-bbc9-7beb204de0a1',$,19.,0.,$,.NOTDEFINED.,$);
#6488= IFCPROPERTYSET('0HIszHgwf2OAXjvvImI5nf',#5,'Tekla Reinforcement - General','Reinforcement Properties',(#3200,#3201,#408,#3202,#3203,#3204,#3205,#3206,#3353));
#6489= IFCPROPERTYSET('35kUTxcpr1zfiIgfj1oEL0',#5,'Tekla Reinforcement - Bending List','Reinforcement Properties 1',(#3209,#3210,#3211,#3212,#3213,#3214,#3215,#3216,#3217,#3218,#3219,#3220,#3221,#3222,#3223,#3224,#3225,#3226,#3227,#3228,#3229,#3355,#3356,#3144,#3357,#3234,#3358,#3236,#3237,#3359));
#6490= IFCPROPERTYSET('0wR4alhafFa9nAGObKXVMd',#5,'Tekla Reinforcement - End Conditions','Reinforcement Properties 2',(#3240,#3241,#3242,#3243,#3244,#3245,#3246,#3247));
#6491= IFCMAPPEDITEM(#3402,#276);
#6492= IFCSHAPEREPRESENTATION(#12,'Body','MappedRepresentation',(#6491));
#6493= IFCPRODUCTDEFINITIONSHAPE($,$,(#6492));
#6494= IFCCARTESIANPOINT((-17550.7064258595,-7068.14285007735,-433.));
#6495= IFCAXIS2PLACEMENT3D(#6494,#3196,#3132);
#6496= IFCLOCALPLACEMENT(#6447,#6495);
#6497= IFCREINFORCINGBAR('29GgIlRn13kQO$r7YBsiXV',#3056,'EB_STUD',$,$,#6496,#6493,'ID8942a4af-6f10-43b9-a63f-d4788bdac85f',$,46.,0.,$,.NOTDEFINED.,$);
#6498= IFCPROPERTYSET('37ihicwyrEVfIXx54L$xB9',#5,'Tekla Reinforcement - General','Reinforcement Properties',(#3200,#3201,#408,#3202,#3203,#3204,#3205,#3206,#3410));
#6499= IFCPROPERTYSET('3f$qkzRM9CO9GNiaIqwFf_',#5,'Tekla Reinforcement - Bending List','Reinforcement Properties 1',(#3209,#3210,#3211,#3212,#3213,#3214,#3215,#3216,#3217,#3218,#3219,#3220,#3221,#3222,#3223,#3224,#3225,#3226,#3227,#3228,#3229,#3412,#3413,#3414,#3233,#3234,#3415,#3236,#3237,#3416));
#6500= IFCPROPERTYSET('2M4QjYxJP1DvvmKytKwTlZ',#5,'Tekla Reinforcement - End Conditions','Reinforcement Properties 2',(#3240,#3241,#3242,#3243,#3244,#3245,#3246,#3247));
#6501= IFCMAPPEDITEM(#3289,#276);
#6502= IFCSHAPEREPRESENTATION(#12,'Body','MappedRepresentation',(#6501));
#6503= IFCPRODUCTDEFINITIONSHAPE($,$,(#6502));
#6504= IFCCARTESIANPOINT((-17550.7064258595,-7068.14285007735,-230.));
#6505= IFCAXIS2PLACEMENT3D(#6504,#3196,#3132);
#6506= IFCLOCALPLACEMENT(#6447,#6505);
#6507= IFCREINFORCINGBAR('2e$1O1o9v27v5ML1nSUOwM',#3056,'EB_WASHER',$,$,#6506,#6503,'IDa8fc1601-c89e-421f-9156-541c5c798e96',$,43.,0.,$,.NOTDEFINED.,$);
#6508= IFCPROPERTYSET('0dqIAWT9H8fPn1xzrL_ToD',#5,'Tekla Reinforcement - General','Reinforcement Properties',(#3200,#3201,#408,#3202,#3203,#3204,#3205,#3206,#3297));
#6509= IFCPROPERTYSET('3Ss8_3IhvFFB3XWooJlNDC',#5,'Tekla Reinforcement - Bending List','Reinforcement Properties 1',(#3209,#3210,#3211,#3212,#3213,#3214,#3215,#3216,#3217,#3218,#3219,#3220,#3221,#3222,#3223,#3224,#3225,#3226,#3227,#3228,#3229,#3299,#3231,#421,#3300,#3234,#3301,#3236,#3237,#3302));
#6510= IFCPROPERTYSET('1r3a7h6PbDGfOS$uFltMb$',#5,'Tekla Reinforcement - End Conditions','Reinforcement Properties 2',(#3240,#3241,#3242,#3243,#3244,#3245,#3246,#3247));
#6511= IFCMAPPEDITEM(#3191,#276);
#6512= IFCSHAPEREPRESENTATION(#12,'Body','MappedRepresentation',(#6511));
#6513= IFCPRODUCTDEFINITIONSHAPE($,$,(#6512));
#6514= IFCCARTESIANPOINT((-17550.7064258595,-7068.14285007735,-235.));
#6515= IFCAXIS2PLACEMENT3D(#6514,#3196,#3132);
#6516= IFCLOCALPLACEMENT(#6447,#6515);
#6517= IFCREINFORCINGBAR('2rkwTBMP9CkO32F5urznMM',#3056,'EB_NUT',$,$,#6516,#6513,'IDb5bba74b-5992-4cb9-80c2-3c5e35f71596',$,28.,0.,$,.NOTDEFINED.,$);
#6518= IFCPROPERTYSET('1FZPjHEM546h6MGBmY9MTp',#5,'Tekla Reinforcement - General','Reinforcement Properties',(#3200,#3201,#408,#3202,#3203,#3204,#3205,#3206,#3207));
#6519= IFCPROPERTYSET('1Z9NyohDz89OK3HCVPTLbn',#5,'Tekla Reinforcement - Bending List','Reinforcement Properties 1',(#3209,#3210,#3211,#3212,#3213,#3214,#3215,#3216,#3217,#3218,#3219,#3220,#3221,#3222,#3223,#3224,#3225,#3226,#3227,#3228,#3229,#3230,#3231,#3232,#3233,#3234,#3235,#3236,#3237,#3238));
#6520= IFCPROPERTYSET('2YNqmdvGfAIO_kpHNLtGLj',#5,'Tekla Reinforcement - End Conditions','Reinforcement Properties 2',(#3240,#3241,#3242,#3243,#3244,#3245,#3246,#3247));
#6521= IFCMAPPEDITEM(#3659,#3657);
#6522= IFCMAPPEDITEM(#3659,#3662);
#6523= IFCMAPPEDITEM(#3659,#3665);
#6524= IFCMAPPEDITEM(#3659,#3668);
#6525= IFCSHAPEREPRESENTATION(#12,'Body','MappedRepresentation',(#6521,#6522,#6523,#6524));
#6526= IFCPRODUCTDEFINITIONSHAPE($,$,(#6525));
#6527= IFCCARTESIANPOINT((-17442.4771236765,-6922.07294164673,-215.));
#6528= IFCAXIS2PLACEMENT3D(#6527,#635,#550);
#6529= IFCLOCALPLACEMENT(#943,#6528);
#6530= IFCMECHANICALFASTENER('1X0N1jkvj43vq1mwtUR3JY',#3056,'Bolt assembly',$,$,#6529,#6526,'ID6101706d-bb9b-440f-9d01-c3adde6c34e2',16.,15.);
#6531= IFCPROPERTYSET('074AAQWYvF7x5MXlX0h_hq',#5,'Tekla Bolt','Bolt Properties',(#3676,#289,#3677,#3678,#1128,#293,#3679,#295,#296,#1130,#298,#1131,#1132,#301,#1133,#303));
#6532= IFCSHAPEREPRESENTATION(#12,'Body','Brep',(#5664));
#6533= IFCPRODUCTDEFINITIONSHAPE($,$,(#6532));
#6534= IFCAXIS2PLACEMENT3D(#6527,#9,#549);
#6535= IFCLOCALPLACEMENT(#943,#6534);
#6536= IFCFASTENER('2KJh$4yAP2FQhmBegs0D8o',#958,'Weld',$,$,#6535,#6533,'ID944ebfc4-f0a6-423d-aaf0-2e8ab600d232');
#6537= IFCPROPERTYSET('19JZmVGlzBjgXbIpa2SwuT',#5,'Tekla Weld Common','Common weld properties',(#1310,#555,#556,#557,#558,#559,#560,#561,#562,#563,#564,#3797,#420));
#6538= IFCPROPERTYSET('1z25Rj$DfATA30lnEPuwYG',#5,'Tekla Weld Above Line','Above line weld properties',(#567,#568,#1313,#570,#571,#572,#573,#574,#575,#576,#577,#578,#3799,#3800));
#6539= IFCPROPERTYSET('2zSJNRQnz4rB7pt1bVpGb0',#5,'Tekla Weld Below Line','Below line weld properties',(#582,#583,#3802,#585,#586,#587,#588,#589,#590,#591,#592,#593,#3803,#3804));
#6540= IFCSHAPEREPRESENTATION(#12,'Body','Brep',(#3833));
#6541= IFCPRODUCTDEFINITIONSHAPE($,$,(#6540));
#6542= IFCCARTESIANPOINT((-17459.5810754094,-7116.3213775091,-222.5));
#6543= IFCAXIS2PLACEMENT3D(#6542,#549,#624);
#6544= IFCLOCALPLACEMENT(#943,#6543);
#6545= IFCBEAM('04b1qlIS1FcQqtEMD6tsao',#958,'LEHT','PL15*270',$,#6544,#6541,'ID04941d2f-49c0-4f99-ad37-396346df6932');
#6546= IFCPROPERTYSET('2onRpserv0vv0ueZftyD7$',#5,'Tekla Common','Common Properties to Shared building elements',(#407,#408,#409,#410,#3842,#3843,#413));
#6547= IFCPROPERTYSET('0AicNvMrLBdA_IWgtprSz7',#5,'Tekla Quantity','Quantity Properties to Shared building elements',(#3845,#3846,#3847,#3848,#3849,#3850,#1407,#3851));
#6548= IFCPROPERTYSET('32IvEfMv521QMi0KtfXeE7',#5,'BeamBaseQuantities',$,(#3845,#3853,#423,#3854));
#6549= IFCPROPERTYSET('352XRI$xr7uuOfFqer5MSN',#5,'Pset_BeamCommon','Definition from IAI: Properties common to the definition of all occurrences of IfcBeam.',(#430,#693,#694,#431,#432,#434));
#6550= IFCLOCALPLACEMENT(#6295,#10);
#6551= IFCELEMENTASSEMBLY('1b0Ohhy8fB5v0CMu8dYJoP',#3056,'HPM16L',$,$,#6550,$,'EB_HPM16L-1',.NOTDEFINED.,.NOTDEFINED.);
#6552= IFCPROPERTYSET('0UIzj0A3n948efDVFWTJwP',#5,'Tekla Assembly','Assembly Properties',(#3070,#48,#3060,#3071,#3072,#52,#53,#54));
#6553= IFCPROPERTYSET('3Ha9cDXRT7rh5QsHVCEQPE',#5,'AssemblyBaseQuantities',$,(#3074));
#6554= IFCSHAPEREPRESENTATION(#12,'Body','Brep',(#3127));
#6555= IFCPRODUCTDEFINITIONSHAPE($,$,(#6554));
#6556= IFCCARTESIANPOINT((-17534.0410369908,-6878.87514333945,-165.));
#6557= IFCAXIS2PLACEMENT3D(#6556,#624,#3132);
#6558= IFCLOCALPLACEMENT(#6550,#6557);
#6559= IFCBEAM('3biuRH$mj1vw9KzCih4PYg',#3056,'HPM16L','D16',$,#6558,#6555,'EB_HPM16L-1');
#6560= IFCPROPERTYSET('1_lB7CTTzBXhNKrMtyqvbF',#5,'Tekla Common','Common Properties to Shared building elements',(#3137,#408,#409,#410,#3138,#3139,#413));
#6561= IFCPROPERTYSET('0hITDP2nnCOw0yarTgJo9L',#5,'Tekla Quantity','Quantity Properties to Shared building elements',(#3141,#3074,#3142,#1653,#3143,#766,#420,#3144));
#6562= IFCPROPERTYSET('3YmsjN0BfEhuJJSEPSZE$G',#5,'BeamBaseQuantities',$,(#3141,#690,#423,#3146));
#6563= IFCPROPERTYSET('3n_gpYgdz2OPiSGwUp2I6h',#5,'Pset_BeamCommon','Definition from IAI: Properties common to the definition of all occurrences of IfcBeam.',(#430,#693,#770,#431,#432,#434));
#6564= IFCMAPPEDITEM(#3191,#276);
#6565= IFCSHAPEREPRESENTATION(#12,'Body','MappedRepresentation',(#6564));
#6566= IFCPRODUCTDEFINITIONSHAPE($,$,(#6565));
#6567= IFCCARTESIANPOINT((-17534.0410369908,-6878.87514333945,-197.));
#6568= IFCAXIS2PLACEMENT3D(#6567,#3196,#3132);
#6569= IFCLOCALPLACEMENT(#6550,#6568);
#6570= IFCREINFORCINGBAR('0gJuqUBvLBgx$rfRw3NnFc',#3056,'EB_NUT',$,$,#6569,#6566,'ID2a4f8d1e-2f95-4bab-bff5-a5be835f13e6',$,28.,0.,$,.NOTDEFINED.,$);
#6571= IFCPROPERTYSET('1I6BAUKLjCPfYItNbJzT6i',#5,'Tekla Reinforcement - General','Reinforcement Properties',(#3200,#3201,#408,#3202,#3203,#3204,#3205,#3206,#3207));
#6572= IFCPROPERTYSET('38XN2YyhPF19dgL3blrEtl',#5,'Tekla Reinforcement - Bending List','Reinforcement Properties 1',(#3209,#3210,#3211,#3212,#3213,#3214,#3215,#3216,#3217,#3218,#3219,#3220,#3221,#3222,#3223,#3224,#3225,#3226,#3227,#3228,#3229,#3230,#3231,#3232,#3233,#3234,#3235,#3236,#3237,#3238));
#6573= IFCPROPERTYSET('1d$GYy5WDFeAMOhck4zA$X',#5,'Tekla Reinforcement - End Conditions','Reinforcement Properties 2',(#3240,#3241,#3242,#3243,#3244,#3245,#3246,#3247));
#6574= IFCMAPPEDITEM(#3289,#276);
#6575= IFCSHAPEREPRESENTATION(#12,'Body','MappedRepresentation',(#6574));
#6576= IFCPRODUCTDEFINITIONSHAPE($,$,(#6575));
#6577= IFCCARTESIANPOINT((-17534.0410369908,-6878.87514333945,-210.));
#6578= IFCAXIS2PLACEMENT3D(#6577,#3196,#3132);
#6579= IFCLOCALPLACEMENT(#6550,#6578);
#6580= IFCREINFORCINGBAR('3hOvhHNhn0_fdc8vA2LdPq',#3056,'EB_WASHER',$,$,#6579,#6576,'IDeb639ad1-5ebc-40fa-99e6-239282567674',$,43.,0.,$,.NOTDEFINED.,$);
#6581= IFCPROPERTYSET('0aMvTk2nLDefYK32okg3jd',#5,'Tekla Reinforcement - General','Reinforcement Properties',(#3200,#3201,#408,#3202,#3203,#3204,#3205,#3206,#3297));
#6582= IFCPROPERTYSET('3BGothEyPDZxl_sZPedxgs',#5,'Tekla Reinforcement - Bending List','Reinforcement Properties 1',(#3209,#3210,#3211,#3212,#3213,#3214,#3215,#3216,#3217,#3218,#3219,#3220,#3221,#3222,#3223,#3224,#3225,#3226,#3227,#3228,#3229,#3299,#3231,#421,#3300,#3234,#3301,#3236,#3237,#3302));
#6583= IFCPROPERTYSET('3YiyQGmIX2kRn0_eL4SB83',#5,'Tekla Reinforcement - End Conditions','Reinforcement Properties 2',(#3240,#3241,#3242,#3243,#3244,#3245,#3246,#3247));
#6584= IFCMAPPEDITEM(#3345,#276);
#6585= IFCSHAPEREPRESENTATION(#12,'Body','MappedRepresentation',(#6584));
#6586= IFCPRODUCTDEFINITIONSHAPE($,$,(#6585));
#6587= IFCCARTESIANPOINT((-17534.0410369908,-6878.87514333945,-305.));
#6588= IFCAXIS2PLACEMENT3D(#6587,#3196,#3132);
#6589= IFCLOCALPLACEMENT(#6550,#6588);
#6590= IFCREINFORCINGBAR('3r6RdRZTXFovX3dy077B_2',#3056,'EB_REBAR',$,$,#6589,#6586,'IDf519b9db-8dd8-4fcb-9843-9fc0071cbf82',$,19.,0.,$,.NOTDEFINED.,$);
#6591= IFCPROPERTYSET('2pQBtfdcv6VudQ84VXDxHi',#5,'Tekla Reinforcement - General','Reinforcement Properties',(#3200,#3201,#408,#3202,#3203,#3204,#3205,#3206,#3353));
#6592= IFCPROPERTYSET('20ZiErJPf6vxqCqwzkeqP4',#5,'Tekla Reinforcement - Bending List','Reinforcement Properties 1',(#3209,#3210,#3211,#3212,#3213,#3214,#3215,#3216,#3217,#3218,#3219,#3220,#3221,#3222,#3223,#3224,#3225,#3226,#3227,#3228,#3229,#3355,#3356,#3144,#3357,#3234,#3358,#3236,#3237,#3359));
#6593= IFCPROPERTYSET('06NUnboFTEsgxa9C$ANa9C',#5,'Tekla Reinforcement - End Conditions','Reinforcement Properties 2',(#3240,#3241,#3242,#3243,#3244,#3245,#3246,#3247));
#6594= IFCMAPPEDITEM(#3402,#276);
#6595= IFCSHAPEREPRESENTATION(#12,'Body','MappedRepresentation',(#6594));
#6596= IFCPRODUCTDEFINITIONSHAPE($,$,(#6595));
#6597= IFCCARTESIANPOINT((-17534.0410369908,-6878.87514333945,-433.));
#6598= IFCAXIS2PLACEMENT3D(#6597,#3196,#3132);
#6599= IFCLOCALPLACEMENT(#6550,#6598);
#6600= IFCREINFORCINGBAR('0IZVbMaj90axuSvEwBC2At',#3056,'EB_STUD',$,$,#6599,#6596,'ID128df956-92d2-4093-be1c-e4ee8b3022b7',$,46.,0.,$,.NOTDEFINED.,$);
#6601= IFCPROPERTYSET('2wI0G87RT8bAuzVbFq0rYt',#5,'Tekla Reinforcement - General','Reinforcement Properties',(#3200,#3201,#408,#3202,#3203,#3204,#3205,#3206,#3410));
#6602= IFCPROPERTYSET('3Cka6QIdbFfuMU_Rr_hx1z',#5,'Tekla Reinforcement - Bending List','Reinforcement Properties 1',(#3209,#3210,#3211,#3212,#3213,#3214,#3215,#3216,#3217,#3218,#3219,#3220,#3221,#3222,#3223,#3224,#3225,#3226,#3227,#3228,#3229,#3412,#3413,#3414,#3233,#3234,#3415,#3236,#3237,#3416));
#6603= IFCPROPERTYSET('2jSXtcYjb0cBHvrJKX27wr',#5,'Tekla Reinforcement - End Conditions','Reinforcement Properties 2',(#3240,#3241,#3242,#3243,#3244,#3245,#3246,#3247));
#6604= IFCMAPPEDITEM(#3289,#276);
#6605= IFCSHAPEREPRESENTATION(#12,'Body','MappedRepresentation',(#6604));
#6606= IFCPRODUCTDEFINITIONSHAPE($,$,(#6605));
#6607= IFCCARTESIANPOINT((-17534.0410369908,-6878.87514333945,-230.));
#6608= IFCAXIS2PLACEMENT3D(#6607,#3196,#3132);
#6609= IFCLOCALPLACEMENT(#6550,#6608);
#6610= IFCREINFORCINGBAR('2yLwA6F_v8S8mmSrhqfA8G',#3056,'EB_WASHER',$,$,#6609,#6606,'IDbc57a286-3fee-4870-8c30-735af4a4a210',$,43.,0.,$,.NOTDEFINED.,$);
#6611= IFCPROPERTYSET('2OdV1vScPBMvEJYAlUZZ$R',#5,'Tekla Reinforcement - General','Reinforcement Properties',(#3200,#3201,#408,#3202,#3203,#3204,#3205,#3206,#3297));
#6612= IFCPROPERTYSET('3ZsjWi9Wf6gQ$3NIOTvSbe',#5,'Tekla Reinforcement - Bending List','Reinforcement Properties 1',(#3209,#3210,#3211,#3212,#3213,#3214,#3215,#3216,#3217,#3218,#3219,#3220,#3221,#3222,#3223,#3224,#3225,#3226,#3227,#3228,#3229,#3299,#3231,#421,#3300,#3234,#3301,#3236,#3237,#3302));
#6613= IFCPROPERTYSET('37jB7TDJ92DA6xYATzYBke',#5,'Tekla Reinforcement - End Conditions','Reinforcement Properties 2',(#3240,#3241,#3242,#3243,#3244,#3245,#3246,#3247));
#6614= IFCMAPPEDITEM(#3191,#276);
#6615= IFCSHAPEREPRESENTATION(#12,'Body','MappedRepresentation',(#6614));
#6616= IFCPRODUCTDEFINITIONSHAPE($,$,(#6615));
#6617= IFCCARTESIANPOINT((-17534.0410369908,-6878.87514333945,-235.));
#6618= IFCAXIS2PLACEMENT3D(#6617,#3196,#3132);
#6619= IFCLOCALPLACEMENT(#6550,#6618);
#6620= IFCREINFORCINGBAR('0hkOc2TyfD$9FWxgCP78yz',#3056,'EB_NUT',$,$,#6619,#6616,'ID2bb98982-77ca-4dfc-93e0-eea3191c8f3d',$,28.,0.,$,.NOTDEFINED.,$);
#6621= IFCPROPERTYSET('02t1PApj5F7PtETSVcRj0o',#5,'Tekla Reinforcement - General','Reinforcement Properties',(#3200,#3201,#408,#3202,#3203,#3204,#3205,#3206,#3207));
#6622= IFCPROPERTYSET('2xjzsLe2151QQKlsN0jRZp',#5,'Tekla Reinforcement - Bending List','Reinforcement Properties 1',(#3209,#3210,#3211,#3212,#3213,#3214,#3215,#3216,#3217,#3218,#3219,#3220,#3221,#3222,#3223,#3224,#3225,#3226,#3227,#3228,#3229,#3230,#3231,#3232,#3233,#3234,#3235,#3236,#3237,#3238));
#6623= IFCPROPERTYSET('0x3rpkc458yf_DAEWUKH13',#5,'Tekla Reinforcement - End Conditions','Reinforcement Properties 2',(#3240,#3241,#3242,#3243,#3244,#3245,#3246,#3247));
#6624= IFCSHAPEREPRESENTATION(#12,'Body','Brep',(#3960));
#6625= IFCPRODUCTDEFINITIONSHAPE($,$,(#6624));
#6626= IFCCARTESIANPOINT((-17447.7398780561,-6981.8416911428,-800.));
#6627= IFCAXIS2PLACEMENT3D(#6626,#550,#9);
#6628= IFCLOCALPLACEMENT(#6295,#6627);
#6629= IFCCOLUMN('1p5qrw3WL1e9pjWyVZiSK2',#3056,'POSTI VUNDAMENT','340*340',$,#6628,#6625,'ID73174d7a-0e05-41a0-9ced-83c7e3b1c502');
#6630= IFCPROPERTYSET('1IjeE1d3v9ZerzJwxQH9P5',#5,'Tekla Common','Common Properties to Shared building elements',(#3969,#3970,#409,#410,#3971,#3972,#413));
#6631= IFCPROPERTYSET('2HkpjrLVn7WuvuFq8of1g$',#5,'Tekla Quantity','Quantity Properties to Shared building elements',(#3974,#3975,#3976,#3977,#3978,#3979,#3980,#3981));
#6632= IFCPROPERTYSET('1PwaOrNBX2thiL_fduBvgb',#5,'ColumnBaseQuantities',$,(#3974,#3983,#3984,#3985));
#6633= IFCPROPERTYSET('0LGExWzkz8yeenfYppI$KQ',#5,'Pset_ColumnCommon','Definition from IAI: Properties common to the definition of all occurrences of IfcColumn.',(#430,#770,#431,#432,#434));
#6634= IFCMAPPEDITEM(#4515,#4513);
#6635= IFCMAPPEDITEM(#4515,#4518);
#6636= IFCMAPPEDITEM(#4515,#4521);
#6637= IFCMAPPEDITEM(#4515,#4524);
#6638= IFCMAPPEDITEM(#4515,#4527);
#6639= IFCMAPPEDITEM(#4515,#4530);
#6640= IFCMAPPEDITEM(#4515,#4533);
#6641= IFCMAPPEDITEM(#4515,#4536);
#6642= IFCSHAPEREPRESENTATION(#12,'Body','MappedRepresentation',(#6634,#6635,#6636,#6637,#6638,#6639,#6640,#6641));
#6643= IFCPRODUCTDEFINITIONSHAPE($,$,(#6642));
#6644= IFCCARTESIANPOINT((-18480.5361082903,-6740.32161575784,-880.000000000002));
#6645= IFCAXIS2PLACEMENT3D(#6644,#550,#635);
#6646= IFCLOCALPLACEMENT(#6295,#6645);
#6647= IFCREINFORCINGBAR('36WTU$s0f6C9l927gkN89e',#3056,'STIRRUP',$,$,#6646,#6643,'IDc681d7bf-d80a-4630-9bc9-087aae5c8268',$,8.,0.,$,.NOTDEFINED.,$);
#6648= IFCPROPERTYSET('22fAypIsn9PQe1NmNJseck',#5,'Tekla Reinforcement - General','Reinforcement Properties',(#3200,#3201,#3970,#4544,#4545,#4546,#3205,#3206,#4547));
#6649= IFCPROPERTYSET('0MDipvQNX2ufpIR$nDAjLu',#5,'Tekla Reinforcement - Bending List','Reinforcement Properties 1',(#4549,#3210,#3211,#3212,#3213,#3214,#3215,#4550,#3217,#3218,#3219,#3220,#3221,#3222,#3223,#3224,#3225,#3226,#3227,#4551,#4552,#4553,#4554,#4555,#4556,#4557,#4558,#4559,#4560,#4561));
#6650= IFCPROPERTYSET('3leGh_F6j76Qcuc$v8esbh',#5,'Tekla Reinforcement - End Conditions','Reinforcement Properties 2',(#3240,#3241,#3242,#3243,#3244,#3245,#3246,#3247));
#6651= IFCSHAPEREPRESENTATION(#12,'Body','Brep',(#4592));
#6652= IFCPRODUCTDEFINITIONSHAPE($,$,(#6651));
#6653= IFCCARTESIANPOINT((-17447.7398780561,-6981.84169114279,-1100.));
#6654= IFCAXIS2PLACEMENT3D(#6653,#550,#9);
#6655= IFCLOCALPLACEMENT(#6295,#6654);
#6656= IFCFOOTING('2eXBsKgrDFZRSS4iz8t97L',#3056,'POSTI VUNDAMENT','800*800',$,#6655,#6652,'IDa884bd94-ab53-4f8d-b71c-12cf48dc91d5',.NOTDEFINED.);
#6657= IFCPROPERTYSET('0o3k1w$7PFLQVP4ikiiJJ2',#5,'Tekla Common','Common Properties to Shared building elements',(#3969,#3970,#409,#410,#4600,#4601,#413));
#6658= IFCPROPERTYSET('1WE5WLpCr9LgLAZp6SNI65',#5,'Tekla Quantity','Quantity Properties to Shared building elements',(#1361,#3066,#4603,#4604,#4605,#4606,#4607,#4608));
#6659= IFCPROPERTYSET('1QcAcxLxn2yPG8pcWkFTzf',#5,'FootingBaseQuantities',$,(#1361,#4610,#4611,#4612,#4613,#4614,#4615,#4616));
#6660= IFCMAPPEDITEM(#4758,#4756);
#6661= IFCSHAPEREPRESENTATION(#12,'Body','MappedRepresentation',(#6660));
#6662= IFCPRODUCTDEFINITIONSHAPE($,$,(#6661));
#6663= IFCCARTESIANPOINT((-17319.8990537287,-6874.69221848447,-1028.));
#6664= IFCAXIS2PLACEMENT3D(#6663,#9,#635);
#6665= IFCLOCALPLACEMENT(#6295,#6664);
#6666= IFCREINFORCINGBAR('3BEGwv645B8vMiZvQVJqeH',#3056,'REBAR',$,$,#6665,#6662,'IDcb390eb9-1841-4b23-95ac-8f969f4f4a11',$,14.,0.,$,.NOTDEFINED.,$);
#6667= IFCPROPERTYSET('3imugLppnCyQbyxoQ8e2ST',#5,'Tekla Reinforcement - General','Reinforcement Properties',(#3200,#3201,#3970,#4544,#3203,#3204,#3205,#3206,#4766));
#6668= IFCPROPERTYSET('3oI3Kqk415rhLTBiReCnEr',#5,'Tekla Reinforcement - Bending List','Reinforcement Properties 1',(#4768,#3210,#4769,#3212,#3213,#3214,#3215,#4770,#3217,#3218,#3219,#3220,#3221,#3222,#3223,#3224,#3225,#3226,#3227,#3228,#4771,#4772,#4773,#4774,#4775,#4776,#4777,#4559,#3237,#4778));
#6669= IFCPROPERTYSET('3tI$bgIJT4Awl84EYaZ4iz',#5,'Tekla Reinforcement - End Conditions','Reinforcement Properties 2',(#3240,#3241,#3242,#3243,#3244,#3245,#3246,#3247));
#6670= IFCMAPPEDITEM(#4758,#4756);
#6671= IFCSHAPEREPRESENTATION(#12,'Body','MappedRepresentation',(#6670));
#6672= IFCPRODUCTDEFINITIONSHAPE($,$,(#6671));
#6673= IFCCARTESIANPOINT((-17554.8893507145,-6854.00086681536,-1028.));
#6674= IFCAXIS2PLACEMENT3D(#6673,#9,#549);
#6675= IFCLOCALPLACEMENT(#6295,#6674);
#6676= IFCREINFORCINGBAR('1oYX5zpF9CCeY0FX$fiOaT',#3056,'REBAR',$,$,#6675,#6672,'ID728a117d-ccf2-4c32-8880-3e1fe9b1891d',$,14.,0.,$,.NOTDEFINED.,$);
#6677= IFCPROPERTYSET('3BNEC0NiD3gAFmHoaRa2wS',#5,'Tekla Reinforcement - General','Reinforcement Properties',(#3200,#3201,#3970,#4544,#3203,#3204,#3205,#3206,#4766));
#6678= IFCPROPERTYSET('2tRznQzPT8EwVKTcXu0Iup',#5,'Tekla Reinforcement - Bending List','Reinforcement Properties 1',(#4768,#3210,#4769,#3212,#3213,#3214,#3215,#4770,#3217,#3218,#3219,#3220,#3221,#3222,#3223,#3224,#3225,#3226,#3227,#3228,#4771,#4772,#4773,#4774,#4775,#4776,#4777,#4559,#3237,#4778));
#6679= IFCPROPERTYSET('0wCmkcrsrC_B4w_10EbSjg',#5,'Tekla Reinforcement - End Conditions','Reinforcement Properties 2',(#3240,#3241,#3242,#3243,#3244,#3245,#3246,#3247));
#6680= IFCMAPPEDITEM(#4758,#4756);
#6681= IFCSHAPEREPRESENTATION(#12,'Body','MappedRepresentation',(#6680));
#6682= IFCPRODUCTDEFINITIONSHAPE($,$,(#6681));
#6683= IFCCARTESIANPOINT((-17575.5807023834,-7088.99116380112,-1028.));
#6684= IFCAXIS2PLACEMENT3D(#6683,#9,#549);
#6685= IFCLOCALPLACEMENT(#6295,#6684);
#6686= IFCREINFORCINGBAR('3kI2aQ8Ur5L944aWCSukDF',#3056,'REBAR',$,$,#6685,#6682,'IDee48291a-21ed-4554-9104-92031ce2e34f',$,14.,0.,$,.NOTDEFINED.,$);
#6687= IFCPROPERTYSET('2aARZb0Ir0xv9RZ5SKt4yG',#5,'Tekla Reinforcement - General','Reinforcement Properties',(#3200,#3201,#3970,#4544,#3203,#3204,#3205,#3206,#4766));
#6688= IFCPROPERTYSET('2MapTGJ9DAoQH41iLv4MRx',#5,'Tekla Reinforcement - Bending List','Reinforcement Properties 1',(#4768,#3210,#4769,#3212,#3213,#3214,#3215,#4770,#3217,#3218,#3219,#3220,#3221,#3222,#3223,#3224,#3225,#3226,#3227,#3228,#4771,#4772,#4773,#4774,#4775,#4776,#4777,#4559,#3237,#4778));
#6689= IFCPROPERTYSET('33BHX0Jxb7iBNcjg3ZIWds',#5,'Tekla Reinforcement - End Conditions','Reinforcement Properties 2',(#3240,#3241,#3242,#3243,#3244,#3245,#3246,#3247));
#6690= IFCMAPPEDITEM(#4758,#4756);
#6691= IFCSHAPEREPRESENTATION(#12,'Body','MappedRepresentation',(#6690));
#6692= IFCPRODUCTDEFINITIONSHAPE($,$,(#6691));
#6693= IFCCARTESIANPOINT((-17340.5904053976,-7109.68251547024,-1028.));
#6694= IFCAXIS2PLACEMENT3D(#6693,#9,#635);
#6695= IFCLOCALPLACEMENT(#6295,#6694);
#6696= IFCREINFORCINGBAR('1DJkB0HTn9lfpLhtkEjLOm',#3056,'REBAR',$,$,#6695,#6692,'ID4d4ee2c0-45dc-49be-9cd5-af7b8eb55630',$,14.,0.,$,.NOTDEFINED.,$);
#6697= IFCPROPERTYSET('0g0r$LtHv6zOFzt38EVqJC',#5,'Tekla Reinforcement - General','Reinforcement Properties',(#3200,#3201,#3970,#4544,#3203,#3204,#3205,#3206,#4766));
#6698= IFCPROPERTYSET('2zIhYUFsfEfwOIs0T9hb2v',#5,'Tekla Reinforcement - Bending List','Reinforcement Properties 1',(#4768,#3210,#4769,#3212,#3213,#3214,#3215,#4770,#3217,#3218,#3219,#3220,#3221,#3222,#3223,#3224,#3225,#3226,#3227,#3228,#4771,#4772,#4773,#4774,#4775,#4776,#4777,#4559,#3237,#4778));
#6699= IFCPROPERTYSET('2iGOerBADDWemiyRKSEY6i',#5,'Tekla Reinforcement - End Conditions','Reinforcement Properties 2',(#3240,#3241,#3242,#3243,#3244,#3245,#3246,#3247));
#6700= IFCMAPPEDITEM(#5036,#5034);
#6701= IFCMAPPEDITEM(#5036,#5039);
#6702= IFCMAPPEDITEM(#5036,#5042);
#6703= IFCMAPPEDITEM(#5036,#5045);
#6704= IFCMAPPEDITEM(#5036,#5048);
#6705= IFCSHAPEREPRESENTATION(#12,'Body','MappedRepresentation',(#6700,#6701,#6702,#6703,#6704));
#6706= IFCPRODUCTDEFINITIONSHAPE($,$,(#6705));
#6707= IFCCARTESIANPOINT((-17835.7611845155,-7307.06079533799,-1043.));
#6708= IFCAXIS2PLACEMENT3D(#6707,#9,#635);
#6709= IFCLOCALPLACEMENT(#6295,#6708);
#6710= IFCREINFORCINGBAR('16E07dH5v4IeltCaDWByK_',#3056,'BOTTOM_BAR',$,$,#6709,#6706,'ID463801e7-445e-444a-8bf7-3243602fc53e',$,14.,0.,$,.NOTDEFINED.,$);
#6711= IFCPROPERTYSET('319XbGVgD7twYtlW3f7KHZ',#5,'Tekla Reinforcement - General','Reinforcement Properties',(#3200,#3201,#3970,#4544,#5056,#5057,#3205,#3206,#5058));
#6712= IFCPROPERTYSET('3h3HhF50vDhwBfbxyFSSnS',#5,'Tekla Reinforcement - Bending List','Reinforcement Properties 1',(#4768,#3210,#3211,#3212,#3213,#3214,#3215,#4770,#3217,#3218,#3219,#3220,#3221,#3222,#3223,#3224,#3225,#3226,#3227,#5060,#5061,#5062,#5063,#5064,#5065,#5066,#4777,#4559,#5067,#5068));
#6713= IFCPROPERTYSET('3yxLFhCC1CNRr$EE56uk16',#5,'Tekla Reinforcement - End Conditions','Reinforcement Properties 2',(#3240,#3241,#3242,#3243,#3244,#3245,#3246,#3247));
#6714= IFCMAPPEDITEM(#5291,#5289);
#6715= IFCMAPPEDITEM(#5291,#5294);
#6716= IFCMAPPEDITEM(#5291,#5297);
#6717= IFCMAPPEDITEM(#5291,#5300);
#6718= IFCSHAPEREPRESENTATION(#12,'Body','MappedRepresentation',(#6714,#6715,#6716,#6717));
#6719= IFCPRODUCTDEFINITIONSHAPE($,$,(#6718));
#6720= IFCCARTESIANPOINT((-17779.977018319,-7311.9726994257,-1029.));
#6721= IFCAXIS2PLACEMENT3D(#6720,#9,#624);
#6722= IFCLOCALPLACEMENT(#6295,#6721);
#6723= IFCREINFORCINGBAR('16jJaFSu16eRFPk4c6vtGi',#3056,'BOTTOM_BAR',$,$,#6722,#6719,'ID46b5390f-7380-46a1-b3d9-b84986e7742c',$,14.,0.,$,.NOTDEFINED.,$);
#6724= IFCPROPERTYSET('1gPGs7JanD9gSIudgfSyFL',#5,'Tekla Reinforcement - General','Reinforcement Properties',(#3200,#3201,#3970,#4544,#5308,#5057,#3205,#3206,#5058));
#6725= IFCPROPERTYSET('2HpUPZ5hn5ZQ41idSJjFHg',#5,'Tekla Reinforcement - Bending List','Reinforcement Properties 1',(#4768,#3210,#3211,#3212,#3213,#3214,#3215,#4770,#3217,#3218,#3219,#3220,#3221,#3222,#3223,#3224,#3225,#3226,#3227,#5310,#5061,#5311,#5312,#5313,#5314,#5066,#4777,#4559,#5315,#5316));
#6726= IFCPROPERTYSET('2M76aQkun52RGCrgmjtKJi',#5,'Tekla Reinforcement - End Conditions','Reinforcement Properties 2',(#3240,#3241,#3242,#3243,#3244,#3245,#3246,#3247));
#6727= IFCLOCALPLACEMENT(#42,#10);
#6728= IFCELEMENTASSEMBLY('3Il7YekJL1rwwzEj3BxhOv',#957,'PRUSS',$,$,#6727,$,'S-1',.NOTDEFINED.,.NOTDEFINED.);
#6729= IFCPROPERTYSET('0eLk0Y6dT5MAFaGS4shTsL',#5,'Tekla Assembly','Assembly Properties',(#2505,#48,#2506,#2408,#2507,#52,#53,#54));
#6730= IFCPROPERTYSET('3jjPqC145DAv0SdMti5VaA',#5,'AssemblyBaseQuantities',$,(#2411));
#6731= IFCSHAPEREPRESENTATION(#12,'Body','Brep',(#2916));
#6732= IFCPRODUCTDEFINITIONSHAPE($,$,(#6731));
#6733= IFCCARTESIANPOINT((-14083.0255337877,-2190.03827316187,2653.74503568197));
#6734= IFCAXIS2PLACEMENT3D(#6733,#2449,#1466);
#6735= IFCLOCALPLACEMENT(#6727,#6734);
#6736= IFCBEAM('0z9i69EbLEUPu1OUOuWK2a',#957,'PRUSS','45*145',$,#6735,#6732,'P-31');
#6737= IFCPROPERTYSET('0xgnK1HV1EieoBH8cqy7A5',#5,'Tekla Common','Common Properties to Shared building elements',(#2454,#408,#409,#410,#2545,#2456,#413));
#6738= IFCPROPERTYSET('13eivNYkj5kvSRRDAtsexD',#5,'Tekla Quantity','Quantity Properties to Shared building elements',(#2547,#2411,#1652,#2548,#2549,#766,#2550,#2551));
#6739= IFCPROPERTYSET('3sLtbyCbj7ahHiSyecYHjP',#5,'BeamBaseQuantities',$,(#2547,#2553,#423,#2554));
#6740= IFCPROPERTYSET('2G9FlEgTzDJf1qAWgwRJmg',#5,'Pset_BeamCommon','Definition from IAI: Properties common to the definition of all occurrences of IfcBeam.',(#430,#693,#2467,#431,#432,#434));
#6741= IFCLOCALPLACEMENT(#42,#10);
#6742= IFCELEMENTASSEMBLY('1cF6tUJZb9DBORFZ8a0z88',#957,'LPT',$,$,#6741,$,'LPT-2',.NOTDEFINED.,.NOTDEFINED.);
#6743= IFCPROPERTYSINGLEVALUE('Assembly/Cast unit Mark',$,IFCLABEL('LPT-2'),$);
#6744= IFCPROPERTYSINGLEVALUE('Assembly/Cast unit top elevation',$,IFCLABEL(' +2.728'),$);
#6745= IFCPROPERTYSINGLEVALUE('Assembly/Cast unit bottom elevation',$,IFCLABEL(' +2.400'),$);
#6746= IFCPROPERTYSINGLEVALUE('Assembly/Cast unit weight',$,IFCMASSMEASURE(76.1),$);
#6747= IFCPROPERTYSET('2yFEsneNP7URtqJhbgw1a_',#5,'Tekla Assembly','Assembly Properties',(#6743,#48,#6744,#6745,#6746,#52,#53,#54));
#6748= IFCPROPERTYSINGLEVALUE('Width',$,IFCLENGTHMEASURE(280.),$);
#6749= IFCPROPERTYSET('3XjwevI4D5nOC$uKpFJsFe',#5,'AssemblyBaseQuantities',$,(#6748));
#6750= IFCCOLOURRGB('Light Yellow',1.,0.898039215686275,0.);
#6751= IFCSURFACESTYLERENDERING(#6750,0.,$,$,$,$,IFCNORMALISEDRATIOMEASURE(0.00390625),IFCSPECULAREXPONENT(10.),.NOTDEFINED.);
#6752= IFCSURFACESTYLE('TIMBER/GL28',.POSITIVE.,(#6751));
#6753= IFCPRESENTATIONSTYLEASSIGNMENT((#6752));
#6754= IFCCARTESIANPOINT((77.5760750525897,140.000000000025,-70.0000000000564));
#6755= IFCCARTESIANPOINT((172.82434190224,140.000000000016,69.9999999999945));
#6756= IFCCARTESIANPOINT((3258.1897810084,140.000000000615,70.0000000006507));
#6757= IFCCARTESIANPOINT((3463.93851376697,140.000000000682,-69.9999999993361));
#6758= IFCPOLYLOOP((#6754,#6755,#6756,#6757));
#6759= IFCFACEOUTERBOUND(#6758,.T.);
#6760= IFCFACE((#6759));
#6761= IFCCARTESIANPOINT((172.824341902407,-139.999999999976,70.0000000001091));
#6762= IFCCARTESIANPOINT((3258.18978100856,-139.999999999377,70.0000000007662));
#6763= IFCPOLYLOOP((#6755,#6761,#6762,#6756));
#6764= IFCFACEOUTERBOUND(#6763,.T.);
#6765= IFCFACE((#6764));
#6766= IFCCARTESIANPOINT((77.5760750527588,-139.999999999967,-69.9999999999404));
#6767= IFCCARTESIANPOINT((3463.93851376714,-139.99999999931,-69.9999999992201));
#6768= IFCPOLYLOOP((#6761,#6766,#6767,#6762));
#6769= IFCFACEOUTERBOUND(#6768,.T.);
#6770= IFCFACE((#6769));
#6771= IFCPOLYLOOP((#6766,#6754,#6757,#6767));
#6772= IFCFACEOUTERBOUND(#6771,.T.);
#6773= IFCFACE((#6772));
#6774= IFCPOLYLOOP((#6762,#6767,#6757,#6756));
#6775= IFCFACEOUTERBOUND(#6774,.T.);
#6776= IFCFACE((#6775));
#6777= IFCPOLYLOOP((#6766,#6761,#6755,#6754));
#6778= IFCFACEOUTERBOUND(#6777,.T.);
#6779= IFCFACE((#6778));
#6780= IFCCLOSEDSHELL((#6760,#6765,#6770,#6773,#6776,#6779));
#6781= IFCFACETEDBREP(#6780);
#6782= IFCSTYLEDITEM(#6781,(#6753),$);
#6783= IFCSHAPEREPRESENTATION(#12,'Body','Brep',(#6781));
#6784= IFCPRODUCTDEFINITIONSHAPE($,$,(#6783));
#6785= IFCCARTESIANPOINT((-14328.2615644253,-7169.63112747742,2589.20109562183));
#6786= IFCDIRECTION((-0.284004567482543,0.958806270219245,-0.0056517110076984));
#6787= IFCDIRECTION((-0.958700237197069,-0.28405758605839,-0.0143228140029442));
#6788= IFCAXIS2PLACEMENT3D(#6785,#6786,#6787);
#6789= IFCLOCALPLACEMENT(#6741,#6788);
#6790= IFCBEAM('0OdAO0ns1AQAd_MgtbmoWI',#957,'LPT','140*280',$,#6789,#6784,'P-30');
#6791= IFCBEAMTYPE('1H$RJ8ovT6$ukRDnuBF5NW',#5,'140*280',$,$,$,$,$,$,.NOTDEFINED.);
#6792= IFCPROPERTYSINGLEVALUE('Class',$,IFCLABEL('6'),$);
#6793= IFCPROPERTYSINGLEVALUE('Top elevation',$,IFCLABEL(' +2.728'),$);
#6794= IFCPROPERTYSET('3xdI6uFIL2f9TDf9moJ2Ca',#5,'Tekla Common','Common Properties to Shared building elements',(#6792,#408,#409,#410,#6793,#759,#413));
#6795= IFCPROPERTYSINGLEVALUE('Length',$,IFCLENGTHMEASURE(3386.4),$);
#6796= IFCPROPERTYSINGLEVALUE('Height',$,IFCLENGTHMEASURE(140.),$);
#6797= IFCPROPERTYSINGLEVALUE('Net surface area',$,IFCAREAMEASURE(2.835),$);
#6798= IFCPROPERTYSINGLEVALUE('Area per tons',$,IFCAREAMEASURE(37.253),$);
#6799= IFCPROPERTYSINGLEVALUE('Volume',$,IFCVOLUMEMEASURE(0.127),$);
#6800= IFCPROPERTYSINGLEVALUE('Weight',$,IFCMASSMEASURE(76.11),$);
#6801= IFCPROPERTYSET('2JvKhGR6b3shpvGLIh3rUR',#5,'Tekla Quantity','Quantity Properties to Shared building elements',(#6795,#6748,#6796,#6797,#6798,#766,#6799,#6800));
#6802= IFCPROPERTYSINGLEVALUE('OuterSurfaceArea',$,IFCAREAMEASURE(2.8),$);
#6803= IFCPROPERTYSINGLEVALUE('NetWeight',$,IFCMASSMEASURE(76.1),$);
#6804= IFCPROPERTYSET('2SfGkQ2915FRRCohb9LgO_',#5,'BeamBaseQuantities',$,(#6795,#6802,#3984,#6803));
#6805= IFCPROPERTYSINGLEVALUE('Slope',$,IFCPLANEANGLEMEASURE(0.01432),$);
#6806= IFCPROPERTYSET('3PQarTVSf53whQ1ctgcJP_',#5,'Pset_BeamCommon','Definition from IAI: Properties common to the definition of all occurrences of IfcBeam.',(#430,#693,#6805,#431,#432,#434));
#6807= IFCMATERIAL('TIMBER/GL28');
#6808= IFCLOCALPLACEMENT(#42,#10);
#6809= IFCELEMENTASSEMBLY('2KuSsk$_bCeA90qgcxSLS1',#959,'LPT',$,$,#6808,$,'LPT-1',.NOTDEFINED.,.NOTDEFINED.);
#6810= IFCPROPERTYSINGLEVALUE('Assembly/Cast unit Mark',$,IFCLABEL('LPT-1'),$);
#6811= IFCPROPERTYSINGLEVALUE('Assembly/Cast unit bottom elevation',$,IFCLABEL(' +2.446'),$);
#6812= IFCPROPERTYSINGLEVALUE('Assembly/Cast unit weight',$,IFCMASSMEASURE(128.9),$);
#6813= IFCPROPERTYSET('3fPYMGaO561g7GkSQHQXeU',#5,'Tekla Assembly','Assembly Properties',(#6810,#48,#6744,#6811,#6812,#52,#53,#54));
#6814= IFCPROPERTYSET('3_p7kvWWL6BxfBAU0R$Y3o',#5,'AssemblyBaseQuantities',$,(#6748));
#6815= IFCCARTESIANPOINT((4400.98188875577,-139.999999999332,-6.69696004977413));
#6816= IFCCARTESIANPOINT((4400.9818887559,140.000000000685,-6.69696004934485));
#6817= IFCCARTESIANPOINT((4397.188365608,140.000000000685,-12.3743686539037));
#6818= IFCCARTESIANPOINT((4397.18836560787,-139.999999999332,-12.3743686543366));
#6819= IFCPOLYLOOP((#6815,#6816,#6817,#6818));
#6820= IFCFACEOUTERBOUND(#6819,.T.);
#6821= IFCFACE((#6820));
#6822= IFCCARTESIANPOINT((4391.51095700381,140.000000000685,-16.1678918023699));
#6823= IFCCARTESIANPOINT((4391.51095700369,-139.999999999332,-16.1678918028028));
#6824= IFCPOLYLOOP((#6818,#6817,#6822,#6823));
#6825= IFCFACEOUTERBOUND(#6824,.T.);
#6826= IFCFACE((#6825));
#6827= IFCCARTESIANPOINT((4384.81399693748,140.000000000684,-17.4999999837564));
#6828= IFCCARTESIANPOINT((4384.81399693736,-139.999999999333,-17.4999999841875));
#6829= IFCPOLYLOOP((#6823,#6822,#6827,#6828));
#6830= IFCFACEOUTERBOUND(#6829,.T.);
#6831= IFCFACE((#6830));
#6832= IFCCARTESIANPOINT((4378.11703687103,140.000000000683,-16.1678918030411));
#6833= IFCCARTESIANPOINT((4378.1170368709,-139.999999999334,-16.1678918034722));
#6834= IFCPOLYLOOP((#6828,#6827,#6832,#6833));
#6835= IFCFACEOUTERBOUND(#6834,.T.);
#6836= IFCFACE((#6835));
#6837= IFCCARTESIANPOINT((4372.43962826646,140.000000000682,-12.3743686551497));
#6838= IFCCARTESIANPOINT((4372.43962826634,-139.999999999336,-12.3743686555827));
#6839= IFCPOLYLOOP((#6833,#6832,#6837,#6838));
#6840= IFCFACEOUTERBOUND(#6839,.T.);
#6841= IFCFACE((#6840));
#6842= IFCCARTESIANPOINT((4368.646105118,140.00000000068,-6.69696005097285));
#6843= IFCCARTESIANPOINT((4368.64610511787,-139.999999999337,-6.69696005140395));
#6844= IFCPOLYLOOP((#6838,#6837,#6842,#6843));
#6845= IFCFACEOUTERBOUND(#6844,.T.);
#6846= IFCFACE((#6845));
#6847= IFCCARTESIANPOINT((4367.3139969366,140.000000000678,1.5352270565927E-08));
#6848= IFCCARTESIANPOINT((4367.31399693648,-139.999999999338,1.49229890666902E-08));
#6849= IFCPOLYLOOP((#6843,#6842,#6847,#6848));
#6850= IFCFACEOUTERBOUND(#6849,.T.);
#6851= IFCFACE((#6850));
#6852= IFCCARTESIANPOINT((4368.64610511732,140.000000000677,6.69696008180472));
#6853= IFCCARTESIANPOINT((4368.64610511719,-139.999999999339,6.6969600813718));
#6854= IFCPOLYLOOP((#6848,#6847,#6852,#6853));
#6855= IFCFACEOUTERBOUND(#6854,.T.);
#6856= IFCFACE((#6855));
#6857= IFCCARTESIANPOINT((4372.43962826522,140.000000000677,12.3743686863654));
#6858= IFCCARTESIANPOINT((4372.43962826509,-139.999999999339,12.3743686859343));
#6859= IFCPOLYLOOP((#6853,#6852,#6857,#6858));
#6860= IFCFACEOUTERBOUND(#6859,.T.);
#6861= IFCFACE((#6860));
#6862= IFCCARTESIANPOINT((4378.1170368694,140.000000000677,16.1678918348298));
#6863= IFCCARTESIANPOINT((4378.11703686927,-139.999999999339,16.1678918343987));
#6864= IFCPOLYLOOP((#6858,#6857,#6862,#6863));
#6865= IFCFACEOUTERBOUND(#6864,.T.);
#6866= IFCFACE((#6865));
#6867= IFCCARTESIANPOINT((4384.81399693572,140.000000000678,17.5000000162199));
#6868= IFCCARTESIANPOINT((4384.8139969356,-139.999999999338,17.5000000157852));
#6869= IFCPOLYLOOP((#6863,#6862,#6867,#6868));
#6870= IFCFACEOUTERBOUND(#6869,.T.);
#6871= IFCFACE((#6870));
#6872= IFCCARTESIANPOINT((4391.51095700219,140.000000000679,16.1678918355046));
#6873= IFCCARTESIANPOINT((4391.51095700206,-139.999999999337,16.1678918350717));
#6874= IFCPOLYLOOP((#6868,#6867,#6872,#6873));
#6875= IFCFACEOUTERBOUND(#6874,.T.);
#6876= IFCFACE((#6875));
#6877= IFCCARTESIANPOINT((4397.18836560675,140.000000000681,12.3743686876132));
#6878= IFCCARTESIANPOINT((4397.18836560662,-139.999999999336,12.3743686871785));
#6879= IFCPOLYLOOP((#6873,#6872,#6877,#6878));
#6880= IFCFACEOUTERBOUND(#6879,.T.);
#6881= IFCFACE((#6880));
#6882= IFCCARTESIANPOINT((4400.98188875522,140.000000000683,6.69696008343453));
#6883= IFCCARTESIANPOINT((4400.98188875509,-139.999999999334,6.69696008300343));
#6884= IFCPOLYLOOP((#6878,#6877,#6882,#6883));
#6885= IFCFACEOUTERBOUND(#6884,.T.);
#6886= IFCFACE((#6885));
#6887= IFCCARTESIANPOINT((4402.31399693661,140.000000000683,1.71094143297523E-08));
#6888= IFCCARTESIANPOINT((4402.31399693648,-139.999999999333,1.66764948517084E-08));
#6889= IFCPOLYLOOP((#6883,#6882,#6887,#6888));
#6890= IFCFACEOUTERBOUND(#6889,.T.);
#6891= IFCFACE((#6890));
#6892= IFCPOLYLOOP((#6888,#6887,#6816,#6815));
#6893= IFCFACEOUTERBOUND(#6892,.T.);
#6894= IFCFACE((#6893));
#6895= IFCCARTESIANPOINT((152.869011996725,-139.999999999996,69.9999999997817));
#6896= IFCCARTESIANPOINT((-4.70467966806609E-08,-139.999999999996,-70.0000000000782));
#6897= IFCCARTESIANPOINT((5629.38452594388,-139.999999999133,-70.0000000020173));
#6898= IFCCARTESIANPOINT((5534.10913849275,-139.999999999171,69.99999999793));
#6899= IFCPOLYLOOP((#6895,#6896,#6897,#6898));
#6900= IFCFACEOUTERBOUND(#6899,.T.);
#6901= IFCPOLYLOOP((#6818,#6823,#6828,#6833,#6838,#6843,#6848,#6853,#6858,#6863,#6868,#6873,#6878,#6883,#6888,#6815));
#6902= IFCFACEBOUND(#6901,.T.);
#6903= IFCFACE((#6900,#6902));
#6904= IFCCARTESIANPOINT((152.869011755848,140.00000000002,70.0000000000236));
#6905= IFCCARTESIANPOINT((5534.10913836355,140.000000000845,69.9999999981701));
#6906= IFCPOLYLOOP((#6904,#6895,#6898,#6905));
#6907= IFCFACEOUTERBOUND(#6906,.T.);
#6908= IFCFACE((#6907));
#6909= IFCCARTESIANPOINT((70.1935498374123,101.00000113233,-13.8737398035919));
#6910= IFCCARTESIANPOINT((70.1935499621068,-100.999998867534,-13.8737398429512));
#6911= IFCCARTESIANPOINT((80.1550078231671,-100.99999886121,-14.7508699828322));
#6912= IFCCARTESIANPOINT((80.1550076984731,101.000001138654,-14.7508699434693));
#6913= IFCPOLYLOOP((#6909,#6910,#6911,#6912));
#6914= IFCFACEOUTERBOUND(#6913,.T.);
#6915= IFCFACE((#6914));
#6916= IFCCARTESIANPOINT((80.1364654625972,-100.999998858934,-14.9614531533953));
#6917= IFCCARTESIANPOINT((80.1364653789701,101.000001141101,-14.9614530398376));
#6918= IFCPOLYLOOP((#6911,#6916,#6917,#6912));
#6919= IFCFACEOUTERBOUND(#6918,.T.);
#6920= IFCFACE((#6919));
#6921= IFCCARTESIANPOINT((91.0135955171027,101.000001140277,-5.00000665774678));
#6922= IFCCARTESIANPOINT((91.0135956007302,-100.999998860006,-5.00000674683179));
#6923= IFCPOLYLOOP((#6921,#6917,#6916,#6922));
#6924= IFCFACEOUTERBOUND(#6923,.T.);
#6925= IFCFACE((#6924));
#6926= IFCCARTESIANPOINT((385.802187679639,-100.999998753224,-5.00034441406751));
#6927= IFCCARTESIANPOINT((385.802187605678,101.000001246593,-5.00034436860369));
#6928= IFCPOLYLOOP((#6926,#6927,#6921,#6922));
#6929= IFCFACEOUTERBOUND(#6928,.T.);
#6930= IFCFACE((#6929));
#6931= IFCCARTESIANPOINT((385.802199135663,-100.99999875547,4.9996555859143));
#6932= IFCCARTESIANPOINT((385.802199061701,101.000001244347,4.99965563137994));
#6933= IFCPOLYLOOP((#6927,#6926,#6931,#6932));
#6934= IFCFACEOUTERBOUND(#6933,.T.);
#6935= IFCFACE((#6934));
#6936= IFCCARTESIANPOINT((91.8941175547379,-100.999998861281,4.99999222837505));
#6937= IFCCARTESIANPOINT((91.8941174711108,101.000001138348,4.99999233351991));
#6938= IFCPOLYLOOP((#6932,#6931,#6936,#6937));
#6939= IFCFACEOUTERBOUND(#6938,.T.);
#6940= IFCFACE((#6939));
#6941= IFCCARTESIANPOINT((87.332679768389,-100.999998865962,9.98073000784643));
#6942= IFCCARTESIANPOINT((87.3326797001141,101.000001134072,9.98073010464213));
#6943= IFCPOLYLOOP((#6936,#6941,#6942,#6937));
#6944= IFCFACEOUTERBOUND(#6943,.T.);
#6945= IFCFACE((#6944));
#6946= IFCCARTESIANPOINT((70.9749159912785,101.00000113305,-4.99998370136746));
#6947= IFCPOLYLOOP((#6909,#6912,#6917,#6921,#6927,#6932,#6937,#6942,#6946));
#6948= IFCFACEOUTERBOUND(#6947,.T.);
#6949= IFCFACE((#6948));
#6950= IFCCARTESIANPOINT((70.9749161156014,-100.999998866813,-4.99998374683128));
#6951= IFCPOLYLOOP((#6950,#6910,#6909,#6946));
#6952= IFCFACEOUTERBOUND(#6951,.T.);
#6953= IFCFACE((#6952));
#6954= IFCPOLYLOOP((#6941,#6936,#6931,#6926,#6922,#6916,#6911,#6910,#6950));
#6955= IFCFACEOUTERBOUND(#6954,.T.);
#6956= IFCFACE((#6955));
#6957= IFCCARTESIANPOINT((-2.87924649455817E-07,140.00000000002,-69.9999999998363));
#6958= IFCPOLYLOOP((#6896,#6895,#6904,#6957));
#6959= IFCFACEOUTERBOUND(#6958,.T.);
#6960= IFCPOLYLOOP((#6946,#6942,#6941,#6950));
#6961= IFCFACEBOUND(#6960,.T.);
#6962= IFCFACE((#6959,#6961));
#6963= IFCCARTESIANPOINT((5629.38452581468,140.000000000884,-70.0000000017753));
#6964= IFCPOLYLOOP((#6896,#6957,#6963,#6897));
#6965= IFCFACEOUTERBOUND(#6964,.T.);
#6966= IFCFACE((#6965));
#6967= IFCPOLYLOOP((#6898,#6897,#6963,#6905));
#6968= IFCFACEOUTERBOUND(#6967,.T.);
#6969= IFCFACE((#6968));
#6970= IFCPOLYLOOP((#6957,#6904,#6905,#6963));
#6971= IFCFACEOUTERBOUND(#6970,.T.);
#6972= IFCPOLYLOOP((#6877,#6872,#6867,#6862,#6857,#6852,#6847,#6842,#6837,#6832,#6827,#6822,#6817,#6816,#6887,#6882));
#6973= IFCFACEBOUND(#6972,.T.);
#6974= IFCFACE((#6971,#6973));
#6975= IFCCLOSEDSHELL((#6821,#6826,#6831,#6836,#6841,#6846,#6851,#6856,#6861,#6866,#6871,#6876,#6881,#6886,#6891,#6894,#6903,#6908,#6915,#6920,#6925,#6930,#6935,#6940,#6945,#6949,#6953,#6956,#6962,#6966,#6969,#6974));
#6976= IFCFACETEDBREP(#6975);
#6977= IFCSTYLEDITEM(#6976,(#6753),$);
#6978= IFCSHAPEREPRESENTATION(#12,'Body','Brep',(#6976));
#6979= IFCPRODUCTDEFINITIONSHAPE($,$,(#6978));
#6980= IFCCARTESIANPOINT((-13958.7051015494,-1644.95678144187,2587.40786130276));
#6981= IFCAXIS2PLACEMENT3D(#6980,#1644,#550);
#6982= IFCLOCALPLACEMENT(#6808,#6981);
#6983= IFCBEAM('00o8obNI96DOiFFtzadlwh',#959,'LPT','140*280',$,#6982,#6979,'P-29');
#6984= IFCPROPERTYSINGLEVALUE('Bottom elevation',$,IFCLABEL(' +2.446'),$);
#6985= IFCPROPERTYSET('2$ImxBGyL9_xrnR8CMzrgd',#5,'Tekla Common','Common Properties to Shared building elements',(#6792,#408,#409,#410,#6793,#6984,#413));
#6986= IFCPROPERTYSINGLEVALUE('Length',$,IFCLENGTHMEASURE(5629.4),$);
#6987= IFCPROPERTYSINGLEVALUE('Net surface area',$,IFCAREAMEASURE(4.89),$);
#6988= IFCPROPERTYSINGLEVALUE('Area per tons',$,IFCAREAMEASURE(37.926),$);
#6989= IFCPROPERTYSINGLEVALUE('Volume',$,IFCVOLUMEMEASURE(0.215),$);
#6990= IFCPROPERTYSINGLEVALUE('Weight',$,IFCMASSMEASURE(128.93),$);
#6991= IFCPROPERTYSET('1uRgenSob4XBwJxXtKREhe',#5,'Tekla Quantity','Quantity Properties to Shared building elements',(#6986,#6748,#6796,#6987,#6988,#766,#6989,#6990));
#6992= IFCPROPERTYSINGLEVALUE('OuterSurfaceArea',$,IFCAREAMEASURE(4.9),$);
#6993= IFCPROPERTYSINGLEVALUE('NetWeight',$,IFCMASSMEASURE(128.9),$);
#6994= IFCPROPERTYSET('0bTdMJ7Cz6QxY1zKXCVThc',#5,'BeamBaseQuantities',$,(#6986,#6992,#4613,#6993));
#6995= IFCPROPERTYSET('3k$9Evb61BxP5j3NCw9NKf',#5,'Pset_BeamCommon','Definition from IAI: Properties common to the definition of all occurrences of IfcBeam.',(#430,#693,#694,#431,#432,#434));
#6996= IFCLOCALPLACEMENT(#42,#10);
#6997= IFCELEMENTASSEMBLY('1r8yNBJwP69foltQ3xPlgK',#959,'LPT',$,$,#6996,$,'LPT-4',.NOTDEFINED.,.NOTDEFINED.);
#6998= IFCPROPERTYSINGLEVALUE('Assembly/Cast unit Mark',$,IFCLABEL('LPT-4'),$);
#6999= IFCPROPERTYSINGLEVALUE('Assembly/Cast unit weight',$,IFCMASSMEASURE(70.4),$);
#7000= IFCPROPERTYSET('0rhwwj9jb5jRo5PUSqtPVj',#5,'Tekla Assembly','Assembly Properties',(#6998,#48,#6744,#6745,#6999,#52,#53,#54));
#7001= IFCPROPERTYSET('2XK$19uQbFDRxeVQELB9dl',#5,'AssemblyBaseQuantities',$,(#6748));
#7002= IFCCARTESIANPOINT((2090.50800786833,-140.000000000407,-6.67717419435417));
#7003= IFCCARTESIANPOINT((2090.50800786827,139.999999999563,-6.67717419438895));
#7004= IFCCARTESIANPOINT((2086.71448471847,139.999999999564,-12.3545827976777));
#7005= IFCCARTESIANPOINT((2086.71448471853,-140.000000000407,-12.3545827976429));
#7006= IFCPOLYLOOP((#7002,#7003,#7004,#7005));
#7007= IFCFACEOUTERBOUND(#7006,.T.);
#7008= IFCFACE((#7007));
#7009= IFCCARTESIANPOINT((2081.037076113,139.999999999565,-16.1481059442331));
#7010= IFCCARTESIANPOINT((2081.03707611306,-140.000000000405,-16.1481059441985));
#7011= IFCPOLYLOOP((#7005,#7004,#7009,#7010));
#7012= IFCFACEOUTERBOUND(#7011,.T.);
#7013= IFCFACE((#7012));
#7014= IFCCARTESIANPOINT((2074.34011604615,139.999999999567,-17.4802141233652));
#7015= IFCCARTESIANPOINT((2074.34011604621,-140.000000000404,-17.4802141233301));
#7016= IFCPOLYLOOP((#7010,#7009,#7014,#7015));
#7017= IFCFACEOUTERBOUND(#7016,.T.);
#7018= IFCFACE((#7017));
#7019= IFCCARTESIANPOINT((2067.64315598013,139.999999999568,-16.1481059403925));
#7020= IFCCARTESIANPOINT((2067.64315598019,-140.000000000403,-16.1481059403577));
#7021= IFCPOLYLOOP((#7015,#7014,#7019,#7020));
#7022= IFCFACEOUTERBOUND(#7021,.T.);
#7023= IFCFACE((#7022));
#7024= IFCCARTESIANPOINT((2061.96574737682,139.999999999569,-12.3545827905834));
#7025= IFCCARTESIANPOINT((2061.96574737687,-140.000000000402,-12.3545827905484));
#7026= IFCPOLYLOOP((#7020,#7019,#7024,#7025));
#7027= IFCFACEOUTERBOUND(#7026,.T.);
#7028= IFCFACE((#7027));
#7029= IFCCARTESIANPOINT((2058.17222423023,139.99999999957,-6.67717418512279));
#7030= IFCCARTESIANPOINT((2058.17222423029,-140.000000000401,-6.67717418508823));
#7031= IFCPOLYLOOP((#7025,#7024,#7029,#7030));
#7032= IFCFACEOUTERBOUND(#7031,.T.);
#7033= IFCFACE((#7032));
#7034= IFCCARTESIANPOINT((2056.84011605107,139.99999999957,0.019785881640928));
#7035= IFCCARTESIANPOINT((2056.84011605113,-140.000000000401,0.0197858816754888));
#7036= IFCPOLYLOOP((#7030,#7029,#7034,#7035));
#7037= IFCFACEOUTERBOUND(#7036,.T.);
#7038= IFCFACE((#7037));
#7039= IFCCARTESIANPOINT((2058.17222423403,139.99999999957,6.71674594764863));
#7040= IFCCARTESIANPOINT((2058.17222423409,-140.000000000402,6.71674594768342));
#7041= IFCPOLYLOOP((#7035,#7034,#7039,#7040));
#7042= IFCFACEOUTERBOUND(#7041,.T.);
#7043= IFCFACE((#7042));
#7044= IFCCARTESIANPOINT((2061.96574738383,139.999999999569,12.3941545509372));
#7045= IFCCARTESIANPOINT((2061.96574738389,-140.000000000402,12.394154550972));
#7046= IFCPOLYLOOP((#7040,#7039,#7044,#7045));
#7047= IFCFACEOUTERBOUND(#7046,.T.);
#7048= IFCFACE((#7047));
#7049= IFCCARTESIANPOINT((2067.6431559893,139.999999999568,16.1876776974925));
#7050= IFCCARTESIANPOINT((2067.64315598936,-140.000000000404,16.1876776975273));
#7051= IFCPOLYLOOP((#7045,#7044,#7049,#7050));
#7052= IFCFACEOUTERBOUND(#7051,.T.);
#7053= IFCFACE((#7052));
#7054= IFCCARTESIANPOINT((2074.34011605608,139.999999999567,17.5197858766244));
#7055= IFCCARTESIANPOINT((2074.34011605614,-140.000000000405,17.5197858766589));
#7056= IFCPOLYLOOP((#7050,#7049,#7054,#7055));
#7057= IFCFACEOUTERBOUND(#7056,.T.);
#7058= IFCFACE((#7057));
#7059= IFCCARTESIANPOINT((2081.03707612217,139.999999999565,16.1876776936517));
#7060= IFCCARTESIANPOINT((2081.03707612223,-140.000000000407,16.1876776936865));
#7061= IFCPOLYLOOP((#7055,#7054,#7059,#7060));
#7062= IFCFACEOUTERBOUND(#7061,.T.);
#7063= IFCFACE((#7062));
#7064= IFCCARTESIANPOINT((2086.71448472548,139.999999999564,12.3941545438429));
#7065= IFCCARTESIANPOINT((2086.71448472554,-140.000000000407,12.3941545438774));
#7066= IFCPOLYLOOP((#7060,#7059,#7064,#7065));
#7067= IFCFACEOUTERBOUND(#7066,.T.);
#7068= IFCFACE((#7067));
#7069= IFCCARTESIANPOINT((2090.50800787206,139.999999999563,6.7167459383827));
#7070= IFCCARTESIANPOINT((2090.50800787212,-140.000000000407,6.71674593841749));
#7071= IFCPOLYLOOP((#7065,#7064,#7069,#7070));
#7072= IFCFACEOUTERBOUND(#7071,.T.);
#7073= IFCFACE((#7072));
#7074= IFCCARTESIANPOINT((2091.84011605122,139.999999999563,0.0197858716194332));
#7075= IFCCARTESIANPOINT((2091.84011605128,-140.000000000408,0.0197858716542214));
#7076= IFCPOLYLOOP((#7070,#7069,#7074,#7075));
#7077= IFCFACEOUTERBOUND(#7076,.T.);
#7078= IFCFACE((#7077));
#7079= IFCPOLYLOOP((#7075,#7074,#7003,#7002));
#7080= IFCFACEOUTERBOUND(#7079,.T.);
#7081= IFCFACE((#7080));
#7082= IFCCARTESIANPOINT((128.214340543047,-140.000000000013,69.9999999999961));
#7083= IFCCARTESIANPOINT((3162.18185365603,-140.000000000623,-70.0000000001723));
#7084= IFCCARTESIANPOINT((3009.31284204454,-140.000000000595,69.9999999998277));
#7085= IFCPOLYLOOP((#7082,#6896,#7083,#7084));
#7086= IFCFACEOUTERBOUND(#7085,.T.);
#7087= IFCPOLYLOOP((#7005,#7010,#7015,#7020,#7025,#7030,#7035,#7040,#7045,#7050,#7055,#7060,#7065,#7070,#7075,#7002));
#7088= IFCFACEBOUND(#7087,.T.);
#7089= IFCFACE((#7086,#7088));
#7090= IFCCARTESIANPOINT((128.21434054332,139.999999999959,69.9999999999809));
#7091= IFCCARTESIANPOINT((3009.31284204388,139.999999999377,69.9999999998124));
#7092= IFCPOLYLOOP((#7090,#7082,#7084,#7091));
#7093= IFCFACEOUTERBOUND(#7092,.T.);
#7094= IFCFACE((#7093));
#7095= IFCPOLYLOOP((#6896,#7082,#7090,#6957));
#7096= IFCFACEOUTERBOUND(#7095,.T.);
#7097= IFCFACE((#7096));
#7098= IFCCARTESIANPOINT((3162.18185365536,139.999999999348,-70.0000000001876));
#7099= IFCPOLYLOOP((#6896,#6957,#7098,#7083));
#7100= IFCFACEOUTERBOUND(#7099,.T.);
#7101= IFCFACE((#7100));
#7102= IFCCARTESIANPOINT((2690.11502889631,100.999999976681,5.00000502060311));
#7103= IFCCARTESIANPOINT((2690.11502889059,-101.000000023117,5.0000050209494));
#7104= IFCCARTESIANPOINT((2690.1150288906,-101.000000023134,-4.99999497904832));
#7105= IFCCARTESIANPOINT((2690.11502889632,100.999999976664,-4.99999497939507));
#7106= IFCPOLYLOOP((#7102,#7103,#7104,#7105));
#7107= IFCFACEOUTERBOUND(#7106,.T.);
#7108= IFCFACE((#7107));
#7109= IFCCARTESIANPOINT((3070.28773670334,100.999999976278,5.00000502008379));
#7110= IFCCARTESIANPOINT((3070.28773677467,-101.000000023561,5.00000502043031));
#7111= IFCPOLYLOOP((#7103,#7102,#7109,#7110));
#7112= IFCFACEOUTERBOUND(#7111,.T.);
#7113= IFCFACE((#7112));
#7114= IFCCARTESIANPOINT((3091.20694992567,-101.000000023603,-4.99999497959629));
#7115= IFCCARTESIANPOINT((3080.28773677476,-101.000000021338,5.0000031926636));
#7116= IFCPOLYLOOP((#7114,#7104,#7103,#7110,#7115));
#7117= IFCFACEOUTERBOUND(#7116,.T.);
#7118= IFCFACE((#7117));
#7119= IFCCARTESIANPOINT((3091.20694992556,100.999999976238,-4.99999497994304));
#7120= IFCPOLYLOOP((#7119,#7105,#7104,#7114));
#7121= IFCFACEOUTERBOUND(#7120,.T.);
#7122= IFCFACE((#7121));
#7123= IFCCARTESIANPOINT((3080.28773481044,100.999999976267,5.00000502006992));
#7124= IFCPOLYLOOP((#7102,#7105,#7119,#7123,#7109));
#7125= IFCFACEOUTERBOUND(#7124,.T.);
#7126= IFCFACE((#7125));
#7127= IFCCARTESIANPOINT((3074.84917451968,100.999999975885,9.98072958078478));
#7128= IFCPOLYLOOP((#7123,#7127,#7109));
#7129= IFCFACEOUTERBOUND(#7128,.T.);
#7130= IFCFACE((#7129));
#7131= IFCCARTESIANPOINT((3074.84917457566,-101.000000024083,9.98072952996722));
#7132= IFCPOLYLOOP((#7131,#7110,#7109,#7127));
#7133= IFCFACEOUTERBOUND(#7132,.T.);
#7134= IFCFACE((#7133));
#7135= IFCPOLYLOOP((#7115,#7110,#7131));
#7136= IFCFACEOUTERBOUND(#7135,.T.);
#7137= IFCFACE((#7136));
#7138= IFCPOLYLOOP((#7084,#7083,#7098,#7091));
#7139= IFCFACEOUTERBOUND(#7138,.T.);
#7140= IFCPOLYLOOP((#7127,#7123,#7119,#7114,#7115,#7131));
#7141= IFCFACEBOUND(#7140,.T.);
#7142= IFCFACE((#7139,#7141));
#7143= IFCPOLYLOOP((#6957,#7090,#7091,#7098));
#7144= IFCFACEOUTERBOUND(#7143,.T.);
#7145= IFCPOLYLOOP((#7064,#7059,#7054,#7049,#7044,#7039,#7034,#7029,#7024,#7019,#7014,#7009,#7004,#7003,#7074,#7069));
#7146= IFCFACEBOUND(#7145,.T.);
#7147= IFCFACE((#7144,#7146));
#7148= IFCCLOSEDSHELL((#7008,#7013,#7018,#7023,#7028,#7033,#7038,#7043,#7048,#7053,#7058,#7063,#7068,#7073,#7078,#7081,#7089,#7094,#7097,#7101,#7108,#7113,#7118,#7122,#7126,#7130,#7134,#7137,#7142,#7147));
#7149= IFCFACETEDBREP(#7148);
#7150= IFCSTYLEDITEM(#7149,(#6753),$);
#7151= IFCSHAPEREPRESENTATION(#12,'Body','Brep',(#7149));
#7152= IFCPRODUCTDEFINITIONSHAPE($,$,(#7151));
#7153= IFCCARTESIANPOINT((-17050.7937515649,-1721.12865506651,2540.07800506341));
#7154= IFCDIRECTION((-1.03582848423685E-05,-0.999999087950591,0.00135055199556382));
#7155= IFCAXIS2PLACEMENT3D(#7153,#7154,#1221);
#7156= IFCLOCALPLACEMENT(#6996,#7155);
#7157= IFCBEAM('1S7tZCQf95tOeCyVIogUoh',#959,'LPT','140*280',$,#7156,#7152,'P-28');
#7158= IFCPROPERTYSET('0wjYUsEEXCPvKSVr3ZzSep',#5,'Tekla Common','Common Properties to Shared building elements',(#6792,#408,#409,#410,#6793,#759,#413));
#7159= IFCPROPERTYSINGLEVALUE('Length',$,IFCLENGTHMEASURE(3162.2),$);
#7160= IFCPROPERTYSINGLEVALUE('Net surface area',$,IFCAREAMEASURE(2.843),$);
#7161= IFCPROPERTYSINGLEVALUE('Area per tons',$,IFCAREAMEASURE(40.364),$);
#7162= IFCPROPERTYSINGLEVALUE('Volume',$,IFCVOLUMEMEASURE(0.117),$);
#7163= IFCPROPERTYSINGLEVALUE('Weight',$,IFCMASSMEASURE(70.43),$);
#7164= IFCPROPERTYSET('0$EEmzSlf9$w$zRQ4NEMtF',#5,'Tekla Quantity','Quantity Properties to Shared building elements',(#7159,#6748,#6796,#7160,#7161,#766,#7162,#7163));
#7165= IFCPROPERTYSINGLEVALUE('NetWeight',$,IFCMASSMEASURE(70.4),$);
#7166= IFCPROPERTYSET('3irJSZYk50J9$AmakIldtR',#5,'BeamBaseQuantities',$,(#7159,#6802,#3984,#7165));
#7167= IFCPROPERTYSINGLEVALUE('Slope',$,IFCPLANEANGLEMEASURE(0.01534),$);
#7168= IFCPROPERTYSET('3jLEKvZzH0DhBBBvEPDLJ3',#5,'Pset_BeamCommon','Definition from IAI: Properties common to the definition of all occurrences of IfcBeam.',(#430,#693,#7167,#431,#432,#434));
#7169= IFCLOCALPLACEMENT(#42,#10);
#7170= IFCELEMENTASSEMBLY('3JXDt6P7P8Lv7KFoqF9EGR',#44,'LPT',$,$,#7169,$,'LPT-3',.NOTDEFINED.,.NOTDEFINED.);
#7171= IFCPROPERTYSINGLEVALUE('Assembly/Cast unit Mark',$,IFCLABEL('LPT-3'),$);
#7172= IFCPROPERTYSINGLEVALUE('Assembly/Cast unit top elevation',$,IFCLABEL(' +2.682'),$);
#7173= IFCPROPERTYSINGLEVALUE('Assembly/Cast unit weight',$,IFCMASSMEASURE(150.9),$);
#7174= IFCPROPERTYSET('1oqZRoATPCNPJLFZfKVwF5',#5,'Tekla Assembly','Assembly Properties',(#7171,#48,#7172,#6745,#7173,#52,#53,#54));
#7175= IFCPROPERTYSET('0Z77NmUFPDLwrexVSe19zC',#5,'AssemblyBaseQuantities',$,(#6748));
#7176= IFCCARTESIANPOINT((6261.16405556008,-140.000000001097,-6.69756677613259));
#7177= IFCCARTESIANPOINT((6261.16405556031,139.999999998938,-6.69756677520854));
#7178= IFCCARTESIANPOINT((6257.37053241291,139.99999999894,-12.3749753800876));
#7179= IFCCARTESIANPOINT((6257.37053241269,-140.000000001095,-12.3749753810116));
#7180= IFCPOLYLOOP((#7176,#7177,#7178,#7179));
#7181= IFCFACEOUTERBOUND(#7180,.T.);
#7182= IFCFACE((#7181));
#7183= IFCCARTESIANPOINT((6251.69312380906,139.999999998941,-16.168498529034));
#7184= IFCCARTESIANPOINT((6251.69312380884,-140.000000001093,-16.168498529958));
#7185= IFCPOLYLOOP((#7179,#7178,#7183,#7184));
#7186= IFCFACEOUTERBOUND(#7185,.T.);
#7187= IFCFACE((#7186));
#7188= IFCCARTESIANPOINT((6244.99616374286,139.999999998943,-17.5006067109971));
#7189= IFCCARTESIANPOINT((6244.99616374264,-140.000000001092,-17.5006067119248));
#7190= IFCPOLYLOOP((#7184,#7183,#7188,#7189));
#7191= IFCFACEOUTERBOUND(#7190,.T.);
#7192= IFCFACE((#7191));
#7193= IFCCARTESIANPOINT((6238.2992036763,139.999999998944,-16.1684985308639));
#7194= IFCCARTESIANPOINT((6238.29920367607,-140.000000001091,-16.1684985317879));
#7195= IFCPOLYLOOP((#7189,#7188,#7193,#7194));
#7196= IFCFACEOUTERBOUND(#7195,.T.);
#7197= IFCFACE((#7196));
#7198= IFCCARTESIANPOINT((6232.62179507141,139.999999998944,-12.3749753834636));
#7199= IFCCARTESIANPOINT((6232.62179507118,-140.000000001091,-12.3749753843913));
#7200= IFCPOLYLOOP((#7194,#7193,#7198,#7199));
#7201= IFCFACEOUTERBOUND(#7200,.T.);
#7202= IFCFACE((#7201));
#7203= IFCCARTESIANPOINT((6228.82827192245,139.999999998943,-6.69756677961777));
#7204= IFCCARTESIANPOINT((6228.82827192222,-140.000000001091,-6.69756678054546));
#7205= IFCPOLYLOOP((#7199,#7198,#7203,#7204));
#7206= IFCFACEOUTERBOUND(#7205,.T.);
#7207= IFCFACE((#7206));
#7208= IFCCARTESIANPOINT((6227.49616374048,139.999999998942,-0.000606713449087692));
#7209= IFCCARTESIANPOINT((6227.49616374025,-140.000000001092,-0.000606714369496331));
#7210= IFCPOLYLOOP((#7204,#7203,#7208,#7209));
#7211= IFCFACEOUTERBOUND(#7210,.T.);
#7212= IFCFACE((#7211));
#7213= IFCCARTESIANPOINT((6228.82827192061,139.99999999894,6.69635335310886));
#7214= IFCCARTESIANPOINT((6228.82827192038,-140.000000001094,6.69635335218481));
#7215= IFCPOLYLOOP((#7209,#7208,#7213,#7214));
#7216= IFCFACEOUTERBOUND(#7215,.T.);
#7217= IFCFACE((#7216));
#7218= IFCCARTESIANPOINT((6232.62179506801,139.999999998939,12.3737619579842));
#7219= IFCCARTESIANPOINT((6232.62179506778,-140.000000001096,12.3737619570638));
#7220= IFCPOLYLOOP((#7214,#7213,#7218,#7219));
#7221= IFCFACEOUTERBOUND(#7220,.T.);
#7222= IFCFACE((#7221));
#7223= IFCCARTESIANPOINT((6238.29920367186,139.999999998937,16.1672851069343));
#7224= IFCCARTESIANPOINT((6238.29920367163,-140.000000001098,16.1672851060139));
#7225= IFCPOLYLOOP((#7219,#7218,#7223,#7224));
#7226= IFCFACEOUTERBOUND(#7225,.T.);
#7227= IFCFACE((#7226));
#7228= IFCCARTESIANPOINT((6244.99616373806,139.999999998936,17.4993932889047));
#7229= IFCCARTESIANPOINT((6244.99616373783,-140.000000001099,17.499393287977));
#7230= IFCPOLYLOOP((#7224,#7223,#7228,#7229));
#7231= IFCFACEOUTERBOUND(#7230,.T.);
#7232= IFCFACE((#7231));
#7233= IFCCARTESIANPOINT((6251.69312380462,139.999999998935,16.1672851087678));
#7234= IFCCARTESIANPOINT((6251.6931238044,-140.0000000011,16.1672851078401));
#7235= IFCPOLYLOOP((#7229,#7228,#7233,#7234));
#7236= IFCFACEOUTERBOUND(#7235,.T.);
#7237= IFCFACE((#7236));
#7238= IFCCARTESIANPOINT((6257.37053240951,139.999999998935,12.3737619613676));
#7239= IFCCARTESIANPOINT((6257.37053240929,-140.0000000011,12.3737619604435));
#7240= IFCPOLYLOOP((#7234,#7233,#7238,#7239));
#7241= IFCFACEOUTERBOUND(#7240,.T.);
#7242= IFCFACE((#7241));
#7243= IFCCARTESIANPOINT((6261.16405555847,139.999999998935,6.69635335752173));
#7244= IFCCARTESIANPOINT((6261.16405555825,-140.0000000011,6.69635335659405));
#7245= IFCPOLYLOOP((#7239,#7238,#7243,#7244));
#7246= IFCFACEOUTERBOUND(#7245,.T.);
#7247= IFCFACE((#7246));
#7248= IFCCARTESIANPOINT((6262.49616374044,139.999999998936,-0.000606708654231625));
#7249= IFCCARTESIANPOINT((6262.49616374022,-140.000000001099,-0.000606709578278242));
#7250= IFCPOLYLOOP((#7244,#7243,#7248,#7249));
#7251= IFCFACEOUTERBOUND(#7250,.T.);
#7252= IFCFACE((#7251));
#7253= IFCPOLYLOOP((#7249,#7248,#7177,#7176));
#7254= IFCFACEOUTERBOUND(#7253,.T.);
#7255= IFCFACE((#7254));
#7256= IFCCARTESIANPOINT((205.748728941788,139.999999999967,70.000000000342));
#7257= IFCCARTESIANPOINT((205.748728657678,-140.000000000067,69.9999999998545));
#7258= IFCCARTESIANPOINT((6466.78103410829,-140.000000001148,70.0000000055334));
#7259= IFCCARTESIANPOINT((6466.78103424637,139.999999998886,70.0000000060209));
#7260= IFCPOLYLOOP((#7256,#7257,#7258,#7259));
#7261= IFCFACEOUTERBOUND(#7260,.T.);
#7262= IFCFACE((#7261));
#7263= IFCPOLYLOOP((#6896,#7257,#7256,#6957));
#7264= IFCFACEOUTERBOUND(#7263,.T.);
#7265= IFCFACE((#7264));
#7266= IFCCARTESIANPOINT((6594.99537899802,139.999999998894,-69.999999993699));
#7267= IFCCARTESIANPOINT((6594.99537885995,-140.000000001141,-69.9999999941865));
#7268= IFCPOLYLOOP((#6896,#6957,#7266,#7267));
#7269= IFCFACEOUTERBOUND(#7268,.T.);
#7270= IFCFACE((#7269));
#7271= IFCPOLYLOOP((#7258,#7267,#7266,#7259));
#7272= IFCFACEOUTERBOUND(#7271,.T.);
#7273= IFCFACE((#7272));
#7274= IFCPOLYLOOP((#7257,#6896,#7267,#7258));
#7275= IFCFACEOUTERBOUND(#7274,.T.);
#7276= IFCPOLYLOOP((#7179,#7184,#7189,#7194,#7199,#7204,#7209,#7214,#7219,#7224,#7229,#7234,#7239,#7244,#7249,#7176));
#7277= IFCFACEBOUND(#7276,.T.);
#7278= IFCCARTESIANPOINT((1262.38507677482,-140.000000000233,-12.3743686681009));
#7279= IFCCARTESIANPOINT((1256.70766817097,-140.000000000231,-16.167891817051));
#7280= IFCCARTESIANPOINT((1250.0107081048,-140.00000000023,-17.4999999990105));
#7281= IFCCARTESIANPOINT((1243.31374803824,-140.000000000229,-16.1678918188736));
#7282= IFCCARTESIANPOINT((1237.63633943335,-140.000000000229,-12.374368671477));
#7283= IFCCARTESIANPOINT((1233.8428162844,-140.000000000229,-6.69696006764207));
#7284= IFCCARTESIANPOINT((1232.51070810243,-140.00000000023,-1.46246748045087E-09));
#7285= IFCCARTESIANPOINT((1233.84281628256,-140.000000000231,6.69696006509548));
#7286= IFCCARTESIANPOINT((1237.63633942996,-140.000000000234,12.3743686699781));
#7287= IFCCARTESIANPOINT((1243.31374803381,-140.000000000235,16.1678918189282));
#7288= IFCCARTESIANPOINT((1250.01070810002,-140.000000000237,17.5000000008877));
#7289= IFCCARTESIANPOINT((1256.70766816654,-140.000000000238,16.1678918207472));
#7290= IFCCARTESIANPOINT((1262.38507677143,-140.000000000238,12.3743686733542));
#7291= IFCCARTESIANPOINT((1266.17859992038,-140.000000000238,6.69696006951563));
#7292= IFCCARTESIANPOINT((1267.51070810235,-140.000000000236,3.33966454491019E-09));
#7293= IFCCARTESIANPOINT((1266.17859992222,-140.000000000235,-6.69696006321465));
#7294= IFCPOLYLOOP((#7278,#7279,#7280,#7281,#7282,#7283,#7284,#7285,#7286,#7287,#7288,#7289,#7290,#7291,#7292,#7293));
#7295= IFCFACEBOUND(#7294,.T.);
#7296= IFCFACE((#7275,#7277,#7295));
#7297= IFCCARTESIANPOINT((1262.38507677153,139.999999999796,12.3743686742891));
#7298= IFCCARTESIANPOINT((1266.17859992048,139.999999999798,6.69696007045059));
#7299= IFCPOLYLOOP((#7290,#7297,#7298,#7291));
#7300= IFCFACEOUTERBOUND(#7299,.T.);
#7301= IFCFACE((#7300));
#7302= IFCCARTESIANPOINT((1256.70766816664,139.999999999797,16.1678918216858));
#7303= IFCPOLYLOOP((#7289,#7302,#7297,#7290));
#7304= IFCFACEOUTERBOUND(#7303,.T.);
#7305= IFCFACE((#7304));
#7306= IFCCARTESIANPOINT((1250.01070810012,139.999999999798,17.5000000018263));
#7307= IFCPOLYLOOP((#7288,#7306,#7302,#7289));
#7308= IFCFACEOUTERBOUND(#7307,.T.);
#7309= IFCFACE((#7308));
#7310= IFCCARTESIANPOINT((1243.31374803391,139.999999999799,16.1678918198631));
#7311= IFCPOLYLOOP((#7287,#7310,#7306,#7288));
#7312= IFCFACEOUTERBOUND(#7311,.T.);
#7313= IFCFACE((#7312));
#7314= IFCCARTESIANPOINT((1237.63633943006,139.999999999801,12.3743686709131));
#7315= IFCPOLYLOOP((#7286,#7314,#7310,#7287));
#7316= IFCFACEOUTERBOUND(#7315,.T.);
#7317= IFCFACE((#7316));
#7318= IFCCARTESIANPOINT((1233.84281628266,139.999999999803,6.6969600660268));
#7319= IFCPOLYLOOP((#7285,#7318,#7314,#7286));
#7320= IFCFACEOUTERBOUND(#7319,.T.);
#7321= IFCFACE((#7320));
#7322= IFCCARTESIANPOINT((1232.51070810253,139.999999999804,-5.23868948221207E-10));
#7323= IFCPOLYLOOP((#7284,#7322,#7318,#7285));
#7324= IFCFACEOUTERBOUND(#7323,.T.);
#7325= IFCFACE((#7324));
#7326= IFCCARTESIANPOINT((1233.8428162845,139.999999999805,-6.69696006670347));
#7327= IFCPOLYLOOP((#7283,#7326,#7322,#7284));
#7328= IFCFACEOUTERBOUND(#7327,.T.);
#7329= IFCFACE((#7328));
#7330= IFCCARTESIANPOINT((1237.63633943345,139.999999999806,-12.3743686705457));
#7331= IFCPOLYLOOP((#7282,#7330,#7326,#7283));
#7332= IFCFACEOUTERBOUND(#7331,.T.);
#7333= IFCFACE((#7332));
#7334= IFCCARTESIANPOINT((1243.31374803834,139.999999999806,-16.167891817935));
#7335= IFCPOLYLOOP((#7281,#7334,#7330,#7282));
#7336= IFCFACEOUTERBOUND(#7335,.T.);
#7337= IFCFACE((#7336));
#7338= IFCCARTESIANPOINT((1250.0107081049,139.999999999805,-17.4999999980719));
#7339= IFCPOLYLOOP((#7280,#7338,#7334,#7281));
#7340= IFCFACEOUTERBOUND(#7339,.T.);
#7341= IFCFACE((#7340));
#7342= IFCCARTESIANPOINT((1256.70766817107,139.999999999804,-16.167891816116));
#7343= IFCPOLYLOOP((#7279,#7342,#7338,#7280));
#7344= IFCFACEOUTERBOUND(#7343,.T.);
#7345= IFCFACE((#7344));
#7346= IFCCARTESIANPOINT((1262.38507677492,139.999999999802,-12.374368667166));
#7347= IFCPOLYLOOP((#7278,#7346,#7342,#7279));
#7348= IFCFACEOUTERBOUND(#7347,.T.);
#7349= IFCFACE((#7348));
#7350= IFCCARTESIANPOINT((1266.17859992232,139.9999999998,-6.69696006228332));
#7351= IFCPOLYLOOP((#7293,#7350,#7346,#7278));
#7352= IFCFACEOUTERBOUND(#7351,.T.);
#7353= IFCFACE((#7352));
#7354= IFCCARTESIANPOINT((1267.51070810245,139.999999999799,4.27462509833276E-09));
#7355= IFCPOLYLOOP((#7292,#7354,#7350,#7293));
#7356= IFCFACEOUTERBOUND(#7355,.T.);
#7357= IFCFACE((#7356));
#7358= IFCPOLYLOOP((#7291,#7298,#7354,#7292));
#7359= IFCFACEOUTERBOUND(#7358,.T.);
#7360= IFCFACE((#7359));
#7361= IFCPOLYLOOP((#6957,#7256,#7259,#7266));
#7362= IFCFACEOUTERBOUND(#7361,.T.);
#7363= IFCPOLYLOOP((#7238,#7233,#7228,#7223,#7218,#7213,#7208,#7203,#7198,#7193,#7188,#7183,#7178,#7177,#7248,#7243));
#7364= IFCFACEBOUND(#7363,.T.);
#7365= IFCPOLYLOOP((#7297,#7302,#7306,#7310,#7314,#7318,#7322,#7326,#7330,#7334,#7338,#7342,#7346,#7350,#7354,#7298));
#7366= IFCFACEBOUND(#7365,.T.);
#7367= IFCFACE((#7362,#7364,#7366));
#7368= IFCCLOSEDSHELL((#7182,#7187,#7192,#7197,#7202,#7207,#7212,#7217,#7222,#7227,#7232,#7237,#7242,#7247,#7252,#7255,#7262,#7265,#7270,#7273,#7296,#7301,#7305,#7309,#7313,#7317,#7321,#7325,#7329,#7333,#7337,#7341,#7345,#7349,#7353,#7357,#7360,#7367));
#7369= IFCFACETEDBREP(#7368);
#7370= IFCSTYLEDITEM(#7369,(#6753),$);
#7371= IFCSHAPEREPRESENTATION(#12,'Body','Brep',(#7369));
#7372= IFCPRODUCTDEFINITIONSHAPE($,$,(#7371));
#7373= IFCCARTESIANPOINT((-17559.5379793646,-8226.84476119326,2541.06119911798));
#7374= IFCAXIS2PLACEMENT3D(#7373,#2494,#624);
#7375= IFCLOCALPLACEMENT(#7169,#7374);
#7376= IFCBEAM('2Ni8QQGPr149EpSdeHC3MR',#44,'LPT','140*280',$,#7375,#7372,'P-27');
#7377= IFCPROPERTYSINGLEVALUE('Top elevation',$,IFCLABEL(' +2.682'),$);
#7378= IFCPROPERTYSET('0B$k_xUNj4jwrbU2iWGly8',#5,'Tekla Common','Common Properties to Shared building elements',(#6792,#408,#409,#410,#7377,#759,#413));
#7379= IFCPROPERTYSINGLEVALUE('Length',$,IFCLENGTHMEASURE(6595.),$);
#7380= IFCPROPERTYSINGLEVALUE('Net surface area',$,IFCAREAMEASURE(5.58),$);
#7381= IFCPROPERTYSINGLEVALUE('Area per tons',$,IFCAREAMEASURE(36.984),$);
#7382= IFCPROPERTYSINGLEVALUE('Volume',$,IFCVOLUMEMEASURE(0.251),$);
#7383= IFCPROPERTYSINGLEVALUE('Weight',$,IFCMASSMEASURE(150.87),$);
#7384= IFCPROPERTYSET('2_Pw_3a3H6XOIqmgFMZ5pU',#5,'Tekla Quantity','Quantity Properties to Shared building elements',(#7379,#6748,#6796,#7380,#7381,#766,#7382,#7383));
#7385= IFCPROPERTYSINGLEVALUE('OuterSurfaceArea',$,IFCAREAMEASURE(5.6),$);
#7386= IFCPROPERTYSINGLEVALUE('NetVolume',$,IFCVOLUMEMEASURE(0.3),$);
#7387= IFCPROPERTYSINGLEVALUE('NetWeight',$,IFCMASSMEASURE(150.9),$);
#7388= IFCPROPERTYSET('29YpDqzobFh8bewkDDRByF',#5,'BeamBaseQuantities',$,(#7379,#7385,#7386,#7387));
#7389= IFCPROPERTYSET('3EWqqtjZP9Y94BzAtUrLAY',#5,'Pset_BeamCommon','Definition from IAI: Properties common to the definition of all occurrences of IfcBeam.',(#430,#693,#694,#431,#432,#434));
#7390= IFCCARTESIANPOINT((285.,56.,-56.));
#7391= IFCCARTESIANPOINT((285.,-56.,-56.));
#7392= IFCCARTESIANPOINT((2921.99999999945,-56.,-56.));
#7393= IFCCARTESIANPOINT((2921.99999999945,56.,-56.));
#7394= IFCPOLYLOOP((#7390,#7391,#7392,#7393));
#7395= IFCFACEOUTERBOUND(#7394,.T.);
#7396= IFCFACE((#7395));
#7397= IFCCARTESIANPOINT((285.,-56.,56.));
#7398= IFCCARTESIANPOINT((2921.99999999945,-56.,56.));
#7399= IFCPOLYLOOP((#7391,#7397,#7398,#7392));
#7400= IFCFACEOUTERBOUND(#7399,.T.);
#7401= IFCFACE((#7400));
#7402= IFCCARTESIANPOINT((285.,56.,56.));
#7403= IFCCARTESIANPOINT((2921.99999999945,56.,56.));
#7404= IFCPOLYLOOP((#7397,#7402,#7403,#7398));
#7405= IFCFACEOUTERBOUND(#7404,.T.);
#7406= IFCFACE((#7405));
#7407= IFCPOLYLOOP((#7402,#7390,#7393,#7403));
#7408= IFCFACEOUTERBOUND(#7407,.T.);
#7409= IFCFACE((#7408));
#7410= IFCCARTESIANPOINT((285.,60.,-60.));
#7411= IFCCARTESIANPOINT((285.,60.,60.));
#7412= IFCCARTESIANPOINT((2921.99999999945,60.,60.));
#7413= IFCCARTESIANPOINT((2921.99999999945,60.,-60.));
#7414= IFCPOLYLOOP((#7410,#7411,#7412,#7413));
#7415= IFCFACEOUTERBOUND(#7414,.T.);
#7416= IFCFACE((#7415));
#7417= IFCCARTESIANPOINT((285.,-60.,60.));
#7418= IFCCARTESIANPOINT((2921.99999999945,-60.,60.));
#7419= IFCPOLYLOOP((#7411,#7417,#7418,#7412));
#7420= IFCFACEOUTERBOUND(#7419,.T.);
#7421= IFCFACE((#7420));
#7422= IFCCARTESIANPOINT((285.,-60.,-60.));
#7423= IFCCARTESIANPOINT((2921.99999999945,-60.,-60.));
#7424= IFCPOLYLOOP((#7417,#7422,#7423,#7418));
#7425= IFCFACEOUTERBOUND(#7424,.T.);
#7426= IFCFACE((#7425));
#7427= IFCPOLYLOOP((#7422,#7410,#7413,#7423));
#7428= IFCFACEOUTERBOUND(#7427,.T.);
#7429= IFCFACE((#7428));
#7430= IFCPOLYLOOP((#7418,#7423,#7413,#7412));
#7431= IFCFACEOUTERBOUND(#7430,.T.);
#7432= IFCPOLYLOOP((#7398,#7403,#7393,#7392));
#7433= IFCFACEBOUND(#7432,.T.);
#7434= IFCFACE((#7431,#7433));
#7435= IFCPOLYLOOP((#7422,#7417,#7411,#7410));
#7436= IFCFACEOUTERBOUND(#7435,.T.);
#7437= IFCPOLYLOOP((#7402,#7397,#7391,#7390));
#7438= IFCFACEBOUND(#7437,.T.);
#7439= IFCFACE((#7436,#7438));
#7440= IFCCLOSEDSHELL((#7396,#7401,#7406,#7409,#7416,#7421,#7426,#7429,#7434,#7439));
#7441= IFCFACETEDBREP(#7440);
#7442= IFCSTYLEDITEM(#7441,(#1320),$);
#7443= IFCSHAPEREPRESENTATION(#12,'Body','Brep',(#7441));
#7444= IFCPRODUCTDEFINITIONSHAPE($,$,(#7443));
#7445= IFCCARTESIANPOINT((-14974.5289691056,-1721.31791057916,-500.));
#7446= IFCAXIS2PLACEMENT3D(#7445,#8,#9);
#7447= IFCLOCALPLACEMENT(#858,#7446);
#7448= IFCCOLUMN('3pqhQeHMT59BFuV2EXaZtZ',#44,'VARIKATUSE POST','SHS120*4',$,#7447,#7444,'P-34');
#7449= IFCCOLUMNTYPE('0UmhtuUOfFXvNCdml4pCqg',#5,'SHS120*4',$,$,$,$,$,$,.NOTDEFINED.);
#7450= IFCPROPERTYSINGLEVALUE('Top elevation',$,IFCLABEL(' +2.422'),$);
#7451= IFCPROPERTYSINGLEVALUE('Bottom elevation',$,IFCLABEL(' -0.215'),$);
#7452= IFCPROPERTYSET('0OjY7y8Ef4auzIZhOaSNwB',#5,'Tekla Common','Common Properties to Shared building elements',(#757,#408,#409,#410,#7450,#7451,#413));
#7453= IFCPROPERTYSINGLEVALUE('Length',$,IFCLENGTHMEASURE(2637.),$);
#7454= IFCPROPERTYSINGLEVALUE('Width',$,IFCLENGTHMEASURE(120.),$);
#7455= IFCPROPERTYSINGLEVALUE('Height',$,IFCLENGTHMEASURE(120.),$);
#7456= IFCPROPERTYSINGLEVALUE('Net surface area',$,IFCAREAMEASURE(1.268),$);
#7457= IFCPROPERTYSINGLEVALUE('Area per tons',$,IFCAREAMEASURE(32.995),$);
#7458= IFCPROPERTYSINGLEVALUE('Volume',$,IFCVOLUMEMEASURE(0.005),$);
#7459= IFCPROPERTYSINGLEVALUE('Weight',$,IFCMASSMEASURE(38.42),$);
#7460= IFCPROPERTYSET('1Uho9wJSzByOOraDq003XR',#5,'Tekla Quantity','Quantity Properties to Shared building elements',(#7453,#7454,#7455,#7456,#7457,#419,#7458,#7459));
#7461= IFCPROPERTYSINGLEVALUE('OuterSurfaceArea',$,IFCAREAMEASURE(1.3),$);
#7462= IFCPROPERTYSINGLEVALUE('NetWeight',$,IFCMASSMEASURE(38.4),$);
#7463= IFCPROPERTYSET('31T2e5zrbF$99452yFwpZq',#5,'ColumnBaseQuantities',$,(#7453,#7461,#423,#7462));
#7464= IFCPROPERTYSET('3DKDsy2Y59Bh8qPqBSD6mg',#5,'Pset_ColumnCommon','Definition from IAI: Properties common to the definition of all occurrences of IfcColumn.',(#430,#770,#431,#432,#434));
#7465= IFCCARTESIANPOINT((2941.99999999945,-56.0000000000109,-55.9999999999582));
#7466= IFCCARTESIANPOINT((2941.99999999945,55.9999999999582,-56.00000000001));
#7467= IFCPOLYLOOP((#7390,#7391,#7465,#7466));
#7468= IFCFACEOUTERBOUND(#7467,.T.);
#7469= IFCFACE((#7468));
#7470= IFCCARTESIANPOINT((2941.99999999945,-55.99999999996,56.0000000000109));
#7471= IFCPOLYLOOP((#7391,#7397,#7470,#7465));
#7472= IFCFACEOUTERBOUND(#7471,.T.);
#7473= IFCFACE((#7472));
#7474= IFCCARTESIANPOINT((2941.99999999945,56.0000000000091,55.9999999999582));
#7475= IFCPOLYLOOP((#7397,#7402,#7474,#7470));
#7476= IFCFACEOUTERBOUND(#7475,.T.);
#7477= IFCFACE((#7476));
#7478= IFCPOLYLOOP((#7402,#7390,#7466,#7474));
#7479= IFCFACEOUTERBOUND(#7478,.T.);
#7480= IFCFACE((#7479));
#7481= IFCCARTESIANPOINT((2941.99999999945,60.0000000000109,59.9999999999554));
#7482= IFCCARTESIANPOINT((2941.99999999945,59.9999999999545,-60.0000000000109));
#7483= IFCPOLYLOOP((#7410,#7411,#7481,#7482));
#7484= IFCFACEOUTERBOUND(#7483,.T.);
#7485= IFCFACE((#7484));
#7486= IFCCARTESIANPOINT((2941.99999999945,-59.9999999999563,60.0000000000118));
#7487= IFCPOLYLOOP((#7411,#7417,#7486,#7481));
#7488= IFCFACEOUTERBOUND(#7487,.T.);
#7489= IFCFACE((#7488));
#7490= IFCCARTESIANPOINT((2941.99999999945,-60.0000000000127,-59.9999999999545));
#7491= IFCPOLYLOOP((#7417,#7422,#7490,#7486));
#7492= IFCFACEOUTERBOUND(#7491,.T.);
#7493= IFCFACE((#7492));
#7494= IFCPOLYLOOP((#7422,#7410,#7482,#7490));
#7495= IFCFACEOUTERBOUND(#7494,.T.);
#7496= IFCFACE((#7495));
#7497= IFCPOLYLOOP((#7486,#7490,#7482,#7481));
#7498= IFCFACEOUTERBOUND(#7497,.T.);
#7499= IFCPOLYLOOP((#7470,#7474,#7466,#7465));
#7500= IFCFACEBOUND(#7499,.T.);
#7501= IFCFACE((#7498,#7500));
#7502= IFCCLOSEDSHELL((#7469,#7473,#7477,#7480,#7485,#7489,#7493,#7496,#7501,#7439));
#7503= IFCFACETEDBREP(#7502);
#7504= IFCSTYLEDITEM(#7503,(#1320),$);
#7505= IFCSHAPEREPRESENTATION(#12,'Body','Brep',(#7503));
#7506= IFCPRODUCTDEFINITIONSHAPE($,$,(#7505));
#7507= IFCCARTESIANPOINT((-14340.7223609661,-6012.21812546897,-500.));
#7508= IFCAXIS2PLACEMENT3D(#7507,#624,#9);
#7509= IFCLOCALPLACEMENT(#773,#7508);
#7510= IFCCOLUMN('3$U3Ccth9DL9sBnOlcn$An',#44,'VARIKATUSE POST','SHS120*4',$,#7509,#7506,'P-26');
#7511= IFCPROPERTYSINGLEVALUE('Top elevation',$,IFCLABEL(' +2.442'),$);
#7512= IFCPROPERTYSET('3RgOizVWT7lvHtQakZ4aC4',#5,'Tekla Common','Common Properties to Shared building elements',(#757,#408,#409,#410,#7511,#7451,#413));
#7513= IFCPROPERTYSINGLEVALUE('Length',$,IFCLENGTHMEASURE(2657.),$);
#7514= IFCPROPERTYSINGLEVALUE('Net surface area',$,IFCAREAMEASURE(1.277),$);
#7515= IFCPROPERTYSINGLEVALUE('Weight',$,IFCMASSMEASURE(38.71),$);
#7516= IFCPROPERTYSET('0LfnnOQVHFm9iwpsqohC5u',#5,'Tekla Quantity','Quantity Properties to Shared building elements',(#7513,#7454,#7455,#7514,#7457,#419,#7458,#7515));
#7517= IFCPROPERTYSINGLEVALUE('NetWeight',$,IFCMASSMEASURE(38.7),$);
#7518= IFCPROPERTYSET('0uxW_r9gHAOAwBH8WVa$6Q',#5,'ColumnBaseQuantities',$,(#7513,#7461,#423,#7517));
#7519= IFCPROPERTYSET('3q7d5WBUP8beLdakNT7$7s',#5,'Pset_ColumnCommon','Definition from IAI: Properties common to the definition of all occurrences of IfcColumn.',(#430,#770,#431,#432,#434));
#7520= IFCCARTESIANPOINT((2891.99999999945,-56.0000000000036,-55.9999999999964));
#7521= IFCCARTESIANPOINT((2891.99999999945,56.0000000001601,-55.99999999998));
#7522= IFCPOLYLOOP((#7390,#7391,#7520,#7521));
#7523= IFCFACEOUTERBOUND(#7522,.T.);
#7524= IFCFACE((#7523));
#7525= IFCCARTESIANPOINT((2891.99999999945,-56.0000000001601,55.99999999998));
#7526= IFCPOLYLOOP((#7391,#7397,#7525,#7520));
#7527= IFCFACEOUTERBOUND(#7526,.T.);
#7528= IFCFACE((#7527));
#7529= IFCCARTESIANPOINT((2891.99999999945,56.0000000000109,55.9999999999964));
#7530= IFCPOLYLOOP((#7397,#7402,#7529,#7525));
#7531= IFCFACEOUTERBOUND(#7530,.T.);
#7532= IFCFACE((#7531));
#7533= IFCPOLYLOOP((#7402,#7390,#7521,#7529));
#7534= IFCFACEOUTERBOUND(#7533,.T.);
#7535= IFCFACE((#7534));
#7536= IFCCARTESIANPOINT((2891.99999999945,60.0000000000109,59.9999999999964));
#7537= IFCCARTESIANPOINT((2891.99999999945,60.0000000001746,-59.9999999999782));
#7538= IFCPOLYLOOP((#7410,#7411,#7536,#7537));
#7539= IFCFACEOUTERBOUND(#7538,.T.);
#7540= IFCFACE((#7539));
#7541= IFCCARTESIANPOINT((2891.99999999945,-60.0000000001673,59.9999999999786));
#7542= IFCPOLYLOOP((#7411,#7417,#7541,#7536));
#7543= IFCFACEOUTERBOUND(#7542,.T.);
#7544= IFCFACE((#7543));
#7545= IFCCARTESIANPOINT((2891.99999999945,-60.0000000000036,-59.9999999999955));
#7546= IFCPOLYLOOP((#7417,#7422,#7545,#7541));
#7547= IFCFACEOUTERBOUND(#7546,.T.);
#7548= IFCFACE((#7547));
#7549= IFCPOLYLOOP((#7422,#7410,#7537,#7545));
#7550= IFCFACEOUTERBOUND(#7549,.T.);
#7551= IFCFACE((#7550));
#7552= IFCPOLYLOOP((#7541,#7545,#7537,#7536));
#7553= IFCFACEOUTERBOUND(#7552,.T.);
#7554= IFCPOLYLOOP((#7525,#7529,#7521,#7520));
#7555= IFCFACEBOUND(#7554,.T.);
#7556= IFCFACE((#7553,#7555));
#7557= IFCCLOSEDSHELL((#7524,#7528,#7532,#7535,#7540,#7544,#7548,#7551,#7556,#7439));
#7558= IFCFACETEDBREP(#7557);
#7559= IFCSTYLEDITEM(#7558,(#1320),$);
#7560= IFCSHAPEREPRESENTATION(#12,'Body','Brep',(#7558));
#7561= IFCPRODUCTDEFINITIONSHAPE($,$,(#7560));
#7562= IFCCARTESIANPOINT((-17009.6152773217,-2006.10792250712,-500.));
#7563= IFCAXIS2PLACEMENT3D(#7562,#624,#9);
#7564= IFCLOCALPLACEMENT(#490,#7563);
#7565= IFCCOLUMN('2rEjXZAj91NwF0lsGNcO56',#44,'VARIKATUSE POST','SHS120*4',$,#7564,#7561,'P-32');
#7566= IFCPROPERTYSINGLEVALUE('Top elevation',$,IFCLABEL(' +2.392'),$);
#7567= IFCPROPERTYSET('35I0fg3TbAmO2UPoZde4JS',#5,'Tekla Common','Common Properties to Shared building elements',(#757,#408,#409,#410,#7566,#7451,#413));
#7568= IFCPROPERTYSINGLEVALUE('Length',$,IFCLENGTHMEASURE(2607.),$);
#7569= IFCPROPERTYSINGLEVALUE('Net surface area',$,IFCAREAMEASURE(1.253),$);
#7570= IFCPROPERTYSINGLEVALUE('Area per tons',$,IFCAREAMEASURE(32.996),$);
#7571= IFCPROPERTYSINGLEVALUE('Weight',$,IFCMASSMEASURE(37.98),$);
#7572= IFCPROPERTYSET('3E6G_F7Xb4_xxiDYwCBXiL',#5,'Tekla Quantity','Quantity Properties to Shared building elements',(#7568,#7454,#7455,#7569,#7570,#419,#7458,#7571));
#7573= IFCPROPERTYSINGLEVALUE('NetWeight',$,IFCMASSMEASURE(38.),$);
#7574= IFCPROPERTYSET('0ObKDa8t9FehxXbGAEL32W',#5,'ColumnBaseQuantities',$,(#7568,#7461,#423,#7573));
#7575= IFCPROPERTYSET('12nIKoaEP6J9QzNM5WkpUg',#5,'Pset_ColumnCommon','Definition from IAI: Properties common to the definition of all occurrences of IfcColumn.',(#430,#770,#431,#432,#434));
#7576= IFCSHAPEREPRESENTATION(#12,'Body','Brep',(#7558));
#7577= IFCPRODUCTDEFINITIONSHAPE($,$,(#7576));
#7578= IFCCARTESIANPOINT((-17447.7398780561,-6981.8416911428,-500.));
#7579= IFCAXIS2PLACEMENT3D(#7578,#624,#9);
#7580= IFCLOCALPLACEMENT(#943,#7579);
#7581= IFCCOLUMN('0oFv0ZIDv439RJkl3Laos4',#957,'VARIKATUSE POST','SHS120*4',$,#7580,#7577,'P-32');
#7582= IFCPROPERTYSET('3GPfFAuEDFrveVld6DCr75',#5,'Tekla Common','Common Properties to Shared building elements',(#757,#408,#409,#410,#7566,#7451,#413));
#7583= IFCPROPERTYSET('3ZXnRqgef25BdcQM0k4ike',#5,'Tekla Quantity','Quantity Properties to Shared building elements',(#7568,#7454,#7455,#7569,#7570,#419,#7458,#7571));
#7584= IFCPROPERTYSET('2C0kDoidrDKxDPB5GVmOMD',#5,'ColumnBaseQuantities',$,(#7568,#7461,#423,#7573));
#7585= IFCPROPERTYSET('1z8y7mIbj1weWzd7IdCtNg',#5,'Pset_ColumnCommon','Definition from IAI: Properties common to the definition of all occurrences of IfcColumn.',(#430,#770,#431,#432,#434));
#7586= IFCRELAGGREGATES('1sY1Tk9Qz28Q$VHmJEbXW_',#5,$,$,#37,(#39));
#7587= IFCRELAGGREGATES('19U_xQDZ17Sga1h3eDjD0V',#5,$,$,#39,(#41));
#7588= IFCRELAGGREGATES('2cVaKlHOD7pQI5vIWKg2Os',#5,$,$,#41,(#43));
#7589= IFCRELAGGREGATES('2iZ$kUtan6lvFqKmXagbha',#5,$,$,#46,(#405,#286));
#7590= IFCRELAGGREGATES('1wTg2RtJb6SxOsDVJZ_rf6',#5,$,$,#439,(#457,#450));
#7591= IFCRELAGGREGATES('2U$TL4YpD4kOHTwBmtSflN',#5,$,$,#465,(#483,#476));
#7592= IFCRELAGGREGATES('0XmWeyBED7vwUXE1$TW8iK',#5,$,$,#491,(#7565,#6113,#6104,#6098,#755,#678,#638,#627,#553));
#7593= IFCRELAGGREGATES('1Yrl0i691FBA1ks8mVAgOp',#5,$,$,#774,(#7510,#3840,#3796,#3675,#851,#839,#830,#821,#809));
#7594= IFCRELAGGREGATES('3SWhPF4rrBO9u$D0kiRQY4',#5,$,$,#859,(#7448,#5679,#5670,#5555,#914,#901,#892,#883,#873));
#7595= IFCRELAGGREGATES('2rAH9DuWDA7Rlb3lss3Z6r',#5,$,$,#922,(#938,#931));
#7596= IFCRELAGGREGATES('2z6hs8UBHFFOogIKR9dXAs',#5,$,$,#944,(#7581,#6545,#6536,#6530,#2345,#2336,#2327,#2315,#952));
#7597= IFCRELAGGREGATES('1o3qnetLf6zuzYVZ7dDO43',#5,$,$,#961,(#1400,#1356,#1309,#1224,#1124));
#7598= IFCRELAGGREGATES('2$NQHR3Kn9ZgfaGnr_WhJZ',#5,$,$,#1414,(#1647,#1609,#1565,#1523,#1469));
#7599= IFCRELAGGREGATES('0Ao8IuZ3b77gvq5xJAAMom',#5,$,$,#1660,(#1708,#1698,#1688,#1678,#1668));
#7600= IFCRELAGGREGATES('0ugiLJIF50mBz8Rj4JA6fy',#5,$,$,#1714,(#1762,#1752,#1742,#1732,#1722));
#7601= IFCRELAGGREGATES('3rfA7q3$r7nwPBeRsnkhjK',#5,$,$,#1768,(#1816,#1806,#1796,#1786,#1776));
#7602= IFCRELAGGREGATES('0qXSEerGb5SQ2fdrCQhLOt',#5,$,$,#1822,(#1870,#1860,#1850,#1840,#1830));
#7603= IFCRELAGGREGATES('16o7cjkxjEkxtEUltP973w',#5,$,$,#1876,(#1924,#1914,#1904,#1894,#1884));
#7604= IFCRELAGGREGATES('0oOpMAOt19kfWhi4adlu$G',#5,$,$,#1930,(#1978,#1968,#1958,#1948,#1938));
#7605= IFCRELAGGREGATES('078jjVBij5OhtQ_N5S6ByR',#5,$,$,#1984,(#2032,#2022,#2012,#2002,#1992));
#7606= IFCRELAGGREGATES('24p$z2qoD2XAlwVw8F0xmN',#5,$,$,#2038,(#2086,#2076,#2066,#2056,#2046));
#7607= IFCRELAGGREGATES('2WhdmTXfHFUR13riqHG6Ly',#5,$,$,#2092,(#2497,#2486,#2475,#2113,#2102));
#7608= IFCRELAGGREGATES('0Q_H4YboTCFPgCnzVuPy67',#5,$,$,#2119,(#2582,#2572,#2562,#2137,#2127));
#7609= IFCRELAGGREGATES('3vCZBXesr6LQzuHPOaBG8N',#5,$,$,#2143,(#2655,#2645,#2635,#2161,#2151));
#7610= IFCRELAGGREGATES('2fXMwlbKL67uw9QgVqSE0T',#5,$,$,#2167,(#2699,#2689,#2679,#2185,#2175));
#7611= IFCRELAGGREGATES('1c1ZwVIarFw91i4RkSa1B7',#5,$,$,#2191,(#2772,#2762,#2752,#2209,#2199));
#7612= IFCRELAGGREGATES('050j$sWj97DPy_SkarQgiq',#5,$,$,#2215,(#2816,#2806,#2796,#2233,#2223));
#7613= IFCRELAGGREGATES('0TAi9IuA90A871aInrolJO',#5,$,$,#2239,(#2880,#2870,#2860,#2257,#2247));
#7614= IFCRELAGGREGATES('3YIOLuwLL00RzPet0CJrYg',#5,$,$,#2263,(#2953,#2943,#2933,#2281,#2271));
#7615= IFCRELAGGREGATES('2nyKZh59HAmukaZistkDGG',#5,$,$,#2351,(#2399,#2389,#2379,#2369,#2359));
#7616= IFCRELAGGREGATES('0PibFao2PAeemjq4pwpPqE',#5,$,$,#2405,(#2452));
#7617= IFCRELAGGREGATES('3N3$qjR$j7yeOKvtf4uJQp',#5,$,$,#2504,(#2544));
#7618= IFCRELAGGREGATES('3d7cFozSjFNgGjU5uKhCD$',#5,$,$,#2588,(#2625));
#7619= IFCRELAGGREGATES('3dLsFMkYnE5OYDnjSOsM$B',#5,$,$,#2661,(#2669));
#7620= IFCRELAGGREGATES('3sxl77Ko93iPIGE2mkRrZy',#5,$,$,#2705,(#2742));
#7621= IFCRELAGGREGATES('1h6Xid6DTFsfHif89tQXA2',#5,$,$,#2778,(#2786));
#7622= IFCRELAGGREGATES('2iMG5HjyP5z93G4$hKFA6N',#5,$,$,#2822,(#2850));
#7623= IFCRELAGGREGATES('1BSFKRrLfESA$dtQHnRot7',#5,$,$,#2886,(#2923));
#7624= IFCRELAGGREGATES('32eb0VbIP5Zg9qKu3fDPlj',#5,$,$,#2959,(#2967));
#7625= IFCRELAGGREGATES('1FS6U0k5D1AxH1116i56uz',#5,$,$,#2973,(#3051,#3041,#3031,#2994,#2983));
#7626= IFCRELAGGREGATES('2cbQ0mLfTDSgr9ku6wP8Vk',#5,$,$,#3058,(#5307,#5055,#4807,#4797,#4787,#4765,#4599,#4543,#3967,#3858,#3514,#3440,#3069));
#7627= IFCRELAGGREGATES('2UMKKUm0b4bRz3Bgg36XUF',#5,$,$,#3069,(#3435,#3425,#3409,#3352,#3296,#3199,#3135));
#7628= IFCRELAGGREGATES('31VMKGMNT7aAXmbFpnvG70',#5,$,$,#3440,(#3509,#3499,#3489,#3479,#3469,#3459,#3448));
#7629= IFCRELAGGREGATES('3cI9Q6DvbDzR71tL5ttOus',#5,$,$,#3514,(#3583,#3573,#3563,#3553,#3543,#3533,#3522));
#7630= IFCRELAGGREGATES('1cMnYKdTX7EeQ8sJ_mBdVM',#5,$,$,#3858,(#3927,#3917,#3907,#3897,#3887,#3877,#3866));
#7631= IFCRELAGGREGATES('1IeD_Beqj3kuq3vxf5N1CL',#5,$,$,#5320,(#5857,#5844,#5830,#5820,#5810,#5800,#5790,#5781,#5763,#5685,#5473,#5399,#5324));
#7632= IFCRELAGGREGATES('24acIFj9bFU9hnSeQ5QkdM',#5,$,$,#5324,(#5394,#5384,#5374,#5364,#5354,#5344,#5332));
#7633= IFCRELAGGREGATES('2L6LP9Nvz7RO4JmxHQ10ir',#5,$,$,#5399,(#5468,#5458,#5448,#5438,#5428,#5418,#5407));
#7634= IFCRELAGGREGATES('2ENvB8TRf9mg1z1T7BL4Pq',#5,$,$,#5473,(#5542,#5532,#5522,#5512,#5502,#5492,#5481));
#7635= IFCRELAGGREGATES('04rZ1AmMXEkxpL0$CnSeiV',#5,$,$,#5685,(#5754,#5744,#5734,#5724,#5714,#5704,#5693));
#7636= IFCRELAGGREGATES('1iy2yv7xz0Je5ZglYM1$vq',#5,$,$,#5863,(#6291,#6278,#6264,#6254,#6244,#6234,#6224,#6215,#6197,#6119,#6015,#5941,#5867));
#7637= IFCRELAGGREGATES('0n5AYHZXz3fQElL0kQvWea',#5,$,$,#5867,(#5936,#5926,#5916,#5906,#5896,#5886,#5875));
#7638= IFCRELAGGREGATES('0GSazfTU9FzQVLHCdpzVUd',#5,$,$,#5941,(#6010,#6000,#5990,#5980,#5970,#5960,#5949));
#7639= IFCRELAGGREGATES('1PXoeQy195zwZPUrcYMHKH',#5,$,$,#6015,(#6084,#6074,#6064,#6054,#6044,#6034,#6023));
#7640= IFCRELAGGREGATES('1bGOF2cCb1$ApPbVYhwpZ$',#5,$,$,#6119,(#6188,#6178,#6168,#6158,#6148,#6138,#6127));
#7641= IFCRELAGGREGATES('1ESAg4Ajz4yBKWy$StvfNm',#5,$,$,#6296,(#6723,#6710,#6696,#6686,#6676,#6666,#6656,#6647,#6629,#6551,#6448,#6374,#6300));
#7642= IFCRELAGGREGATES('2kzBBZXGf7xhK9ZLJcTLRw',#5,$,$,#6300,(#6369,#6359,#6349,#6339,#6329,#6319,#6308));
#7643= IFCRELAGGREGATES('33b$iibtb7z8egSQNwvGhq',#5,$,$,#6374,(#6443,#6433,#6423,#6413,#6403,#6393,#6382));
#7644= IFCRELAGGREGATES('3Ne8WN3Vb2LvG5HOCOU_j7',#5,$,$,#6448,(#6517,#6507,#6497,#6487,#6477,#6467,#6456));
#7645= IFCRELAGGREGATES('3ZX02W9KLBWRlgRTYgQPZF',#5,$,$,#6551,(#6620,#6610,#6600,#6590,#6580,#6570,#6559));
#7646= IFCRELAGGREGATES('3tWjVTwmP6cu0CAmMyaVTc',#5,$,$,#6728,(#6736));
#7647= IFCRELAGGREGATES('1ddmlMG4v7twjFVlWkmTu4',#5,$,$,#6742,(#6790));
#7648= IFCRELAGGREGATES('10Xvi4oLr9XgxqqQ4_LaOI',#5,$,$,#6809,(#6983));
#7649= IFCRELAGGREGATES('0kmcTogQzBBBdIxDrVoPUk',#5,$,$,#6997,(#7157));
#7650= IFCRELAGGREGATES('2gn$1hsDnDygKYGkMJ4wMr',#5,$,$,#7170,(#7376));
#7651= IFCRELCONTAINEDINSPATIALSTRUCTURE('2fimTOBJ90vu3wXgSzf2h3',#5,$,$,(#7170,#6997,#6809,#6742,#6728,#6296,#5863,#5320,#3058,#2973,#2959,#2886,#2822,#2778,#2705,#2661,#2588,#2504,#2405,#2351,#2263,#2239,#2215,#2191,#2167,#2143,#2119,#2092,#2038,#1984,#1930,#1876,#1822,#1768,#1714,#1660,#1414,#961,#944,#922,#859,#774,#491,#465,#439,#46),#43);
#7652= IFCRELCONNECTSWITHREALIZINGELEMENTS('1ZYhEyAXj6S9QPcOnh9qyN',#5,$,$,$,#7581,#6545,(#6536),$);
#7653= IFCRELCONNECTSWITHREALIZINGELEMENTS('1c9UrMg8D2hRC4QMg_g65_',#5,$,$,$,#7581,#2345,(#2336,#2327,#2315),$);
#7654= IFCRELCONNECTSWITHREALIZINGELEMENTS('0_GnUd2av8mhrw6a6AMpdm',#5,$,$,$,#7565,#6113,(#6104),$);
#7655= IFCRELCONNECTSWITHREALIZINGELEMENTS('2stc5qazX4Mut4LDqZ3Zeb',#5,$,$,$,#7565,#678,(#638,#627,#553),$);
#7656= IFCRELCONNECTSWITHREALIZINGELEMENTS('02xlLl2Er6F9$_6983J1tG',#5,$,$,$,#7510,#3840,(#3796),$);
#7657= IFCRELCONNECTSWITHREALIZINGELEMENTS('1FH8oHm5v2qQvI$_EvcI19',#5,$,$,$,#7510,#839,(#830,#821,#809),$);
#7658= IFCRELCONNECTSWITHREALIZINGELEMENTS('0BfFA7fs5BHevff2JLNUYW',#5,$,$,$,#7448,#5679,(#5670),$);
#7659= IFCRELCONNECTSWITHREALIZINGELEMENTS('0zgNhal2538B$FOrINxbrT',#5,$,$,$,#7448,#901,(#892,#883,#873),$);
#7660= IFCRELCONNECTSWITHREALIZINGELEMENTS('0_MBnDF5z7$ukbzh1TlqS$',#5,$,$,$,#1400,#1356,(#1309),$);
#7661= IFCRELDEFINESBYPROPERTIES('0zjS_Cx4H1Jg8g795jN6ed',#5,$,$,(#46),#55);
#7662= IFCRELDEFINESBYPROPERTIES('011ZiNkDLD7gqWj$NuDiVS',#5,$,$,(#46),#57);
#7663= IFCRELDEFINESBYPROPERTIES('0ZCyl9vHD4zhkAJR9VQ0J2',#5,$,$,(#286),#304);
#7664= IFCRELDEFINESBYPROPERTIES('3oG0mXoITFL9Gv6OjV1jDt',#5,$,$,(#405),#414);
#7665= IFCRELDEFINESBYPROPERTIES('3yDxPB7_5DD9GVszJb5ytS',#5,$,$,(#405),#422);
#7666= IFCRELDEFINESBYPROPERTIES('1IqiVo7_1DFgBxc$3rFhNN',#5,$,$,(#405),#429);
#7667= IFCRELDEFINESBYPROPERTIES('0p0E$bF897AfymP_dllu1N',#5,$,$,(#405),#436);
#7668= IFCRELDEFINESBYPROPERTIES('22lxNtgGL3_eicQDFjFyBS',#5,$,$,(#439),#442);
#7669= IFCRELDEFINESBYPROPERTIES('2ZnZ1CxobFZ88MAxyB3Ucp',#5,$,$,(#439),#443);
#7670= IFCRELDEFINESBYPROPERTIES('2R0$ka1Wj1oeRXTF8ol9gc',#5,$,$,(#450),#451);
#7671= IFCRELDEFINESBYPROPERTIES('1F$$XISef15Q2vkEMzrw0o',#5,$,$,(#457),#460);
#7672= IFCRELDEFINESBYPROPERTIES('16qOFoMtrBGOgzi0CwbB2J',#5,$,$,(#457),#461);
#7673= IFCRELDEFINESBYPROPERTIES('1Oj33CtoT0M918hmEAzVTX',#5,$,$,(#457),#462);
#7674= IFCRELDEFINESBYPROPERTIES('0uEVTH0xL3GwD0mQ82hoOE',#5,$,$,(#457),#463);
#7675= IFCRELDEFINESBYPROPERTIES('3cpEZOZVb2Tx8u2z2aX5SJ',#5,$,$,(#465),#468);
#7676= IFCRELDEFINESBYPROPERTIES('1rleuCFfT82xuGvmBc2P3k',#5,$,$,(#465),#469);
#7677= IFCRELDEFINESBYPROPERTIES('0ubrdBaCf6awWMLYBCuY7t',#5,$,$,(#476),#477);
#7678= IFCRELDEFINESBYPROPERTIES('3Opo_DzYT6Hu_SBJyCF_aP',#5,$,$,(#483),#486);
#7679= IFCRELDEFINESBYPROPERTIES('2Siv8atu9ATwZrGbiSgFS0',#5,$,$,(#483),#487);
#7680= IFCRELDEFINESBYPROPERTIES('0lu1xeI_nBIPKf6v2NTqLW',#5,$,$,(#483),#488);
#7681= IFCRELDEFINESBYPROPERTIES('08f$JNw4v8OhPz45w2Elzl',#5,$,$,(#483),#489);
#7682= IFCRELDEFINESBYPROPERTIES('2UdDVSI1X9xQ0jR1WNUuof',#5,$,$,(#491),#496);
#7683= IFCRELDEFINESBYPROPERTIES('0NU9dbXdj3Tgh7wWFM40eY',#5,$,$,(#491),#498);
#7684= IFCRELDEFINESBYPROPERTIES('3lq4KJhUT1wBi4Ggxoy9C7',#5,$,$,(#553),#566);
#7685= IFCRELDEFINESBYPROPERTIES('0bhvIZx8j02e5EEPDnMvZH',#5,$,$,(#553),#581);
#7686= IFCRELDEFINESBYPROPERTIES('3J81i6f4zAxh0cduAgUqyl',#5,$,$,(#553),#596);
#7687= IFCRELDEFINESBYPROPERTIES('0LgeRUS7T53RuClO8raEhM',#5,$,$,(#627),#628);
#7688= IFCRELDEFINESBYPROPERTIES('25dIVt1mr99wNnJ0qP_G3h',#5,$,$,(#627),#629);
#7689= IFCRELDEFINESBYPROPERTIES('0dt8Z2ARv3wQxdd4Q$V_kX',#5,$,$,(#627),#631);
#7690= IFCRELDEFINESBYPROPERTIES('2qyjzoljPBavkKfO6Mv8Fh',#5,$,$,(#638),#639);
#7691= IFCRELDEFINESBYPROPERTIES('13w_qkiJzB0ux8wz1jyWaX',#5,$,$,(#638),#640);
#7692= IFCRELDEFINESBYPROPERTIES('3IqwbRoof5Gh$g95Wh2KHC',#5,$,$,(#638),#641);
#7693= IFCRELDEFINESBYPROPERTIES('1eyVz3bYT5BR8zrf2X7tJ8',#5,$,$,(#678),#682);
#7694= IFCRELDEFINESBYPROPERTIES('2_RIEW0R1E_xSeqn_C7Rcn',#5,$,$,(#678),#689);
#7695= IFCRELDEFINESBYPROPERTIES('3L8W8NFJH7PAoK1aN8nP6E',#5,$,$,(#678),#692);
#7696= IFCRELDEFINESBYPROPERTIES('3yn0krnCL5VOhicD9yFIRP',#5,$,$,(#678),#695);
#7697= IFCRELDEFINESBYPROPERTIES('0XHGdEbDz1swAeYtiLxtEB',#5,$,$,(#755),#760);
#7698= IFCRELDEFINESBYPROPERTIES('3Re1qklXb4jvF5LLgXhFww',#5,$,$,(#755),#768);
#7699= IFCRELDEFINESBYPROPERTIES('0WIaLQpQjASAFQ1hBjchIT',#5,$,$,(#755),#769);
#7700= IFCRELDEFINESBYPROPERTIES('3YKtaM65f9Df18TpyvvzVx',#5,$,$,(#755),#771);
#7701= IFCRELDEFINESBYPROPERTIES('1KbCx9hpzATgRe1pKJ8cqJ',#5,$,$,(#774),#778);
#7702= IFCRELDEFINESBYPROPERTIES('10GvmD$N14lOp6vJBMeCY$',#5,$,$,(#774),#779);
#7703= IFCRELDEFINESBYPROPERTIES('0zWtSZmNzET9PjndqYy1nL',#5,$,$,(#809),#810);
#7704= IFCRELDEFINESBYPROPERTIES('3PlErPB1D9s8Mghu58O3wr',#5,$,$,(#809),#811);
#7705= IFCRELDEFINESBYPROPERTIES('2uzrAz8OrCA8WQmb6Q4Nag',#5,$,$,(#809),#812);
#7706= IFCRELDEFINESBYPROPERTIES('2K$M1CUJXAuvZ3iAgIwrFc',#5,$,$,(#821),#822);
#7707= IFCRELDEFINESBYPROPERTIES('3T7x1W2k16lR8KYWKv__xw',#5,$,$,(#821),#823);
#7708= IFCRELDEFINESBYPROPERTIES('0qzRfIMZH8CeRrre2CwBZL',#5,$,$,(#821),#824);
#7709= IFCRELDEFINESBYPROPERTIES('1ZtADO3Lv9OfAKDCJAqJJn',#5,$,$,(#830),#831);
#7710= IFCRELDEFINESBYPROPERTIES('058fKYZCL8hPmyBpOyAOSY',#5,$,$,(#830),#832);
#7711= IFCRELDEFINESBYPROPERTIES('0QruBZ_4j7agpatLtB5kK7',#5,$,$,(#830),#833);
#7712= IFCRELDEFINESBYPROPERTIES('0C2Hqykdb4vAVTIjw7B0lK',#5,$,$,(#839),#842);
#7713= IFCRELDEFINESBYPROPERTIES('0Vd_IYdX14ofC4_xHaOGVy',#5,$,$,(#839),#843);
#7714= IFCRELDEFINESBYPROPERTIES('0_7teNYBPAsev8oqXVD7Dp',#5,$,$,(#839),#844);
#7715= IFCRELDEFINESBYPROPERTIES('0aMYIZnj11SgbaGi_RwsMH',#5,$,$,(#839),#845);
#7716= IFCRELDEFINESBYPROPERTIES('3M5lm24Jz8kvB2Cq1vM$3e',#5,$,$,(#851),#854);
#7717= IFCRELDEFINESBYPROPERTIES('1JrFrW4f1C$RC_REsXSILm',#5,$,$,(#851),#855);
#7718= IFCRELDEFINESBYPROPERTIES('3$BiwtA0L9thVpW2bqxFLZ',#5,$,$,(#851),#856);
#7719= IFCRELDEFINESBYPROPERTIES('0V_wodyrrBqQKtYbsuNckj',#5,$,$,(#851),#857);
#7720= IFCRELDEFINESBYPROPERTIES('1mWv6KpAjAyOI8DjfV8Ny9',#5,$,$,(#859),#863);
#7721= IFCRELDEFINESBYPROPERTIES('2yYjVM9W1FSeLXN$T5zZbB',#5,$,$,(#859),#864);
#7722= IFCRELDEFINESBYPROPERTIES('0mDBBxZLf6de$gvjky5enP',#5,$,$,(#873),#874);
#7723= IFCRELDEFINESBYPROPERTIES('0JgtPWa9n7GgK5yy3wx44u',#5,$,$,(#873),#875);
#7724= IFCRELDEFINESBYPROPERTIES('0suYkLSUHCG99FWAyTLGH$',#5,$,$,(#873),#877);
#7725= IFCRELDEFINESBYPROPERTIES('35PwgnAnH8buo4pa0aMiST',#5,$,$,(#883),#884);
#7726= IFCRELDEFINESBYPROPERTIES('0xIXr2sIX0Ch60DQyzCW4Z',#5,$,$,(#883),#885);
#7727= IFCRELDEFINESBYPROPERTIES('20Z28xmsD7ERf5mx3hlr3h',#5,$,$,(#883),#886);
#7728= IFCRELDEFINESBYPROPERTIES('112PbXt89FbwnVkfUFQC_H',#5,$,$,(#892),#893);
#7729= IFCRELDEFINESBYPROPERTIES('3Xp$94we991xKxxdJGqlq2',#5,$,$,(#892),#894);
#7730= IFCRELDEFINESBYPROPERTIES('3R1_6wBu1Fs8jjepk9UyOT',#5,$,$,(#892),#895);
#7731= IFCRELDEFINESBYPROPERTIES('3d$GVaIDr96v1OGmSUrad5',#5,$,$,(#901),#904);
#7732= IFCRELDEFINESBYPROPERTIES('2E6CZpWjLD4eUIK_3losnM',#5,$,$,(#901),#905);
#7733= IFCRELDEFINESBYPROPERTIES('1cW0unUbH02uURajzUysHh',#5,$,$,(#901),#906);
#7734= IFCRELDEFINESBYPROPERTIES('2yhxz0IEz1vhZgo0gHukFT',#5,$,$,(#901),#907);
#7735= IFCRELDEFINESBYPROPERTIES('3NT8yAMvn6Yvn6cnqWTe6X',#5,$,$,(#914),#917);
#7736= IFCRELDEFINESBYPROPERTIES('3Wq62irG12EeihALLDmJPE',#5,$,$,(#914),#918);
#7737= IFCRELDEFINESBYPROPERTIES('0RDr9Yfpv8CgX3fcCH54QU',#5,$,$,(#914),#919);
#7738= IFCRELDEFINESBYPROPERTIES('12JDrPODDECw3pUzh0waCx',#5,$,$,(#914),#920);
#7739= IFCRELDEFINESBYPROPERTIES('3PTc8sMFH7ths_AFGk$82F',#5,$,$,(#922),#923);
#7740= IFCRELDEFINESBYPROPERTIES('2WUa$lZkT1mBaMUsyVHaOD',#5,$,$,(#922),#924);
#7741= IFCRELDEFINESBYPROPERTIES('2APxjn7hDFjRW2CBEbClhp',#5,$,$,(#931),#932);
#7742= IFCRELDEFINESBYPROPERTIES('2Z1qqqQOn4xgy9qZuy3Gti',#5,$,$,(#938),#939);
#7743= IFCRELDEFINESBYPROPERTIES('15vT$_T0T5NeKbyRu9UYNz',#5,$,$,(#938),#940);
#7744= IFCRELDEFINESBYPROPERTIES('1ZnFgPr5vAABpQ_FT894Tg',#5,$,$,(#938),#941);
#7745= IFCRELDEFINESBYPROPERTIES('0OPlMRaRb87flv8rB3enTV',#5,$,$,(#938),#942);
#7746= IFCRELDEFINESBYPROPERTIES('0G2SXvi692U9S2ueS$6h5V',#5,$,$,(#944),#945);
#7747= IFCRELDEFINESBYPROPERTIES('35twU7oxL6nQFuNdejAHjb',#5,$,$,(#944),#946);
#7748= IFCRELDEFINESBYPROPERTIES('1TyAjHwTX7OuM4xtjxkQy2',#5,$,$,(#952),#953);
#7749= IFCRELDEFINESBYPROPERTIES('28ZmE8MXj6lw_EcH8IuJFV',#5,$,$,(#952),#954);
#7750= IFCRELDEFINESBYPROPERTIES('0r2g534jf38OXYWHlujVjb',#5,$,$,(#952),#955);
#7751= IFCRELDEFINESBYPROPERTIES('0mjzGexIzBTemN5r1HBG2p',#5,$,$,(#952),#956);
#7752= IFCRELDEFINESBYPROPERTIES('0nJt0MTnHEQhNwYsjLVlJR',#5,$,$,(#961),#966);
#7753= IFCRELDEFINESBYPROPERTIES('1SRPYFLvrDKgz9_ZTjBzMT',#5,$,$,(#961),#968);
#7754= IFCRELDEFINESBYPROPERTIES('0YN0eY6tT72PSG4MYfjRHU',#5,$,$,(#1124),#1134);
#7755= IFCRELDEFINESBYPROPERTIES('19lH3DDRf9X8hUmM8QuyWz',#5,$,$,(#1224),#1225);
#7756= IFCRELDEFINESBYPROPERTIES('1oEYV3$NDCHhZcNZbfqNw9',#5,$,$,(#1309),#1312);
#7757= IFCRELDEFINESBYPROPERTIES('1bJdd4tST998p2CoB4zdHD',#5,$,$,(#1309),#1315);
#7758= IFCRELDEFINESBYPROPERTIES('3De7zzwKTBDeuyYW4LCRtg',#5,$,$,(#1309),#1318);
#7759= IFCRELDEFINESBYPROPERTIES('1aQnWA40HFexD8GxHlpMcj',#5,$,$,(#1356),#1360);
#7760= IFCRELDEFINESBYPROPERTIES('1RZTIXpk9DBB8GJhznt0HS',#5,$,$,(#1356),#1366);
#7761= IFCRELDEFINESBYPROPERTIES('1b19Gbsxj32vP3fmbv6m5r',#5,$,$,(#1356),#1370);
#7762= IFCRELDEFINESBYPROPERTIES('3z38iS4j94beto$37La1Ce',#5,$,$,(#1356),#1371);
#7763= IFCRELDEFINESBYPROPERTIES('0eaiBNdjj2OQomlPED5cGI',#5,$,$,(#1400),#1403);
#7764= IFCRELDEFINESBYPROPERTIES('0teyiLCib3VuJlGwdbW3IK',#5,$,$,(#1400),#1409);
#7765= IFCRELDEFINESBYPROPERTIES('0rBAkyETr89fWIprI5b8oV',#5,$,$,(#1400),#1411);
#7766= IFCRELDEFINESBYPROPERTIES('1UZ9KeTV9F$9g$JMLC43qO',#5,$,$,(#1400),#1412);
#7767= IFCRELDEFINESBYPROPERTIES('3d21QB$ITB8xfDGB8BQNjL',#5,$,$,(#1414),#1419);
#7768= IFCRELDEFINESBYPROPERTIES('2FyHlHKOX2KBbM642P_pE4',#5,$,$,(#1414),#1421);
#7769= IFCRELDEFINESBYPROPERTIES('2yhF0uNMbDpx9cCeS3S0Hq',#5,$,$,(#1469),#1473);
#7770= IFCRELDEFINESBYPROPERTIES('2AeFDjVivEIvYGLlUEj4V2',#5,$,$,(#1469),#1480);
#7771= IFCRELDEFINESBYPROPERTIES('0v2IDnDNzCgguUw42cpl6S',#5,$,$,(#1469),#1482);
#7772= IFCRELDEFINESBYPROPERTIES('3YBBxzVUjDveipdv6ekzAq',#5,$,$,(#1469),#1483);
#7773= IFCRELDEFINESBYPROPERTIES('2sOhNBmSX9bQ3xbxMPEVUw',#5,$,$,(#1523),#1524);
#7774= IFCRELDEFINESBYPROPERTIES('3obywpUqr2b8WUc52$wEgL',#5,$,$,(#1523),#1525);
#7775= IFCRELDEFINESBYPROPERTIES('2l_LIS8Dj7gAm$Mk7QGJQm',#5,$,$,(#1523),#1526);
#7776= IFCRELDEFINESBYPROPERTIES('2ZEcUXCuLAFxVgfzPa3eBs',#5,$,$,(#1523),#1527);
#7777= IFCRELDEFINESBYPROPERTIES('3UNNTtjWLDPRf$6Wcz7EBG',#5,$,$,(#1565),#1568);
#7778= IFCRELDEFINESBYPROPERTIES('2hpJMDS7X2N9CgvlfSaVIW',#5,$,$,(#1565),#1573);
#7779= IFCRELDEFINESBYPROPERTIES('3Qfym1lTP6TvxWqCnTOqy1',#5,$,$,(#1565),#1575);
#7780= IFCRELDEFINESBYPROPERTIES('3ztnuMepDAlP7oVW0kLc4w',#5,$,$,(#1565),#1576);
#7781= IFCRELDEFINESBYPROPERTIES('2MBvh9WMz8$AEvPQxgDl5_',#5,$,$,(#1609),#1610);
#7782= IFCRELDEFINESBYPROPERTIES('0KXZTb3X1DCRmMr0DvCvxZ',#5,$,$,(#1609),#1611);
#7783= IFCRELDEFINESBYPROPERTIES('0D5hrY9Vv1xAh9Qi5bB1eG',#5,$,$,(#1609),#1612);
#7784= IFCRELDEFINESBYPROPERTIES('3qtvjG4DbDdf2D5b7UiY6U',#5,$,$,(#1609),#1613);
#7785= IFCRELDEFINESBYPROPERTIES('0lc9vcSKX1nQqxZU3yxyo5',#5,$,$,(#1647),#1650);
#7786= IFCRELDEFINESBYPROPERTIES('34HNNj$af5OQfklfDtBWIR',#5,$,$,(#1647),#1655);
#7787= IFCRELDEFINESBYPROPERTIES('3gBq1BgXLECuOnLAEzIN1S',#5,$,$,(#1647),#1657);
#7788= IFCRELDEFINESBYPROPERTIES('2eF7zWxeT1GOJeR$Ij8c6a',#5,$,$,(#1647),#1658);
#7789= IFCRELDEFINESBYPROPERTIES('3zAeRw1uvE5AawssyqZqIi',#5,$,$,(#1660),#1661);
#7790= IFCRELDEFINESBYPROPERTIES('3qgnJWm6X8qAwN5AE8fCBf',#5,$,$,(#1660),#1662);
#7791= IFCRELDEFINESBYPROPERTIES('2a8LxOBt5CjPjnvCkGk8E2',#5,$,$,(#1668),#1669);
#7792= IFCRELDEFINESBYPROPERTIES('0q75JVIHfA6xPkRjCowvaN',#5,$,$,(#1668),#1670);
#7793= IFCRELDEFINESBYPROPERTIES('3_cOQFHrbFJAypwPZ5RWo9',#5,$,$,(#1668),#1671);
#7794= IFCRELDEFINESBYPROPERTIES('3gBaWVnonEjgzbbblvz1Tl',#5,$,$,(#1668),#1672);
#7795= IFCRELDEFINESBYPROPERTIES('1AZ88ei2r1ZeQpGcK75Ze0',#5,$,$,(#1678),#1679);
#7796= IFCRELDEFINESBYPROPERTIES('0EUsNuS9TAZx5dl6XIbMzF',#5,$,$,(#1678),#1680);
#7797= IFCRELDEFINESBYPROPERTIES('0EBsBm9Q55ZBfRIt07Lopw',#5,$,$,(#1678),#1681);
#7798= IFCRELDEFINESBYPROPERTIES('1FJ7jKNDv4M8xTomCiJq6H',#5,$,$,(#1678),#1682);
#7799= IFCRELDEFINESBYPROPERTIES('3j$a_DRyH8rOLeWFU7nER0',#5,$,$,(#1688),#1689);
#7800= IFCRELDEFINESBYPROPERTIES('1mqAAORqfD1g5GNtBAKXVd',#5,$,$,(#1688),#1690);
#7801= IFCRELDEFINESBYPROPERTIES('38k1kJuLPBsOj$BiCj4jdr',#5,$,$,(#1688),#1691);
#7802= IFCRELDEFINESBYPROPERTIES('1$oJ6uDLv9YeLCqzHeyzpB',#5,$,$,(#1688),#1692);
#7803= IFCRELDEFINESBYPROPERTIES('1emzNzXmr4WQjoFKuLv8Xo',#5,$,$,(#1698),#1699);
#7804= IFCRELDEFINESBYPROPERTIES('01t9vwW8vEnhHVHKAL7m6F',#5,$,$,(#1698),#1700);
#7805= IFCRELDEFINESBYPROPERTIES('18HBLyrK54jP8wO$i0661e',#5,$,$,(#1698),#1701);
#7806= IFCRELDEFINESBYPROPERTIES('1Ehp86FKD3fv3FczlXvgPE',#5,$,$,(#1698),#1702);
#7807= IFCRELDEFINESBYPROPERTIES('2r5tB4dyPE99rz7Qhu76Om',#5,$,$,(#1708),#1709);
#7808= IFCRELDEFINESBYPROPERTIES('1FJt3snZnDwwczzop7bCmX',#5,$,$,(#1708),#1710);
#7809= IFCRELDEFINESBYPROPERTIES('1DBejM8iPALhxcwd4wfQtP',#5,$,$,(#1708),#1711);
#7810= IFCRELDEFINESBYPROPERTIES('2RbVAhOtj9H9K6mhk5hYvh',#5,$,$,(#1708),#1712);
#7811= IFCRELDEFINESBYPROPERTIES('0C6g492vHEJwmq5cOVRO1e',#5,$,$,(#1714),#1715);
#7812= IFCRELDEFINESBYPROPERTIES('1CMD6qVFj5wuliatICL$SZ',#5,$,$,(#1714),#1716);
#7813= IFCRELDEFINESBYPROPERTIES('3XRrhz8Rr49vfbQ9DxT5Zs',#5,$,$,(#1722),#1723);
#7814= IFCRELDEFINESBYPROPERTIES('0t_mJOP051Guhovvaaj6mf',#5,$,$,(#1722),#1724);
#7815= IFCRELDEFINESBYPROPERTIES('39oVlNMLzAfxqswKjBfYZF',#5,$,$,(#1722),#1725);
#7816= IFCRELDEFINESBYPROPERTIES('15iXuzp4934xdInXzoBS7P',#5,$,$,(#1722),#1726);
#7817= IFCRELDEFINESBYPROPERTIES('3np7M5wVf3YvNbiF62gLFD',#5,$,$,(#1732),#1733);
#7818= IFCRELDEFINESBYPROPERTIES('3ffa4iyhTC8Rb2sTruroVM',#5,$,$,(#1732),#1734);
#7819= IFCRELDEFINESBYPROPERTIES('1LezCMxIvDfufiZCK2NG22',#5,$,$,(#1732),#1735);
#7820= IFCRELDEFINESBYPROPERTIES('126ym4iPnDkhdfAjKbvfFn',#5,$,$,(#1732),#1736);
#7821= IFCRELDEFINESBYPROPERTIES('14jtbicbr66xYFnltptQJ7',#5,$,$,(#1742),#1743);
#7822= IFCRELDEFINESBYPROPERTIES('3KZZ1Sdpv7Th3etLHVL0Yp',#5,$,$,(#1742),#1744);
#7823= IFCRELDEFINESBYPROPERTIES('07ie9352n0j8LebPeVE1S3',#5,$,$,(#1742),#1745);
#7824= IFCRELDEFINESBYPROPERTIES('0pOXkoyk51OuDbaaVCBf7a',#5,$,$,(#1742),#1746);
#7825= IFCRELDEFINESBYPROPERTIES('2wck1mVED2huTfnO8aAgzP',#5,$,$,(#1752),#1753);
#7826= IFCRELDEFINESBYPROPERTIES('2V1UxSTUL3$fLJnddsrHdq',#5,$,$,(#1752),#1754);
#7827= IFCRELDEFINESBYPROPERTIES('3fBJswjLLBgfnlIYMo4zdP',#5,$,$,(#1752),#1755);
#7828= IFCRELDEFINESBYPROPERTIES('27LleoSa50bwxSRj$AUxm1',#5,$,$,(#1752),#1756);
#7829= IFCRELDEFINESBYPROPERTIES('3HUimenif01PS3E8TKFrwj',#5,$,$,(#1762),#1763);
#7830= IFCRELDEFINESBYPROPERTIES('3ey7_DIf54VhsFm07XLyHu',#5,$,$,(#1762),#1764);
#7831= IFCRELDEFINESBYPROPERTIES('2OWLd4x8P1ghRVt0U5TYTW',#5,$,$,(#1762),#1765);
#7832= IFCRELDEFINESBYPROPERTIES('3tWSgN5mr09B8Ta88uugj8',#5,$,$,(#1762),#1766);
#7833= IFCRELDEFINESBYPROPERTIES('3cc6Mx0yLCp86qJk8IvhgU',#5,$,$,(#1768),#1769);
#7834= IFCRELDEFINESBYPROPERTIES('00Fp8FKY9Fnwv4$ZEWqQfv',#5,$,$,(#1768),#1770);
#7835= IFCRELDEFINESBYPROPERTIES('1u1FDcVYvDrxEDfpqyZty2',#5,$,$,(#1776),#1777);
#7836= IFCRELDEFINESBYPROPERTIES('2cOXBkEQnDBwRv3rhKxVqz',#5,$,$,(#1776),#1778);
#7837= IFCRELDEFINESBYPROPERTIES('1ZkCxfC65EaPWzaB57SW8N',#5,$,$,(#1776),#1779);
#7838= IFCRELDEFINESBYPROPERTIES('0RLqHGrgL0fwsXuQZy1OES',#5,$,$,(#1776),#1780);
#7839= IFCRELDEFINESBYPROPERTIES('0tMyFRUxn1o8o3M365j8jP',#5,$,$,(#1786),#1787);
#7840= IFCRELDEFINESBYPROPERTIES('3fZlEmsNP9DBYoTobseDS6',#5,$,$,(#1786),#1788);
#7841= IFCRELDEFINESBYPROPERTIES('1G$68yuAL7OPITOKKWui_w',#5,$,$,(#1786),#1789);
#7842= IFCRELDEFINESBYPROPERTIES('3aAxzV1rL2I9Wlgy2kinhv',#5,$,$,(#1786),#1790);
#7843= IFCRELDEFINESBYPROPERTIES('2zP7dx22j4LfnjT7nNWdD4',#5,$,$,(#1796),#1797);
#7844= IFCRELDEFINESBYPROPERTIES('0I14rMGS51qBr7YQ0vC66r',#5,$,$,(#1796),#1798);
#7845= IFCRELDEFINESBYPROPERTIES('1xTQJa7_58gxU6SoBbQ952',#5,$,$,(#1796),#1799);
#7846= IFCRELDEFINESBYPROPERTIES('3UyIK0VE53A9sn81qIk5dd',#5,$,$,(#1796),#1800);
#7847= IFCRELDEFINESBYPROPERTIES('3ZMS5KhQ90nhHolnpRl4pQ',#5,$,$,(#1806),#1807);
#7848= IFCRELDEFINESBYPROPERTIES('28aRCCEnD8Cvo72V87rcua',#5,$,$,(#1806),#1808);
#7849= IFCRELDEFINESBYPROPERTIES('2Pu7vl0oL9lA9SiumE_PR4',#5,$,$,(#1806),#1809);
#7850= IFCRELDEFINESBYPROPERTIES('1AnDztvUD0Ax00eyn_2X5a',#5,$,$,(#1806),#1810);
#7851= IFCRELDEFINESBYPROPERTIES('1Zjh91yMTEkQ1vqKYICW46',#5,$,$,(#1816),#1817);
#7852= IFCRELDEFINESBYPROPERTIES('37xNnQ$Fv2cQ9eQnMZKoBl',#5,$,$,(#1816),#1818);
#7853= IFCRELDEFINESBYPROPERTIES('17noiEcVD2L8TIDErowk1r',#5,$,$,(#1816),#1819);
#7854= IFCRELDEFINESBYPROPERTIES('0vUdnxYxbC7hmTQgis$dSU',#5,$,$,(#1816),#1820);
#7855= IFCRELDEFINESBYPROPERTIES('0pXDYhd7PDMvXblM1YP0pj',#5,$,$,(#1822),#1823);
#7856= IFCRELDEFINESBYPROPERTIES('10R3$PU6XB7xx$o407lx7J',#5,$,$,(#1822),#1824);
#7857= IFCRELDEFINESBYPROPERTIES('0IcteguobBQwMzSIa3XRq1',#5,$,$,(#1830),#1831);
#7858= IFCRELDEFINESBYPROPERTIES('2C9GftLj5AxQuzEZXTzKgI',#5,$,$,(#1830),#1832);
#7859= IFCRELDEFINESBYPROPERTIES('2MuggYv49CFgbWaTklk8Qz',#5,$,$,(#1830),#1833);
#7860= IFCRELDEFINESBYPROPERTIES('3rWtpGcJr54vzwP4p_reMz',#5,$,$,(#1830),#1834);
#7861= IFCRELDEFINESBYPROPERTIES('1bne0K8kjFuPWYQsZPMipI',#5,$,$,(#1840),#1841);
#7862= IFCRELDEFINESBYPROPERTIES('0BiYyrhy99WuQFawG78zF0',#5,$,$,(#1840),#1842);
#7863= IFCRELDEFINESBYPROPERTIES('1c53F3dJPBTfArHG4k9ZPr',#5,$,$,(#1840),#1843);
#7864= IFCRELDEFINESBYPROPERTIES('29cEwbYLfA_vi6lqDDjAxd',#5,$,$,(#1840),#1844);
#7865= IFCRELDEFINESBYPROPERTIES('16XVk_K693XwRO2aftMkuy',#5,$,$,(#1850),#1851);
#7866= IFCRELDEFINESBYPROPERTIES('3hpmewvUn4ZOYidSr5jcQn',#5,$,$,(#1850),#1852);
#7867= IFCRELDEFINESBYPROPERTIES('1qGjY9Bab6Se0mzl9ZtrfV',#5,$,$,(#1850),#1853);
#7868= IFCRELDEFINESBYPROPERTIES('1bfeMNHrvA_QQ9rHDPWv4c',#5,$,$,(#1850),#1854);
#7869= IFCRELDEFINESBYPROPERTIES('0LMZ49MJHDXRNoY2rETmfa',#5,$,$,(#1860),#1861);
#7870= IFCRELDEFINESBYPROPERTIES('2uyIZbSHjF_OQyxfUUNYmW',#5,$,$,(#1860),#1862);
#7871= IFCRELDEFINESBYPROPERTIES('2ylF85AjP3vgUOXAXUE7eB',#5,$,$,(#1860),#1863);
#7872= IFCRELDEFINESBYPROPERTIES('2ZjEOnLBj4VAZk9kl3Wu5v',#5,$,$,(#1860),#1864);
#7873= IFCRELDEFINESBYPROPERTIES('1aRQW2FBnF6OxBiIE2cP0r',#5,$,$,(#1870),#1871);
#7874= IFCRELDEFINESBYPROPERTIES('3F3W9kttDEEOJW6CveS5LS',#5,$,$,(#1870),#1872);
#7875= IFCRELDEFINESBYPROPERTIES('3af2UnYbz7hfUMdPki4BCk',#5,$,$,(#1870),#1873);
#7876= IFCRELDEFINESBYPROPERTIES('2is5jaHv5AqAGUpcW0ivL7',#5,$,$,(#1870),#1874);
#7877= IFCRELDEFINESBYPROPERTIES('1ImsVnbKzEWxLKi0XxsPAQ',#5,$,$,(#1876),#1877);
#7878= IFCRELDEFINESBYPROPERTIES('3isewTcSP5sQkrpEB8JMOb',#5,$,$,(#1876),#1878);
#7879= IFCRELDEFINESBYPROPERTIES('1tkjFVz01DcgkV8fUm20$y',#5,$,$,(#1884),#1885);
#7880= IFCRELDEFINESBYPROPERTIES('1nAkTxgeXE8fp_zq5xuORf',#5,$,$,(#1884),#1886);
#7881= IFCRELDEFINESBYPROPERTIES('23w04JRQX3xf0T0d4znlGo',#5,$,$,(#1884),#1887);
#7882= IFCRELDEFINESBYPROPERTIES('3tSOwcGnz5iwXV6hPTvriJ',#5,$,$,(#1884),#1888);
#7883= IFCRELDEFINESBYPROPERTIES('00VW7CwjL5gQKSSTDZCsNL',#5,$,$,(#1894),#1895);
#7884= IFCRELDEFINESBYPROPERTIES('1$4gAT0rHDCwNgycE7J2XG',#5,$,$,(#1894),#1896);
#7885= IFCRELDEFINESBYPROPERTIES('2UwI1Ewob3UPUO1fn1Zw$R',#5,$,$,(#1894),#1897);
#7886= IFCRELDEFINESBYPROPERTIES('1OcCwccK1E2vK97Gz0QzSO',#5,$,$,(#1894),#1898);
#7887= IFCRELDEFINESBYPROPERTIES('2Xv$yVzDHC_OCbGyu$nRgH',#5,$,$,(#1904),#1905);
#7888= IFCRELDEFINESBYPROPERTIES('173jViv9P64eraKwssZUya',#5,$,$,(#1904),#1906);
#7889= IFCRELDEFINESBYPROPERTIES('1xNG5URIf2rBWR29V12S0q',#5,$,$,(#1904),#1907);
#7890= IFCRELDEFINESBYPROPERTIES('0Inprn4QX4mOdrOMcvYspt',#5,$,$,(#1904),#1908);
#7891= IFCRELDEFINESBYPROPERTIES('1Y_LklayDAJfxAoD88vM8Z',#5,$,$,(#1914),#1915);
#7892= IFCRELDEFINESBYPROPERTIES('3lxNs0sUXAhh64Nj9WOe$Z',#5,$,$,(#1914),#1916);
#7893= IFCRELDEFINESBYPROPERTIES('03flUkeJ58BfNgniM8iaBc',#5,$,$,(#1914),#1917);
#7894= IFCRELDEFINESBYPROPERTIES('2uDJs_QKLC8BKZEeBZ7mCs',#5,$,$,(#1914),#1918);
#7895= IFCRELDEFINESBYPROPERTIES('3k$TVScuD3fuXAoFg7NyLu',#5,$,$,(#1924),#1925);
#7896= IFCRELDEFINESBYPROPERTIES('1GYbLyXYDAcAtjRR49d5EW',#5,$,$,(#1924),#1926);
#7897= IFCRELDEFINESBYPROPERTIES('0R580G6l16Y8PlcIcgqykK',#5,$,$,(#1924),#1927);
#7898= IFCRELDEFINESBYPROPERTIES('2GU61cx2j7iQVmQVkX4HAH',#5,$,$,(#1924),#1928);
#7899= IFCRELDEFINESBYPROPERTIES('1Reor4gTTB8R$NoIfJJICX',#5,$,$,(#1930),#1931);
#7900= IFCRELDEFINESBYPROPERTIES('1eOW0FMD5Aa9hk0zZdGFBP',#5,$,$,(#1930),#1932);
#7901= IFCRELDEFINESBYPROPERTIES('243psjBeLBdvRJMaoJ1bvH',#5,$,$,(#1938),#1939);
#7902= IFCRELDEFINESBYPROPERTIES('2Q5Xxnq85DjPZ2CrYESi$c',#5,$,$,(#1938),#1940);
#7903= IFCRELDEFINESBYPROPERTIES('2jkKMvX5TBJeawgA1Rx8mM',#5,$,$,(#1938),#1941);
#7904= IFCRELDEFINESBYPROPERTIES('0MFQIUONn2ChZ8yuqoRQQs',#5,$,$,(#1938),#1942);
#7905= IFCRELDEFINESBYPROPERTIES('1zQd0So7z4Rf9L3dEZBCmb',#5,$,$,(#1948),#1949);
#7906= IFCRELDEFINESBYPROPERTIES('1IpxSFMHb1ZxzPQJEdM23w',#5,$,$,(#1948),#1950);
#7907= IFCRELDEFINESBYPROPERTIES('1Qfpbk69LASuXzIyAx45T2',#5,$,$,(#1948),#1951);
#7908= IFCRELDEFINESBYPROPERTIES('3CP4AtK1fFNe61a2_dEKRD',#5,$,$,(#1948),#1952);
#7909= IFCRELDEFINESBYPROPERTIES('12OzKp3uj05uWyZP8qlB9X',#5,$,$,(#1958),#1959);
#7910= IFCRELDEFINESBYPROPERTIES('2TDjJfoZ98axGhPTXl7zJB',#5,$,$,(#1958),#1960);
#7911= IFCRELDEFINESBYPROPERTIES('2s_QJFhU1EoP$Nhqm_sRFP',#5,$,$,(#1958),#1961);
#7912= IFCRELDEFINESBYPROPERTIES('2Nnob7jlP08wcOvfv2qiOk',#5,$,$,(#1958),#1962);
#7913= IFCRELDEFINESBYPROPERTIES('1GNRE0icL3jh0TpERVyOnm',#5,$,$,(#1968),#1969);
#7914= IFCRELDEFINESBYPROPERTIES('0axvx4fc5C_9cHqYDZP5GY',#5,$,$,(#1968),#1970);
#7915= IFCRELDEFINESBYPROPERTIES('2b6oRtUbLD8Q9Kd5Aqgppd',#5,$,$,(#1968),#1971);
#7916= IFCRELDEFINESBYPROPERTIES('2$jDAs1Af2XBwUd3mjZNSC',#5,$,$,(#1968),#1972);
#7917= IFCRELDEFINESBYPROPERTIES('3RqJ6hO5j6oBpKVGjD0sqw',#5,$,$,(#1978),#1979);
#7918= IFCRELDEFINESBYPROPERTIES('0ITBSZm5D64gpwvUjEb0AS',#5,$,$,(#1978),#1980);
#7919= IFCRELDEFINESBYPROPERTIES('3SwFLqsjDAZwZp3hGyCbvo',#5,$,$,(#1978),#1981);
#7920= IFCRELDEFINESBYPROPERTIES('3$A7OmWEf6ie50hJxAGBo3',#5,$,$,(#1978),#1982);
#7921= IFCRELDEFINESBYPROPERTIES('30HPNGj9D6oeX4jGXTu4VJ',#5,$,$,(#1984),#1985);
#7922= IFCRELDEFINESBYPROPERTIES('2$JxFxvS9EA8lJvy$UXyZb',#5,$,$,(#1984),#1986);
#7923= IFCRELDEFINESBYPROPERTIES('03K7vPg1T5xuK0Zj5RyViO',#5,$,$,(#1992),#1993);
#7924= IFCRELDEFINESBYPROPERTIES('35NtGpLzr9XAIyJLLqeMoi',#5,$,$,(#1992),#1994);
#7925= IFCRELDEFINESBYPROPERTIES('3mMxeer6H3q85PTksxEjlY',#5,$,$,(#1992),#1995);
#7926= IFCRELDEFINESBYPROPERTIES('3wM0173Rv4Be3NOPIrikrl',#5,$,$,(#1992),#1996);
#7927= IFCRELDEFINESBYPROPERTIES('23$KrUC6n8vQTR0APkDvbn',#5,$,$,(#2002),#2003);
#7928= IFCRELDEFINESBYPROPERTIES('1UgVMJ8WnBTgpaNT6unPWk',#5,$,$,(#2002),#2004);
#7929= IFCRELDEFINESBYPROPERTIES('2i2u3rnsv9fAT3ydTi8OYF',#5,$,$,(#2002),#2005);
#7930= IFCRELDEFINESBYPROPERTIES('2pneasq2fFxuy36G44bWIM',#5,$,$,(#2002),#2006);
#7931= IFCRELDEFINESBYPROPERTIES('30br9bRwr7PAC8CXfxpStQ',#5,$,$,(#2012),#2013);
#7932= IFCRELDEFINESBYPROPERTIES('1K7ewk2OT6iOTc4eynjiqj',#5,$,$,(#2012),#2014);
#7933= IFCRELDEFINESBYPROPERTIES('0XJYGYGFX5gfKzIAE6CBea',#5,$,$,(#2012),#2015);
#7934= IFCRELDEFINESBYPROPERTIES('3mFmE2Yjv0GfqniTe$KCtA',#5,$,$,(#2012),#2016);
#7935= IFCRELDEFINESBYPROPERTIES('05RtK4Ks94WO2rdIcgnYXp',#5,$,$,(#2022),#2023);
#7936= IFCRELDEFINESBYPROPERTIES('1hGT0Rd$19KvjJt5iW70_v',#5,$,$,(#2022),#2024);
#7937= IFCRELDEFINESBYPROPERTIES('1APdMgvWD6LfXWvI6OWAOy',#5,$,$,(#2022),#2025);
#7938= IFCRELDEFINESBYPROPERTIES('1yOg08uZvFEvbnDGz82eno',#5,$,$,(#2022),#2026);
#7939= IFCRELDEFINESBYPROPERTIES('1$a7u1k2H0FRJqaj8xe9YR',#5,$,$,(#2032),#2033);
#7940= IFCRELDEFINESBYPROPERTIES('0_$9Nrlej4zhx889zVdoF0',#5,$,$,(#2032),#2034);
#7941= IFCRELDEFINESBYPROPERTIES('28PFlUk6548Ao2dr8BOnPE',#5,$,$,(#2032),#2035);
#7942= IFCRELDEFINESBYPROPERTIES('09pdiTq$HDvfm4EVZHs8OJ',#5,$,$,(#2032),#2036);
#7943= IFCRELDEFINESBYPROPERTIES('0aY_Fz_mX9CxtaN7lnKgUu',#5,$,$,(#2038),#2039);
#7944= IFCRELDEFINESBYPROPERTIES('0P0zFc_KDCteWH6Z3eqlDB',#5,$,$,(#2038),#2040);
#7945= IFCRELDEFINESBYPROPERTIES('1RZ0q33Xf5vOuw7FzODlXn',#5,$,$,(#2046),#2047);
#7946= IFCRELDEFINESBYPROPERTIES('3p0Nii6AnBdQmV4Oc_R6QP',#5,$,$,(#2046),#2048);
#7947= IFCRELDEFINESBYPROPERTIES('2i_qs83Y18KQi$KtarbaHv',#5,$,$,(#2046),#2049);
#7948= IFCRELDEFINESBYPROPERTIES('3KYZc9birFjOjJb2cWvQ0I',#5,$,$,(#2046),#2050);
#7949= IFCRELDEFINESBYPROPERTIES('0EHtKCNuH9$fbMYHUjuNZC',#5,$,$,(#2056),#2057);
#7950= IFCRELDEFINESBYPROPERTIES('0EYfTE5WX5QPU1vTMapyiw',#5,$,$,(#2056),#2058);
#7951= IFCRELDEFINESBYPROPERTIES('016Y6HlM12yx1W2qmRD5HK',#5,$,$,(#2056),#2059);
#7952= IFCRELDEFINESBYPROPERTIES('3hpxKfGy1EePgtoGGJV2Gj',#5,$,$,(#2056),#2060);
#7953= IFCRELDEFINESBYPROPERTIES('0HhaPPTJ52bfnZd_MJkplW',#5,$,$,(#2066),#2067);
#7954= IFCRELDEFINESBYPROPERTIES('2FgqlEcz9BGACuetGR0uSH',#5,$,$,(#2066),#2068);
#7955= IFCRELDEFINESBYPROPERTIES('3Gwi$Nm_z39QIZSuv_Ec$U',#5,$,$,(#2066),#2069);
#7956= IFCRELDEFINESBYPROPERTIES('3ntdnSAIf8AQNwVJfZPxQs',#5,$,$,(#2066),#2070);
#7957= IFCRELDEFINESBYPROPERTIES('2QE6Z_HFvDvBG$G0Ezf9DM',#5,$,$,(#2076),#2077);
#7958= IFCRELDEFINESBYPROPERTIES('0u6hsAlpXELverey4O0ot7',#5,$,$,(#2076),#2078);
#7959= IFCRELDEFINESBYPROPERTIES('2lAErGG_X4gAyHw2SfRLEA',#5,$,$,(#2076),#2079);
#7960= IFCRELDEFINESBYPROPERTIES('3En_r4WljEIhQBKVTDvgPO',#5,$,$,(#2076),#2080);
#7961= IFCRELDEFINESBYPROPERTIES('1oY4OLP$1BhRlfnH3V1YWN',#5,$,$,(#2086),#2087);
#7962= IFCRELDEFINESBYPROPERTIES('0mgWVnKur0HvYBmkdb3TAa',#5,$,$,(#2086),#2088);
#7963= IFCRELDEFINESBYPROPERTIES('2xg$rAG7v9IOM2i$p7NhuC',#5,$,$,(#2086),#2089);
#7964= IFCRELDEFINESBYPROPERTIES('1OE2h0sG1A9BYuC5fhr0M3',#5,$,$,(#2086),#2090);
#7965= IFCRELDEFINESBYPROPERTIES('1s$Yygro58EAsD8PKGIZFO',#5,$,$,(#2092),#2095);
#7966= IFCRELDEFINESBYPROPERTIES('0tKuDukqf3ugDBmfyjfrdX',#5,$,$,(#2092),#2096);
#7967= IFCRELDEFINESBYPROPERTIES('2VVoehuRDEsghIaD9KjTl8',#5,$,$,(#2102),#2104);
#7968= IFCRELDEFINESBYPROPERTIES('2YrG0hX3H45PzII34bq1Qx',#5,$,$,(#2102),#2105);
#7969= IFCRELDEFINESBYPROPERTIES('3716cPnEnEheKXcsLIVAGg',#5,$,$,(#2102),#2106);
#7970= IFCRELDEFINESBYPROPERTIES('2KK9$QtzDAQhUg$2bj0Ow1',#5,$,$,(#2102),#2107);
#7971= IFCRELDEFINESBYPROPERTIES('0xMs4nDdHBegSXEWM3fvSb',#5,$,$,(#2113),#2114);
#7972= IFCRELDEFINESBYPROPERTIES('3w7xsXzaXFJx0byZ3c6gF_',#5,$,$,(#2113),#2115);
#7973= IFCRELDEFINESBYPROPERTIES('0Iriu286fAfRRKCaKtZDAj',#5,$,$,(#2113),#2116);
#7974= IFCRELDEFINESBYPROPERTIES('1P0e4b54DC_Q6wUcFq3qtY',#5,$,$,(#2113),#2117);
#7975= IFCRELDEFINESBYPROPERTIES('23x_mH7Uv4G9rWHu_Tr4u6',#5,$,$,(#2119),#2120);
#7976= IFCRELDEFINESBYPROPERTIES('1vX1DJV_LDvfAGg5uR70U0',#5,$,$,(#2119),#2121);
#7977= IFCRELDEFINESBYPROPERTIES('07edsCNPz0nAU75LYQ8EHX',#5,$,$,(#2127),#2128);
#7978= IFCRELDEFINESBYPROPERTIES('38rROvx2HEi9akreehxVfH',#5,$,$,(#2127),#2129);
#7979= IFCRELDEFINESBYPROPERTIES('35bB_Ceo91IunQoGmtgNNs',#5,$,$,(#2127),#2130);
#7980= IFCRELDEFINESBYPROPERTIES('1Sv2FtaKnBKep46rilKtrZ',#5,$,$,(#2127),#2131);
#7981= IFCRELDEFINESBYPROPERTIES('3rRD0dHI13UfPlE30OD3mP',#5,$,$,(#2137),#2138);
#7982= IFCRELDEFINESBYPROPERTIES('3nlF3InHr8YxDCgR1p8moY',#5,$,$,(#2137),#2139);
#7983= IFCRELDEFINESBYPROPERTIES('2agN6RPrTDUBcfSyUKCrMt',#5,$,$,(#2137),#2140);
#7984= IFCRELDEFINESBYPROPERTIES('3M9Mcfz058mPChsEssqNZQ',#5,$,$,(#2137),#2141);
#7985= IFCRELDEFINESBYPROPERTIES('3OKSsoS8HDq9c8fQmSfvmK',#5,$,$,(#2143),#2144);
#7986= IFCRELDEFINESBYPROPERTIES('0cClkLdy1EtPkqD3ETRsiY',#5,$,$,(#2143),#2145);
#7987= IFCRELDEFINESBYPROPERTIES('2kskQQn_50z97q0Qz7SXlK',#5,$,$,(#2151),#2152);
#7988= IFCRELDEFINESBYPROPERTIES('2mON9_FuT8w9EP6DhOXWrp',#5,$,$,(#2151),#2153);
#7989= IFCRELDEFINESBYPROPERTIES('2gF6kmpRf9Fgy0$2PpsB0v',#5,$,$,(#2151),#2154);
#7990= IFCRELDEFINESBYPROPERTIES('1mZBDvjmfCtvPgWOJ4qMuG',#5,$,$,(#2151),#2155);
#7991= IFCRELDEFINESBYPROPERTIES('2IhZuAEebFu8$EXDpG1BWw',#5,$,$,(#2161),#2162);
#7992= IFCRELDEFINESBYPROPERTIES('06QiTuYBXDjuwzRkygmEEr',#5,$,$,(#2161),#2163);
#7993= IFCRELDEFINESBYPROPERTIES('3xEoZUjT5FJAMeC71oN_mQ',#5,$,$,(#2161),#2164);
#7994= IFCRELDEFINESBYPROPERTIES('3JVs3fkn17NwLPYBoNO_Bx',#5,$,$,(#2161),#2165);
#7995= IFCRELDEFINESBYPROPERTIES('0I1$Kub6b5Ofb01_02kvoM',#5,$,$,(#2167),#2168);
#7996= IFCRELDEFINESBYPROPERTIES('3U$MVZ38LFRxJp9$5NNWPy',#5,$,$,(#2167),#2169);
#7997= IFCRELDEFINESBYPROPERTIES('0uxvQ8rxfCEunrn1fdCrEU',#5,$,$,(#2175),#2176);
#7998= IFCRELDEFINESBYPROPERTIES('05jYvB_g19DgXJzitNwzT5',#5,$,$,(#2175),#2177);
#7999= IFCRELDEFINESBYPROPERTIES('3rQJyfsz16_uOCy5xuGjf3',#5,$,$,(#2175),#2178);
#8000= IFCRELDEFINESBYPROPERTIES('00VcWbvJL3EPMky6T_79Lb',#5,$,$,(#2175),#2179);
#8001= IFCRELDEFINESBYPROPERTIES('35LuaQrZP5PwBzWqrDWacg',#5,$,$,(#2185),#2186);
#8002= IFCRELDEFINESBYPROPERTIES('0B6gLWZFb5qRTl$8uz_pUf',#5,$,$,(#2185),#2187);
#8003= IFCRELDEFINESBYPROPERTIES('0MLiTt0s58txh4GEce0D$w',#5,$,$,(#2185),#2188);
#8004= IFCRELDEFINESBYPROPERTIES('3A4sn0msv7buxj2eoaImj$',#5,$,$,(#2185),#2189);
#8005= IFCRELDEFINESBYPROPERTIES('2B2MzatHP7B9HHzH4OV7Dg',#5,$,$,(#2191),#2192);
#8006= IFCRELDEFINESBYPROPERTIES('1fXplkrzj0uvgwf5XaeQxK',#5,$,$,(#2191),#2193);
#8007= IFCRELDEFINESBYPROPERTIES('2xtwhN$815PeqbKkXfYmT_',#5,$,$,(#2199),#2200);
#8008= IFCRELDEFINESBYPROPERTIES('2OwHBH0R12Yhx2NSe8QC$e',#5,$,$,(#2199),#2201);
#8009= IFCRELDEFINESBYPROPERTIES('1JGxrH7oL8wA$wq2hd8oYy',#5,$,$,(#2199),#2202);
#8010= IFCRELDEFINESBYPROPERTIES('0At42r0JjEwA0TeL$G_9jO',#5,$,$,(#2199),#2203);
#8011= IFCRELDEFINESBYPROPERTIES('2YfslNqon9S9GJMxYBeInx',#5,$,$,(#2209),#2210);
#8012= IFCRELDEFINESBYPROPERTIES('3YeOFdl3v0w9oxe9vKHi5Z',#5,$,$,(#2209),#2211);
#8013= IFCRELDEFINESBYPROPERTIES('1zRdLgKjfEqBjygCNTwJoY',#5,$,$,(#2209),#2212);
#8014= IFCRELDEFINESBYPROPERTIES('1uLiM15U52NOhAkoX5vQAy',#5,$,$,(#2209),#2213);
#8015= IFCRELDEFINESBYPROPERTIES('2b3wJjz1r7GQJYuAQQo1do',#5,$,$,(#2215),#2216);
#8016= IFCRELDEFINESBYPROPERTIES('0Ae1LQJ5n7zANt9YIAxf5y',#5,$,$,(#2215),#2217);
#8017= IFCRELDEFINESBYPROPERTIES('2j23V2mVXALeV5tvCVcSbf',#5,$,$,(#2223),#2224);
#8018= IFCRELDEFINESBYPROPERTIES('1leu2f7mb42AnZ6ptoJOZW',#5,$,$,(#2223),#2225);
#8019= IFCRELDEFINESBYPROPERTIES('1ePr06Db5DUvZicKVBNzD4',#5,$,$,(#2223),#2226);
#8020= IFCRELDEFINESBYPROPERTIES('3vktJwMUn9VAMMrfq4wtcN',#5,$,$,(#2223),#2227);
#8021= IFCRELDEFINESBYPROPERTIES('1KdZ8Cj_X8wg0hZIQ8sqyR',#5,$,$,(#2233),#2234);
#8022= IFCRELDEFINESBYPROPERTIES('13v0NphmL3pfT8TpkSB2U8',#5,$,$,(#2233),#2235);
#8023= IFCRELDEFINESBYPROPERTIES('1erx435p9BbQyHM4gFUf3L',#5,$,$,(#2233),#2236);
#8024= IFCRELDEFINESBYPROPERTIES('1R1OhCgg93GxKKpRsn0ByV',#5,$,$,(#2233),#2237);
#8025= IFCRELDEFINESBYPROPERTIES('12CRUmSxb7Fe65kO6n8KJU',#5,$,$,(#2239),#2240);
#8026= IFCRELDEFINESBYPROPERTIES('3o1l2U4rz7Xgn_8S$tuxMX',#5,$,$,(#2239),#2241);
#8027= IFCRELDEFINESBYPROPERTIES('1e5kFqwkr2iQCZFDuxgFr4',#5,$,$,(#2247),#2248);
#8028= IFCRELDEFINESBYPROPERTIES('3sJGcNInL4ixImJVx5EJd9',#5,$,$,(#2247),#2249);
#8029= IFCRELDEFINESBYPROPERTIES('1DlKzoEi52hP4qooq4OGqq',#5,$,$,(#2247),#2250);
#8030= IFCRELDEFINESBYPROPERTIES('3Ej7qtJQn5twGVhFQKWShy',#5,$,$,(#2247),#2251);
#8031= IFCRELDEFINESBYPROPERTIES('3WD4W3acHDgQ_oPSIdo4DI',#5,$,$,(#2257),#2258);
#8032= IFCRELDEFINESBYPROPERTIES('2BVXiJVBD0A95__4P3XUWU',#5,$,$,(#2257),#2259);
#8033= IFCRELDEFINESBYPROPERTIES('1qQgulbJjA7A1mQdO6ETVE',#5,$,$,(#2257),#2260);
#8034= IFCRELDEFINESBYPROPERTIES('2$Ae$uxOvA9PWScN15Leq3',#5,$,$,(#2257),#2261);
#8035= IFCRELDEFINESBYPROPERTIES('2h6E_ES1D0h8cxxtvaj7NC',#5,$,$,(#2263),#2264);
#8036= IFCRELDEFINESBYPROPERTIES('0vyFZCrV5BvAYjTxB1WaXg',#5,$,$,(#2263),#2265);
#8037= IFCRELDEFINESBYPROPERTIES('2ZOkOHEPH9mxN_4Snk5H9k',#5,$,$,(#2271),#2272);
#8038= IFCRELDEFINESBYPROPERTIES('3ZpTJKN9f82AdbqNVNRMqL',#5,$,$,(#2271),#2273);
#8039= IFCRELDEFINESBYPROPERTIES('3fj4eri_54SQsc0vPjXRuf',#5,$,$,(#2271),#2274);
#8040= IFCRELDEFINESBYPROPERTIES('1M7vPpLp9E5f8XwdHnXswq',#5,$,$,(#2271),#2275);
#8041= IFCRELDEFINESBYPROPERTIES('1ARC3bpoX1Nv1HZSfMWSnb',#5,$,$,(#2281),#2282);
#8042= IFCRELDEFINESBYPROPERTIES('2745OGMqT0SwXIkqVa0X39',#5,$,$,(#2281),#2283);
#8043= IFCRELDEFINESBYPROPERTIES('3HO8lJDuX5LeHATBhZpqzH',#5,$,$,(#2281),#2284);
#8044= IFCRELDEFINESBYPROPERTIES('1I1TPsAzb1QulbgCpTKYdS',#5,$,$,(#2281),#2285);
#8045= IFCRELDEFINESBYPROPERTIES('20URpSpjT2iRQWeWqBklyu',#5,$,$,(#2315),#2316);
#8046= IFCRELDEFINESBYPROPERTIES('0YkJMpLkjCGB4RQb4IREic',#5,$,$,(#2315),#2317);
#8047= IFCRELDEFINESBYPROPERTIES('1vrpfWkqDAOAwH0GgQFGOs',#5,$,$,(#2315),#2318);
#8048= IFCRELDEFINESBYPROPERTIES('1_hzZO3XnAvxsKDWaAFHaG',#5,$,$,(#2327),#2328);
#8049= IFCRELDEFINESBYPROPERTIES('1tZkFfWmX1PBrD99IZ5N8m',#5,$,$,(#2327),#2329);
#8050= IFCRELDEFINESBYPROPERTIES('20CRAn8E96Fh532BmE6$Qc',#5,$,$,(#2327),#2330);
#8051= IFCRELDEFINESBYPROPERTIES('3yw0JuV3j2U8rxsax4ET8u',#5,$,$,(#2336),#2337);
#8052= IFCRELDEFINESBYPROPERTIES('1_9GQrtyb1agpZdkX9gqWk',#5,$,$,(#2336),#2338);
#8053= IFCRELDEFINESBYPROPERTIES('19IqZ2BLHBReU7Ga$tKzGd',#5,$,$,(#2336),#2339);
#8054= IFCRELDEFINESBYPROPERTIES('0H6_uWv8z0th4U2kSHAOUW',#5,$,$,(#2345),#2346);
#8055= IFCRELDEFINESBYPROPERTIES('3VqBxc$1zCYg6959MVo6$W',#5,$,$,(#2345),#2347);
#8056= IFCRELDEFINESBYPROPERTIES('1yFYnjsHj1$9s2W9vgb6V8',#5,$,$,(#2345),#2348);
#8057= IFCRELDEFINESBYPROPERTIES('1FiGrrNvf7yudYLJnCI9mG',#5,$,$,(#2345),#2349);
#8058= IFCRELDEFINESBYPROPERTIES('1NOZZYn7H1ZQ2jxH3zVN0M',#5,$,$,(#2351),#2352);
#8059= IFCRELDEFINESBYPROPERTIES('3IGFGZ0Eb2X9vm8c_Ig8un',#5,$,$,(#2351),#2353);
#8060= IFCRELDEFINESBYPROPERTIES('1kjrrOSJT8WwxI_Up55ZWi',#5,$,$,(#2359),#2360);
#8061= IFCRELDEFINESBYPROPERTIES('3FMhIZqinBYh5SZftfHwS3',#5,$,$,(#2359),#2361);
#8062= IFCRELDEFINESBYPROPERTIES('0BiILC9fD5R9tTVl9xgqiU',#5,$,$,(#2359),#2362);
#8063= IFCRELDEFINESBYPROPERTIES('2yy0VcJnb7PgEYdKJy1rjm',#5,$,$,(#2359),#2363);
#8064= IFCRELDEFINESBYPROPERTIES('0i8lv$MqzE6PRlzcTI_v9N',#5,$,$,(#2369),#2370);
#8065= IFCRELDEFINESBYPROPERTIES('1KAttjNCj7yhT1i_k0bd6X',#5,$,$,(#2369),#2371);
#8066= IFCRELDEFINESBYPROPERTIES('1peMTZuJ1Dz8Pgx_a7xida',#5,$,$,(#2369),#2372);
#8067= IFCRELDEFINESBYPROPERTIES('20J1SafXnC4u30V8fzDRM4',#5,$,$,(#2369),#2373);
#8068= IFCRELDEFINESBYPROPERTIES('29M3kixRfCqPfpsSLjtPnE',#5,$,$,(#2379),#2380);
#8069= IFCRELDEFINESBYPROPERTIES('23OuMfPbPEXv1q55rWbIn5',#5,$,$,(#2379),#2381);
#8070= IFCRELDEFINESBYPROPERTIES('3QfF2KfqD0499Gdb5MoznW',#5,$,$,(#2379),#2382);
#8071= IFCRELDEFINESBYPROPERTIES('0r4UcYD$98mBmDSPNr7mTB',#5,$,$,(#2379),#2383);
#8072= IFCRELDEFINESBYPROPERTIES('3NJeBdVKDEv8BB88e0How2',#5,$,$,(#2389),#2390);
#8073= IFCRELDEFINESBYPROPERTIES('3RwCczdTHC7gRBmXLwYX8y',#5,$,$,(#2389),#2391);
#8074= IFCRELDEFINESBYPROPERTIES('0NVmuxCdb2YP39dnjsG0Tr',#5,$,$,(#2389),#2392);
#8075= IFCRELDEFINESBYPROPERTIES('20URNiiybF3gtbKGPjgwZ8',#5,$,$,(#2389),#2393);
#8076= IFCRELDEFINESBYPROPERTIES('0NEINVg6H0ZB_5p2liNqTY',#5,$,$,(#2399),#2400);
#8077= IFCRELDEFINESBYPROPERTIES('3qWvraoYHCzgyyE09PJU_e',#5,$,$,(#2399),#2401);
#8078= IFCRELDEFINESBYPROPERTIES('2OUNA9mQH16ueOLwQ28Jir',#5,$,$,(#2399),#2402);
#8079= IFCRELDEFINESBYPROPERTIES('04ZU_JAirDbxDlEnRFe9WG',#5,$,$,(#2399),#2403);
#8080= IFCRELDEFINESBYPROPERTIES('2q6zVtFvnDyuU62wLEOCdg',#5,$,$,(#2405),#2410);
#8081= IFCRELDEFINESBYPROPERTIES('2fCjwe8zv5_Q92Vah3D46E',#5,$,$,(#2405),#2412);
#8082= IFCRELDEFINESBYPROPERTIES('0hp8jffiv8qP3hT$CkFovx',#5,$,$,(#2452),#2457);
#8083= IFCRELDEFINESBYPROPERTIES('3VTVhB70H2nAXLTYqUzNN6',#5,$,$,(#2452),#2463);
#8084= IFCRELDEFINESBYPROPERTIES('0w0$4Lt7P6CR_QtMPWyzdI',#5,$,$,(#2452),#2466);
#8085= IFCRELDEFINESBYPROPERTIES('3Rc4YfgWr2SOR2uPdTAlD9',#5,$,$,(#2452),#2468);
#8086= IFCRELDEFINESBYPROPERTIES('30Vpxjwzv3BekLdRhTq_vi',#5,$,$,(#2475),#2477);
#8087= IFCRELDEFINESBYPROPERTIES('1331tgDp53vOC5JzRpOCjj',#5,$,$,(#2475),#2478);
#8088= IFCRELDEFINESBYPROPERTIES('2VxeBpG2fE5xDTSjtJZ4xw',#5,$,$,(#2475),#2479);
#8089= IFCRELDEFINESBYPROPERTIES('0YPRrpCIbEEuBPLzFaFcMd',#5,$,$,(#2475),#2480);
#8090= IFCRELDEFINESBYPROPERTIES('1nmr$pZYP2pgGjikTod_S4',#5,$,$,(#2486),#2487);
#8091= IFCRELDEFINESBYPROPERTIES('3iRCip1_53Pv_S9_Z_ZK0t',#5,$,$,(#2486),#2488);
#8092= IFCRELDEFINESBYPROPERTIES('3SMiwg82H4VwE9au0N_kOn',#5,$,$,(#2486),#2489);
#8093= IFCRELDEFINESBYPROPERTIES('2IpgejoTb4ufxx1PI$nLGh',#5,$,$,(#2486),#2490);
#8094= IFCRELDEFINESBYPROPERTIES('2ThUKnAx11VQP7MVGnDEnh',#5,$,$,(#2497),#2499);
#8095= IFCRELDEFINESBYPROPERTIES('14SvWR6sr2ZvfuGlYWZhfG',#5,$,$,(#2497),#2500);
#8096= IFCRELDEFINESBYPROPERTIES('35wjR6k0L3e8dcbHaPHLvt',#5,$,$,(#2497),#2501);
#8097= IFCRELDEFINESBYPROPERTIES('3YYQ1aqKrCVOl$ieEvq$nV',#5,$,$,(#2497),#2502);
#8098= IFCRELDEFINESBYPROPERTIES('3vq150m$T3TvcncIyEOOTh',#5,$,$,(#2504),#2508);
#8099= IFCRELDEFINESBYPROPERTIES('1g6nM3HxX7aQ$YPqud1RTL',#5,$,$,(#2504),#2509);
#8100= IFCRELDEFINESBYPROPERTIES('2xMGfk1Hb45x5j8Y4B6pce',#5,$,$,(#2544),#2546);
#8101= IFCRELDEFINESBYPROPERTIES('3h$tFIJrfE_vxphlXGubD0',#5,$,$,(#2544),#2552);
#8102= IFCRELDEFINESBYPROPERTIES('0ObbxWevjBsecAzwNZerI0',#5,$,$,(#2544),#2555);
#8103= IFCRELDEFINESBYPROPERTIES('0SluEG0AzB3P7yTwLVaiWu',#5,$,$,(#2544),#2556);
#8104= IFCRELDEFINESBYPROPERTIES('1whP2N6zL6zg3XzVcEr2ZG',#5,$,$,(#2562),#2563);
#8105= IFCRELDEFINESBYPROPERTIES('2rLE3tGzL9weCGa9e5wS0D',#5,$,$,(#2562),#2564);
#8106= IFCRELDEFINESBYPROPERTIES('3j5KyHL0nA3f4cQgyfomNz',#5,$,$,(#2562),#2565);
#8107= IFCRELDEFINESBYPROPERTIES('3RJA1sl5D1rQsTLV5d_ZJD',#5,$,$,(#2562),#2566);
#8108= IFCRELDEFINESBYPROPERTIES('3gKKoDoND2hPNgiG0$usZI',#5,$,$,(#2572),#2573);
#8109= IFCRELDEFINESBYPROPERTIES('1xT_4G7Qb1fQlBQVVPI6Lu',#5,$,$,(#2572),#2574);
#8110= IFCRELDEFINESBYPROPERTIES('1A4WC4xJP6Lg0DhS95wooV',#5,$,$,(#2572),#2575);
#8111= IFCRELDEFINESBYPROPERTIES('0zhu9EaE9BfhBJ6SRxNKyr',#5,$,$,(#2572),#2576);
#8112= IFCRELDEFINESBYPROPERTIES('3heRR2s_1659iH4AFkGc2X',#5,$,$,(#2582),#2583);
#8113= IFCRELDEFINESBYPROPERTIES('3dRLtqUo1EDepubIDyDTBK',#5,$,$,(#2582),#2584);
#8114= IFCRELDEFINESBYPROPERTIES('3PpD$gDaPEWw63zMhLI74c',#5,$,$,(#2582),#2585);
#8115= IFCRELDEFINESBYPROPERTIES('1Vyv0mcXX6MRYI04bKiVWu',#5,$,$,(#2582),#2586);
#8116= IFCRELDEFINESBYPROPERTIES('39iOwz6aDEQwTBR5aehplV',#5,$,$,(#2588),#2589);
#8117= IFCRELDEFINESBYPROPERTIES('1eC0z0Za50KgOjB7Q89KSg',#5,$,$,(#2588),#2590);
#8118= IFCRELDEFINESBYPROPERTIES('21kIhmk0X0ZuRQTZ1v_DjB',#5,$,$,(#2625),#2626);
#8119= IFCRELDEFINESBYPROPERTIES('23JR6AYMz0bP7mXVsegNFd',#5,$,$,(#2625),#2627);
#8120= IFCRELDEFINESBYPROPERTIES('3P6_3wGG9EKfAI0s4cZQqT',#5,$,$,(#2625),#2628);
#8121= IFCRELDEFINESBYPROPERTIES('0Lk8caxiXB_wknCWo2jwoC',#5,$,$,(#2625),#2629);
#8122= IFCRELDEFINESBYPROPERTIES('3P5Y8iKgXCQPZVDpYIE$Av',#5,$,$,(#2635),#2636);
#8123= IFCRELDEFINESBYPROPERTIES('1pboXpPmLFp9aAk3h5ICWG',#5,$,$,(#2635),#2637);
#8124= IFCRELDEFINESBYPROPERTIES('37zy8k_aj9l94N5t$ftc8E',#5,$,$,(#2635),#2638);
#8125= IFCRELDEFINESBYPROPERTIES('0Whf1aDYf6_wbchPTQqMG2',#5,$,$,(#2635),#2639);
#8126= IFCRELDEFINESBYPROPERTIES('0rgZkpxqnEHw0AIbhV1cwM',#5,$,$,(#2645),#2646);
#8127= IFCRELDEFINESBYPROPERTIES('0iYZZb42XFhe4ZIxSLo6b0',#5,$,$,(#2645),#2647);
#8128= IFCRELDEFINESBYPROPERTIES('0W2sRaJ8bFP8erY6XcLILc',#5,$,$,(#2645),#2648);
#8129= IFCRELDEFINESBYPROPERTIES('1QwKGkIHXFg9f28xh9Vjrk',#5,$,$,(#2645),#2649);
#8130= IFCRELDEFINESBYPROPERTIES('0N_Ai9jC18vRtWHKXTWupw',#5,$,$,(#2655),#2656);
#8131= IFCRELDEFINESBYPROPERTIES('3wC6a$RIbEjfJ99J8dKsuR',#5,$,$,(#2655),#2657);
#8132= IFCRELDEFINESBYPROPERTIES('2y7S8FRTfFDeGzJhs9_M2e',#5,$,$,(#2655),#2658);
#8133= IFCRELDEFINESBYPROPERTIES('1VaOCedKj1p87n8DCN1hv_',#5,$,$,(#2655),#2659);
#8134= IFCRELDEFINESBYPROPERTIES('3l6q8cds5CX8qE8HNSjzhs',#5,$,$,(#2661),#2662);
#8135= IFCRELDEFINESBYPROPERTIES('0n$J0JmCLFLRK$O8NVJRwF',#5,$,$,(#2661),#2663);
#8136= IFCRELDEFINESBYPROPERTIES('1ljbSoC2fBXB4kFaOy7yjN',#5,$,$,(#2669),#2670);
#8137= IFCRELDEFINESBYPROPERTIES('0uOuf6mkj3Kw4sr2jUNXPG',#5,$,$,(#2669),#2671);
#8138= IFCRELDEFINESBYPROPERTIES('15WC6Zp7H0IvwdbywGK54L',#5,$,$,(#2669),#2672);
#8139= IFCRELDEFINESBYPROPERTIES('1ar1yuD3H309xu8VHKenUL',#5,$,$,(#2669),#2673);
#8140= IFCRELDEFINESBYPROPERTIES('31qvHGcnH4HfysY_m6B0j9',#5,$,$,(#2679),#2680);
#8141= IFCRELDEFINESBYPROPERTIES('1R2dnW4294pxldXwhml2Xq',#5,$,$,(#2679),#2681);
#8142= IFCRELDEFINESBYPROPERTIES('03nnDXAlP6jBV$yLKzVRf6',#5,$,$,(#2679),#2682);
#8143= IFCRELDEFINESBYPROPERTIES('0zOhp1GA595eJSKXpIqfv4',#5,$,$,(#2679),#2683);
#8144= IFCRELDEFINESBYPROPERTIES('06n$4AFeT8CQV4r35ZYWsQ',#5,$,$,(#2689),#2690);
#8145= IFCRELDEFINESBYPROPERTIES('0qTWIzQ2j1AOKLCVqT9mI5',#5,$,$,(#2689),#2691);
#8146= IFCRELDEFINESBYPROPERTIES('0WHFMdrWz2LRRtdUyRz69V',#5,$,$,(#2689),#2692);
#8147= IFCRELDEFINESBYPROPERTIES('0vGkfryFn3Q8eyPtS_WLAx',#5,$,$,(#2689),#2693);
#8148= IFCRELDEFINESBYPROPERTIES('1z3GsNECf5Du8bcoth6lIv',#5,$,$,(#2699),#2700);
#8149= IFCRELDEFINESBYPROPERTIES('2McIjNl_z1_AyK8cCnPUsB',#5,$,$,(#2699),#2701);
#8150= IFCRELDEFINESBYPROPERTIES('0o7IDPixX8Gez860$SlcMl',#5,$,$,(#2699),#2702);
#8151= IFCRELDEFINESBYPROPERTIES('3G6rLQ76nFvQqg$oCYspWH',#5,$,$,(#2699),#2703);
#8152= IFCRELDEFINESBYPROPERTIES('3Sc_PH9Jn79uoQSzrJMj62',#5,$,$,(#2705),#2706);
#8153= IFCRELDEFINESBYPROPERTIES('0jMZvOPhT6Tub7wlWAa9Tm',#5,$,$,(#2705),#2707);
#8154= IFCRELDEFINESBYPROPERTIES('3$x8hISzL5YQ9dfud9MyoQ',#5,$,$,(#2742),#2743);
#8155= IFCRELDEFINESBYPROPERTIES('0rkCZ4c_n1JhI59UvrFwSw',#5,$,$,(#2742),#2744);
#8156= IFCRELDEFINESBYPROPERTIES('2cwTA70yvEaxrVohboepqO',#5,$,$,(#2742),#2745);
#8157= IFCRELDEFINESBYPROPERTIES('1Jtbqf4CPBSOsHYTOSnNjC',#5,$,$,(#2742),#2746);
#8158= IFCRELDEFINESBYPROPERTIES('30wKhoef56s8_q_bAbE7OM',#5,$,$,(#2752),#2753);
#8159= IFCRELDEFINESBYPROPERTIES('2eS1gwgrjB2Rp1N2jZfnAc',#5,$,$,(#2752),#2754);
#8160= IFCRELDEFINESBYPROPERTIES('3D82Bv_3rCpv0U4EQy1xq7',#5,$,$,(#2752),#2755);
#8161= IFCRELDEFINESBYPROPERTIES('2lirf4GNvCsf_6ziq_F9OR',#5,$,$,(#2752),#2756);
#8162= IFCRELDEFINESBYPROPERTIES('0KvrSaJFz8ehto8PnB4Pny',#5,$,$,(#2762),#2763);
#8163= IFCRELDEFINESBYPROPERTIES('0vTHfpBtbFq9Et9s91aB7w',#5,$,$,(#2762),#2764);
#8164= IFCRELDEFINESBYPROPERTIES('131yGc0Qb8HuMAWUZgLQrm',#5,$,$,(#2762),#2765);
#8165= IFCRELDEFINESBYPROPERTIES('2XjSvWbtT0vQmzD$Q8AKFa',#5,$,$,(#2762),#2766);
#8166= IFCRELDEFINESBYPROPERTIES('25yVIdyNj7ERc_77aThcDF',#5,$,$,(#2772),#2773);
#8167= IFCRELDEFINESBYPROPERTIES('1F_I_dMy54CeGp_ryhMT50',#5,$,$,(#2772),#2774);
#8168= IFCRELDEFINESBYPROPERTIES('127mVjxRfBxOtI2WUEp0h9',#5,$,$,(#2772),#2775);
#8169= IFCRELDEFINESBYPROPERTIES('1xoUTmEeP8mPfqAq6h6kOI',#5,$,$,(#2772),#2776);
#8170= IFCRELDEFINESBYPROPERTIES('1lG45Fm1nBAhgZ0p6Bpp$k',#5,$,$,(#2778),#2779);
#8171= IFCRELDEFINESBYPROPERTIES('21$4meIvLAOQ1AzD8_nHzf',#5,$,$,(#2778),#2780);
#8172= IFCRELDEFINESBYPROPERTIES('101FJXTtv74e$4mCULCJym',#5,$,$,(#2786),#2787);
#8173= IFCRELDEFINESBYPROPERTIES('15XpGUoOL5QPku4XSmt_UK',#5,$,$,(#2786),#2788);
#8174= IFCRELDEFINESBYPROPERTIES('2TsO01daT1nxYWxCi$n9ZD',#5,$,$,(#2786),#2789);
#8175= IFCRELDEFINESBYPROPERTIES('0tOr1kl9vBDx2OGP00cFE9',#5,$,$,(#2786),#2790);
#8176= IFCRELDEFINESBYPROPERTIES('2dOx2WC19EawdFSd9dNVuU',#5,$,$,(#2796),#2797);
#8177= IFCRELDEFINESBYPROPERTIES('0cUwyJCXD0wvVdAmF$EXCd',#5,$,$,(#2796),#2798);
#8178= IFCRELDEFINESBYPROPERTIES('2J1EIyQhr6nAmlM8x8Iq2T',#5,$,$,(#2796),#2799);
#8179= IFCRELDEFINESBYPROPERTIES('0iJknZ4m52IgttPgV_zA24',#5,$,$,(#2796),#2800);
#8180= IFCRELDEFINESBYPROPERTIES('1LGPlUuSj2Puu8mV7GywH0',#5,$,$,(#2806),#2807);
#8181= IFCRELDEFINESBYPROPERTIES('2A0qSArGTFhwlAtliv59k$',#5,$,$,(#2806),#2808);
#8182= IFCRELDEFINESBYPROPERTIES('04gKqQDjrA$gT1xkwIqKPA',#5,$,$,(#2806),#2809);
#8183= IFCRELDEFINESBYPROPERTIES('06$BxiloT47va4NUj77MRy',#5,$,$,(#2806),#2810);
#8184= IFCRELDEFINESBYPROPERTIES('3Cs26XLCb2uQfF6OT6Ilk3',#5,$,$,(#2816),#2817);
#8185= IFCRELDEFINESBYPROPERTIES('3Bw4RsEpv3FBvBwX5oiX_p',#5,$,$,(#2816),#2818);
#8186= IFCRELDEFINESBYPROPERTIES('2UyDTMSm5B$8Pje5RvMeS9',#5,$,$,(#2816),#2819);
#8187= IFCRELDEFINESBYPROPERTIES('2EKEk4lLD8iRQGG86nsLtY',#5,$,$,(#2816),#2820);
#8188= IFCRELDEFINESBYPROPERTIES('3LNuGE9P16$wx2$7oJ07hC',#5,$,$,(#2822),#2823);
#8189= IFCRELDEFINESBYPROPERTIES('1YMQ_0_AjAkuDoKHkORgwb',#5,$,$,(#2822),#2824);
#8190= IFCRELDEFINESBYPROPERTIES('0TDJ32_752a87h5YJ4zlCw',#5,$,$,(#2850),#2851);
#8191= IFCRELDEFINESBYPROPERTIES('31ey8DQ4n8UAQHbqZyy4hM',#5,$,$,(#2850),#2852);
#8192= IFCRELDEFINESBYPROPERTIES('3cQvCsroj0FBioaHPtyY4t',#5,$,$,(#2850),#2853);
#8193= IFCRELDEFINESBYPROPERTIES('2UyHMzXMD8FA_NcVB2VWqR',#5,$,$,(#2850),#2854);
#8194= IFCRELDEFINESBYPROPERTIES('1GZlyMOeX9eQXjWnWZjCfc',#5,$,$,(#2860),#2861);
#8195= IFCRELDEFINESBYPROPERTIES('0_PSWHpeb10x5Sqh5co8cI',#5,$,$,(#2860),#2862);
#8196= IFCRELDEFINESBYPROPERTIES('2be5foPqTDP9FlAlU1yLOG',#5,$,$,(#2860),#2863);
#8197= IFCRELDEFINESBYPROPERTIES('1h83LVvFD2ahakZHl5iyKk',#5,$,$,(#2860),#2864);
#8198= IFCRELDEFINESBYPROPERTIES('3_0BK0Mar229M7c_mftBcH',#5,$,$,(#2870),#2871);
#8199= IFCRELDEFINESBYPROPERTIES('2KfpRoP5nByBSss0sWHQK8',#5,$,$,(#2870),#2872);
#8200= IFCRELDEFINESBYPROPERTIES('3bJzaWwRHBl8UZdPzhMY8W',#5,$,$,(#2870),#2873);
#8201= IFCRELDEFINESBYPROPERTIES('0XZOBNLqr74e7j673Nm8AH',#5,$,$,(#2870),#2874);
#8202= IFCRELDEFINESBYPROPERTIES('2rVtkwYrn1wvvS5yucpSqK',#5,$,$,(#2880),#2881);
#8203= IFCRELDEFINESBYPROPERTIES('02iY4SrA9EJxPsUuR3NydL',#5,$,$,(#2880),#2882);
#8204= IFCRELDEFINESBYPROPERTIES('3m1XwmQ9rF5PxMgouch8Bx',#5,$,$,(#2880),#2883);
#8205= IFCRELDEFINESBYPROPERTIES('0PfPK_74f0EhymuxdlA80g',#5,$,$,(#2880),#2884);
#8206= IFCRELDEFINESBYPROPERTIES('0x82gOyQP029qXAwqRYIHS',#5,$,$,(#2886),#2887);
#8207= IFCRELDEFINESBYPROPERTIES('0RK96QLzX9afZopykh5lm6',#5,$,$,(#2886),#2888);
#8208= IFCRELDEFINESBYPROPERTIES('2hILR5j4X1YwU_ndNvjqMY',#5,$,$,(#2923),#2924);
#8209= IFCRELDEFINESBYPROPERTIES('3AZvG5aqb8AwYlRf$y6Dig',#5,$,$,(#2923),#2925);
#8210= IFCRELDEFINESBYPROPERTIES('1accR1mpz3eg7zGFTQ$Tin',#5,$,$,(#2923),#2926);
#8211= IFCRELDEFINESBYPROPERTIES('22fy4FC8r4W98fhfuXjbNC',#5,$,$,(#2923),#2927);
#8212= IFCRELDEFINESBYPROPERTIES('3QnlrIvf11zAu38wpvkNbN',#5,$,$,(#2933),#2934);
#8213= IFCRELDEFINESBYPROPERTIES('0_Y1mnqcPDqhAtQzaClqQ9',#5,$,$,(#2933),#2935);
#8214= IFCRELDEFINESBYPROPERTIES('06vurGqojDax_nU$YFZLzl',#5,$,$,(#2933),#2936);
#8215= IFCRELDEFINESBYPROPERTIES('2JEN9nj$P7Rh$xTd8cFu_G',#5,$,$,(#2933),#2937);
#8216= IFCRELDEFINESBYPROPERTIES('3zPBkWHazCsA9NnWCMtG7_',#5,$,$,(#2943),#2944);
#8217= IFCRELDEFINESBYPROPERTIES('3tWaF0KaLFFuh6a0a9Kvpg',#5,$,$,(#2943),#2945);
#8218= IFCRELDEFINESBYPROPERTIES('3biUQCIML3Luy7RwStboHH',#5,$,$,(#2943),#2946);
#8219= IFCRELDEFINESBYPROPERTIES('1r7TZJAHv3vQZKyecuBAah',#5,$,$,(#2943),#2947);
#8220= IFCRELDEFINESBYPROPERTIES('1zwufGB6b3mvDqmiAFZxEL',#5,$,$,(#2953),#2954);
#8221= IFCRELDEFINESBYPROPERTIES('0Sesrvhqf02hmY3gorX3Vh',#5,$,$,(#2953),#2955);
#8222= IFCRELDEFINESBYPROPERTIES('2_sTFUKSb8cxWhxhdFX7cq',#5,$,$,(#2953),#2956);
#8223= IFCRELDEFINESBYPROPERTIES('0tSVumP2bCE9v6R$RXiiMf',#5,$,$,(#2953),#2957);
#8224= IFCRELDEFINESBYPROPERTIES('1DqSuApwfCkeGXlm2VSSP9',#5,$,$,(#2959),#2960);
#8225= IFCRELDEFINESBYPROPERTIES('2eZ69YyKb56gVjwHMmi6fk',#5,$,$,(#2959),#2961);
#8226= IFCRELDEFINESBYPROPERTIES('0z_4SSlADDGxvWmPmkT5ij',#5,$,$,(#2967),#2968);
#8227= IFCRELDEFINESBYPROPERTIES('2KpihR1b9FSBg4tRTlSiTk',#5,$,$,(#2967),#2969);
#8228= IFCRELDEFINESBYPROPERTIES('0BqwAMpCf11Q73w$a76Evm',#5,$,$,(#2967),#2970);
#8229= IFCRELDEFINESBYPROPERTIES('0ITkbjJ5n0jeoyHqGKo0UF',#5,$,$,(#2967),#2971);
#8230= IFCRELDEFINESBYPROPERTIES('2b53paJ5X3BOir_$Tb_6nJ',#5,$,$,(#2973),#2974);
#8231= IFCRELDEFINESBYPROPERTIES('3xBw1NOrr8AvxPkvrLH6Zw',#5,$,$,(#2973),#2975);
#8232= IFCRELDEFINESBYPROPERTIES('3kF2UI3bX4$PbU8XN_xMeq',#5,$,$,(#2983),#2984);
#8233= IFCRELDEFINESBYPROPERTIES('3_flDOPSb6tQLxlyoCTL_O',#5,$,$,(#2983),#2985);
#8234= IFCRELDEFINESBYPROPERTIES('11nenepVP3qPbAXuInQlZj',#5,$,$,(#2983),#2986);
#8235= IFCRELDEFINESBYPROPERTIES('2Fsb3BvL9ELBHrICyvBh21',#5,$,$,(#2983),#2987);
#8236= IFCRELDEFINESBYPROPERTIES('1j_UOkKHLD4vKcRDmXeuI9',#5,$,$,(#2994),#2995);
#8237= IFCRELDEFINESBYPROPERTIES('1Vp$ZQGmvFLepoBsc4FIfx',#5,$,$,(#2994),#2996);
#8238= IFCRELDEFINESBYPROPERTIES('0n61x9TfXFjgUiJzkPTQOE',#5,$,$,(#2994),#2997);
#8239= IFCRELDEFINESBYPROPERTIES('1Jj6s$WcD89vv7JkQ$ObSW',#5,$,$,(#2994),#2998);
#8240= IFCRELDEFINESBYPROPERTIES('1P0g9LtSz1cPRFC55tGkQX',#5,$,$,(#3031),#3032);
#8241= IFCRELDEFINESBYPROPERTIES('3TVhA42UH68xvnlXtubYca',#5,$,$,(#3031),#3033);
#8242= IFCRELDEFINESBYPROPERTIES('23YRTcA7D1rxuymGYcB7Wt',#5,$,$,(#3031),#3034);
#8243= IFCRELDEFINESBYPROPERTIES('1mRA3yBbPEmOkfFP5cD1pv',#5,$,$,(#3031),#3035);
#8244= IFCRELDEFINESBYPROPERTIES('1oSqo9r4T8Cgw1bdvS3jNW',#5,$,$,(#3041),#3042);
#8245= IFCRELDEFINESBYPROPERTIES('1B1pTmUr99m8T0yybxVPXV',#5,$,$,(#3041),#3043);
#8246= IFCRELDEFINESBYPROPERTIES('0L8EpMNIP3wguggSMF_dGi',#5,$,$,(#3041),#3044);
#8247= IFCRELDEFINESBYPROPERTIES('2_r99F$lv9OwkfywRvK0d0',#5,$,$,(#3041),#3045);
#8248= IFCRELDEFINESBYPROPERTIES('3uu6_jdLrBbAScxEY7pPNK',#5,$,$,(#3051),#3052);
#8249= IFCRELDEFINESBYPROPERTIES('11djkaHDT0Qv9C4vGKf5Kp',#5,$,$,(#3051),#3053);
#8250= IFCRELDEFINESBYPROPERTIES('3ZkjuVWIH8BgihM0O2FjH6',#5,$,$,(#3051),#3054);
#8251= IFCRELDEFINESBYPROPERTIES('2f_E$YSd9CjgwvKyudSepp',#5,$,$,(#3051),#3055);
#8252= IFCRELDEFINESBYPROPERTIES('3EXM7T6Fz5TwT7KJXN1eNs',#5,$,$,(#3058),#3065);
#8253= IFCRELDEFINESBYPROPERTIES('3BDHx8CRD1C8gA2mVoV8mJ',#5,$,$,(#3058),#3067);
#8254= IFCRELDEFINESBYPROPERTIES('19ba$E7S17igto$onhJ0yR',#5,$,$,(#3069),#3073);
#8255= IFCRELDEFINESBYPROPERTIES('2dxyAcfGP28ggsHfa_CrO7',#5,$,$,(#3069),#3075);
#8256= IFCRELDEFINESBYPROPERTIES('0aG1BVOYjAofxWpwgCqmca',#5,$,$,(#3135),#3140);
#8257= IFCRELDEFINESBYPROPERTIES('3_mQENHpDD4ft$670Vi$ma',#5,$,$,(#3135),#3145);
#8258= IFCRELDEFINESBYPROPERTIES('3AXImatHz5RQT5SHCGBkDW',#5,$,$,(#3135),#3147);
#8259= IFCRELDEFINESBYPROPERTIES('1VStUVxHrBu9SHEaYMIcpt',#5,$,$,(#3135),#3148);
#8260= IFCRELDEFINESBYPROPERTIES('02If_Hk7v0Xx6j_V95XQAv',#5,$,$,(#3199),#3208);
#8261= IFCRELDEFINESBYPROPERTIES('2$KEGCa7DAPfGMdYalCLhv',#5,$,$,(#3199),#3239);
#8262= IFCRELDEFINESBYPROPERTIES('1U6Z6s2VL68AnyslqfQdOw',#5,$,$,(#3199),#3248);
#8263= IFCRELDEFINESBYPROPERTIES('0rBynLZuXDRQ$IzUwTM97d',#5,$,$,(#3296),#3298);
#8264= IFCRELDEFINESBYPROPERTIES('2JJrFSsK57Cv8tTIZ8Ptf9',#5,$,$,(#3296),#3303);
#8265= IFCRELDEFINESBYPROPERTIES('0uV5brMAPEFu_XeW39MlcR',#5,$,$,(#3296),#3304);
#8266= IFCRELDEFINESBYPROPERTIES('0rik2BVJfC_wQ_T5e3U7L6',#5,$,$,(#3352),#3354);
#8267= IFCRELDEFINESBYPROPERTIES('0oQGRvzuz0DBApVw0S9rr$',#5,$,$,(#3352),#3360);
#8268= IFCRELDEFINESBYPROPERTIES('2Tdx6Ns3X45w0SVA8OH4Cq',#5,$,$,(#3352),#3361);
#8269= IFCRELDEFINESBYPROPERTIES('1Ix76XMzT3B9pjqa0yvfFd',#5,$,$,(#3409),#3411);
#8270= IFCRELDEFINESBYPROPERTIES('0xGsL6ke5AUf8XETr14_rQ',#5,$,$,(#3409),#3417);
#8271= IFCRELDEFINESBYPROPERTIES('10yko8k2zAzRCssP0RXZA6',#5,$,$,(#3409),#3418);
#8272= IFCRELDEFINESBYPROPERTIES('2hhELZxOH3uh$95EVNdnl1',#5,$,$,(#3425),#3426);
#8273= IFCRELDEFINESBYPROPERTIES('3IDQVKeCv3w8Wm0Z2GoLkR',#5,$,$,(#3425),#3427);
#8274= IFCRELDEFINESBYPROPERTIES('3f00AL6mP7U8oATif_IpJS',#5,$,$,(#3425),#3428);
#8275= IFCRELDEFINESBYPROPERTIES('1pIzXf5LT64BEYY50ShW5T',#5,$,$,(#3435),#3436);
#8276= IFCRELDEFINESBYPROPERTIES('2P68s2w0zFzQfdJSmlZlJx',#5,$,$,(#3435),#3437);
#8277= IFCRELDEFINESBYPROPERTIES('1YZD8UOvX0FQCtnzjAeOnM',#5,$,$,(#3435),#3438);
#8278= IFCRELDEFINESBYPROPERTIES('1hi$InVNH0me5BIZEk$Diw',#5,$,$,(#3440),#3441);
#8279= IFCRELDEFINESBYPROPERTIES('2XFbjx41j4R815ZIPfyYO5',#5,$,$,(#3440),#3442);
#8280= IFCRELDEFINESBYPROPERTIES('06w$Yhe8H1HB9rgjBCUb0A',#5,$,$,(#3448),#3449);
#8281= IFCRELDEFINESBYPROPERTIES('3SLfeOZB13efXvaDPiZ9xv',#5,$,$,(#3448),#3450);
#8282= IFCRELDEFINESBYPROPERTIES('3mqZEe8OzFcv0u3WeFlmZm',#5,$,$,(#3448),#3451);
#8283= IFCRELDEFINESBYPROPERTIES('39$YtGWGL4QQ8SRSw_nwoc',#5,$,$,(#3448),#3452);
#8284= IFCRELDEFINESBYPROPERTIES('1INaLHdJrFSRJUbBuKDVaF',#5,$,$,(#3459),#3460);
#8285= IFCRELDEFINESBYPROPERTIES('1dAyLj5n59P8tPxAxoZPjH',#5,$,$,(#3459),#3461);
#8286= IFCRELDEFINESBYPROPERTIES('03DZchFYDDl9OIq7s8f9Zt',#5,$,$,(#3459),#3462);
#8287= IFCRELDEFINESBYPROPERTIES('0qHG_DVhv8CQGk2zVYlk11',#5,$,$,(#3469),#3470);
#8288= IFCRELDEFINESBYPROPERTIES('3Mj18L0_bAlRS_FaSb_WS7',#5,$,$,(#3469),#3471);
#8289= IFCRELDEFINESBYPROPERTIES('09advzcur5Dv71uIDCXqs5',#5,$,$,(#3469),#3472);
#8290= IFCRELDEFINESBYPROPERTIES('1mSjm6ZILF6AnHnqG9erlT',#5,$,$,(#3479),#3480);
#8291= IFCRELDEFINESBYPROPERTIES('32Ylh6oBP929nPkoRY4Md8',#5,$,$,(#3479),#3481);
#8292= IFCRELDEFINESBYPROPERTIES('0JWdHiuKH36AmuQQjQRnKA',#5,$,$,(#3479),#3482);
#8293= IFCRELDEFINESBYPROPERTIES('2ajAkrbzr3TgCHQF9_aZ7m',#5,$,$,(#3489),#3490);
#8294= IFCRELDEFINESBYPROPERTIES('3GV7JKz3L1NQ1_YFnixVIP',#5,$,$,(#3489),#3491);
#8295= IFCRELDEFINESBYPROPERTIES('2zL$43M7562g$5L6ED7V5o',#5,$,$,(#3489),#3492);
#8296= IFCRELDEFINESBYPROPERTIES('37bx6XY9v33ROvCNDmQyFJ',#5,$,$,(#3499),#3500);
#8297= IFCRELDEFINESBYPROPERTIES('2QTm0upEz4dg2z5YQk6Eqg',#5,$,$,(#3499),#3501);
#8298= IFCRELDEFINESBYPROPERTIES('3OQ2IXUr9EjBgr7HkbWf9h',#5,$,$,(#3499),#3502);
#8299= IFCRELDEFINESBYPROPERTIES('22P8IvfNfBShB4QTRpDuPu',#5,$,$,(#3509),#3510);
#8300= IFCRELDEFINESBYPROPERTIES('0oNlPqaHv9$RSkz8LzB2FD',#5,$,$,(#3509),#3511);
#8301= IFCRELDEFINESBYPROPERTIES('29F5dhsdHCFBzf06cMA7ZW',#5,$,$,(#3509),#3512);
#8302= IFCRELDEFINESBYPROPERTIES('0qlkF2sDHAKhw8w8DwtCwX',#5,$,$,(#3514),#3515);
#8303= IFCRELDEFINESBYPROPERTIES('2LHbTTtz11LhyonW$MD6iH',#5,$,$,(#3514),#3516);
#8304= IFCRELDEFINESBYPROPERTIES('1ioFP4fof2GAG3erseBxBL',#5,$,$,(#3522),#3523);
#8305= IFCRELDEFINESBYPROPERTIES('2FYafAu2f7g86cl19wj5uO',#5,$,$,(#3522),#3524);
#8306= IFCRELDEFINESBYPROPERTIES('3ZXmJJzKP85uVV7kJiNSzD',#5,$,$,(#3522),#3525);
#8307= IFCRELDEFINESBYPROPERTIES('1lQ3tMlfT8TQgfuIEDaMco',#5,$,$,(#3522),#3526);
#8308= IFCRELDEFINESBYPROPERTIES('0De3AnvYr45ABB4h8RCgN2',#5,$,$,(#3533),#3534);
#8309= IFCRELDEFINESBYPROPERTIES('35J2I3nLH1vvnPljk23m1C',#5,$,$,(#3533),#3535);
#8310= IFCRELDEFINESBYPROPERTIES('2P$F9iSnLDUxid$QgJ0Ija',#5,$,$,(#3533),#3536);
#8311= IFCRELDEFINESBYPROPERTIES('2k6rj4g0nEWAB95JTUa0mm',#5,$,$,(#3543),#3544);
#8312= IFCRELDEFINESBYPROPERTIES('040JWnZFnCue51bNOHQMd7',#5,$,$,(#3543),#3545);
#8313= IFCRELDEFINESBYPROPERTIES('0HWz1e71z1qBKb6tapKYOQ',#5,$,$,(#3543),#3546);
#8314= IFCRELDEFINESBYPROPERTIES('1TEXH_IcDDZeAJ3SX87Jdb',#5,$,$,(#3553),#3554);
#8315= IFCRELDEFINESBYPROPERTIES('18gMN8XwH2JAm64rbPnQAZ',#5,$,$,(#3553),#3555);
#8316= IFCRELDEFINESBYPROPERTIES('383osMe4n63AvkkzXBWo_D',#5,$,$,(#3553),#3556);
#8317= IFCRELDEFINESBYPROPERTIES('08VNjMG9129uLIEWxgr3Hn',#5,$,$,(#3563),#3564);
#8318= IFCRELDEFINESBYPROPERTIES('0Ou21$tSP1BeH6cFOBi29B',#5,$,$,(#3563),#3565);
#8319= IFCRELDEFINESBYPROPERTIES('2S0sotcR9DcATgAPkaM34y',#5,$,$,(#3563),#3566);
#8320= IFCRELDEFINESBYPROPERTIES('3EKAIFLiL1RQX2BSu9Qa12',#5,$,$,(#3573),#3574);
#8321= IFCRELDEFINESBYPROPERTIES('3QgqbP3vH3pwPL6q1b1Kvh',#5,$,$,(#3573),#3575);
#8322= IFCRELDEFINESBYPROPERTIES('27eAPK9yn3$O0yN31FkWzO',#5,$,$,(#3573),#3576);
#8323= IFCRELDEFINESBYPROPERTIES('2bwsg0jqXDDfJW03cDLqqH',#5,$,$,(#3583),#3584);
#8324= IFCRELDEFINESBYPROPERTIES('2pgRXxGyz7WAAfz81tH48x',#5,$,$,(#3583),#3585);
#8325= IFCRELDEFINESBYPROPERTIES('1NLsQM3Hz2t9aN625_PkVo',#5,$,$,(#3583),#3586);
#8326= IFCRELDEFINESBYPROPERTIES('3ADi1830T6t9oDGzWffA$e',#5,$,$,(#3675),#3680);
#8327= IFCRELDEFINESBYPROPERTIES('1WL1GOckDCtuyww7nIjaFT',#5,$,$,(#3796),#3798);
#8328= IFCRELDEFINESBYPROPERTIES('3XBvfEpAj1_wS5fgFJ5oSE',#5,$,$,(#3796),#3801);
#8329= IFCRELDEFINESBYPROPERTIES('1ovGEgM_zBhvRnfbHx$$jj',#5,$,$,(#3796),#3805);
#8330= IFCRELDEFINESBYPROPERTIES('3OGpRoN9r89wFb6bMFA0Kz',#5,$,$,(#3840),#3844);
#8331= IFCRELDEFINESBYPROPERTIES('0u2VlF1JXFnAI$$O$Nil5U',#5,$,$,(#3840),#3852);
#8332= IFCRELDEFINESBYPROPERTIES('3JnACF8Jz3$Bozm73AD1c_',#5,$,$,(#3840),#3855);
#8333= IFCRELDEFINESBYPROPERTIES('0pQQP4VmD7Su3apmFO29Jg',#5,$,$,(#3840),#3856);
#8334= IFCRELDEFINESBYPROPERTIES('27EL6zkXX3gO_0nUlWYHln',#5,$,$,(#3858),#3859);
#8335= IFCRELDEFINESBYPROPERTIES('0$X3LvtB96m87O1DGfIti_',#5,$,$,(#3858),#3860);
#8336= IFCRELDEFINESBYPROPERTIES('0HUQIzeCDB78pzgv_LgEgw',#5,$,$,(#3866),#3867);
#8337= IFCRELDEFINESBYPROPERTIES('0S6DhI6Lv51hgLbgmfMsyc',#5,$,$,(#3866),#3868);
#8338= IFCRELDEFINESBYPROPERTIES('2TPjGukdb3LPoQPqkaTQvh',#5,$,$,(#3866),#3869);
#8339= IFCRELDEFINESBYPROPERTIES('25tUO3tdn3lhckv9XJ3EJf',#5,$,$,(#3866),#3870);
#8340= IFCRELDEFINESBYPROPERTIES('3xsL7vsFf6YwCIu9nGWFCk',#5,$,$,(#3877),#3878);
#8341= IFCRELDEFINESBYPROPERTIES('1dN_p2P_DBTueSg155I5Zg',#5,$,$,(#3877),#3879);
#8342= IFCRELDEFINESBYPROPERTIES('2Ff9sw8d98I8eKsaltEcYo',#5,$,$,(#3877),#3880);
#8343= IFCRELDEFINESBYPROPERTIES('0Gd$OPZjj9HwiffK3JGAOv',#5,$,$,(#3887),#3888);
#8344= IFCRELDEFINESBYPROPERTIES('3lmIhZlNj0gO1e$V83jjg9',#5,$,$,(#3887),#3889);
#8345= IFCRELDEFINESBYPROPERTIES('3c8H8ebK5FdebslPfw8q94',#5,$,$,(#3887),#3890);
#8346= IFCRELDEFINESBYPROPERTIES('0zo8_RKCLDm9LxQW2sO3Tw',#5,$,$,(#3897),#3898);
#8347= IFCRELDEFINESBYPROPERTIES('3l9MrRLMH8weQkiZSohs2I',#5,$,$,(#3897),#3899);
#8348= IFCRELDEFINESBYPROPERTIES('2u6q7WiG55ou7S8fiD7c9c',#5,$,$,(#3897),#3900);
#8349= IFCRELDEFINESBYPROPERTIES('1B0Ub6EjDDSBH86vEmr_Q1',#5,$,$,(#3907),#3908);
#8350= IFCRELDEFINESBYPROPERTIES('1YK_ZFAyD3u8MGd5qOU44K',#5,$,$,(#3907),#3909);
#8351= IFCRELDEFINESBYPROPERTIES('3B2oP3NAb1TO7xUtH__9Zz',#5,$,$,(#3907),#3910);
#8352= IFCRELDEFINESBYPROPERTIES('3xB2mN1RrAg9THwbNX6FKA',#5,$,$,(#3917),#3918);
#8353= IFCRELDEFINESBYPROPERTIES('3eoVy7L$D88BPP9pK8ysCu',#5,$,$,(#3917),#3919);
#8354= IFCRELDEFINESBYPROPERTIES('0OYeqXqbv02APkGBZlIpCw',#5,$,$,(#3917),#3920);
#8355= IFCRELDEFINESBYPROPERTIES('1mSgl9b3j4pf1xTuiVB_43',#5,$,$,(#3927),#3928);
#8356= IFCRELDEFINESBYPROPERTIES('11Zisp4AbE8xUOV4UzCFV7',#5,$,$,(#3927),#3929);
#8357= IFCRELDEFINESBYPROPERTIES('2LsAsRq6T1BxBscnB_bIAr',#5,$,$,(#3927),#3930);
#8358= IFCRELDEFINESBYPROPERTIES('2Q3mMnVyX8jAZ5UhVtgLhk',#5,$,$,(#3967),#3973);
#8359= IFCRELDEFINESBYPROPERTIES('1WV2VXym19GAuC8$JSKV1k',#5,$,$,(#3967),#3982);
#8360= IFCRELDEFINESBYPROPERTIES('1phcSZj0rAVPokUbODmxcf',#5,$,$,(#3967),#3986);
#8361= IFCRELDEFINESBYPROPERTIES('2SZe31r3H6ewWL2tr8RNzZ',#5,$,$,(#3967),#3987);
#8362= IFCRELDEFINESBYPROPERTIES('2Ytnw1FDL7hQczakmxXgbw',#5,$,$,(#4543),#4548);
#8363= IFCRELDEFINESBYPROPERTIES('0KcVn7Tfj2pAmusd2HZsUQ',#5,$,$,(#4543),#4562);
#8364= IFCRELDEFINESBYPROPERTIES('37py3TxFP02P6uic67rwdo',#5,$,$,(#4543),#4563);
#8365= IFCRELDEFINESBYPROPERTIES('0Yy4edYUr1hRxaAht62Y91',#5,$,$,(#4599),#4602);
#8366= IFCRELDEFINESBYPROPERTIES('3QTR76zvL5cvFNP2RBW4QQ',#5,$,$,(#4599),#4609);
#8367= IFCRELDEFINESBYPROPERTIES('26h$sR6nDEzej7fzCZI3wY',#5,$,$,(#4599),#4617);
#8368= IFCRELDEFINESBYPROPERTIES('0xBjCHpYn2A83f018Ozko3',#5,$,$,(#4765),#4767);
#8369= IFCRELDEFINESBYPROPERTIES('3fpHKXaTXCLPZpSow1I1tH',#5,$,$,(#4765),#4779);
#8370= IFCRELDEFINESBYPROPERTIES('1QkIjcUM53uByA1PzY3h4i',#5,$,$,(#4765),#4780);
#8371= IFCRELDEFINESBYPROPERTIES('1Zlq$Zbe53xuqbW64eYoO0',#5,$,$,(#4787),#4788);
#8372= IFCRELDEFINESBYPROPERTIES('1Ibo6L8Af0MgrfAsC9DZqi',#5,$,$,(#4787),#4789);
#8373= IFCRELDEFINESBYPROPERTIES('3_AU8tjNvAZBBxCM_CcPa3',#5,$,$,(#4787),#4790);
#8374= IFCRELDEFINESBYPROPERTIES('0nDU$j0rzA0uYs$UHfi$$n',#5,$,$,(#4797),#4798);
#8375= IFCRELDEFINESBYPROPERTIES('0EkSWL6R1BeAQ1kSYTAzlH',#5,$,$,(#4797),#4799);
#8376= IFCRELDEFINESBYPROPERTIES('31S$5bW0rA$P_QmdX7axDC',#5,$,$,(#4797),#4800);
#8377= IFCRELDEFINESBYPROPERTIES('3a6ZJ9Qfz9ShnpsCRvQk02',#5,$,$,(#4807),#4808);
#8378= IFCRELDEFINESBYPROPERTIES('0_BDgNYPLBwh54Cp3HwuqV',#5,$,$,(#4807),#4809);
#8379= IFCRELDEFINESBYPROPERTIES('1zwHd2zC5AvuCNtzMBBBc5',#5,$,$,(#4807),#4810);
#8380= IFCRELDEFINESBYPROPERTIES('26BGlgsZD8H8bQPsbOhF8s',#5,$,$,(#5055),#5059);
#8381= IFCRELDEFINESBYPROPERTIES('2tXYilW1D3FhaHss9TL9ni',#5,$,$,(#5055),#5069);
#8382= IFCRELDEFINESBYPROPERTIES('0d9F85Nuf1_80AqDS0JdYI',#5,$,$,(#5055),#5070);
#8383= IFCRELDEFINESBYPROPERTIES('0_eJU1APrEHewmybi0pcI2',#5,$,$,(#5307),#5309);
#8384= IFCRELDEFINESBYPROPERTIES('17RWa9_ZzFQw4Dy52kvdkX',#5,$,$,(#5307),#5317);
#8385= IFCRELDEFINESBYPROPERTIES('0dMNhN9g93R9OmZ3Q04aCZ',#5,$,$,(#5307),#5318);
#8386= IFCRELDEFINESBYPROPERTIES('086iIMw09Dvun1JgU1fxTa',#5,$,$,(#5320),#5321);
#8387= IFCRELDEFINESBYPROPERTIES('1WqtsizTv52P4S9nVX9vUf',#5,$,$,(#5320),#5322);
#8388= IFCRELDEFINESBYPROPERTIES('1EplfAttr7z9FCAIlr1vVH',#5,$,$,(#5324),#5325);
#8389= IFCRELDEFINESBYPROPERTIES('32Fyrn8Pf1a8N1vDn3TotT',#5,$,$,(#5324),#5326);
#8390= IFCRELDEFINESBYPROPERTIES('10FNp60fv06O4lElU_KJn9',#5,$,$,(#5332),#5333);
#8391= IFCRELDEFINESBYPROPERTIES('0wKvBwVHv2efj_wkSHl6YD',#5,$,$,(#5332),#5334);
#8392= IFCRELDEFINESBYPROPERTIES('1WR06rokTASe4ZaaJm3shZ',#5,$,$,(#5332),#5335);
#8393= IFCRELDEFINESBYPROPERTIES('2ShLP$g7P4ufI7bBphBRJ9',#5,$,$,(#5332),#5336);
#8394= IFCRELDEFINESBYPROPERTIES('292hY6n65Dzuv9mYGEHIZH',#5,$,$,(#5344),#5345);
#8395= IFCRELDEFINESBYPROPERTIES('3T9NB$KAr7cxJUf4WBedTt',#5,$,$,(#5344),#5346);
#8396= IFCRELDEFINESBYPROPERTIES('1vBfYfl0X4ovcbQH4_YVsl',#5,$,$,(#5344),#5347);
#8397= IFCRELDEFINESBYPROPERTIES('23tOZkM315OuooX3yl$_HT',#5,$,$,(#5354),#5355);
#8398= IFCRELDEFINESBYPROPERTIES('1$rlU_IyX2xeP086GRohbx',#5,$,$,(#5354),#5356);
#8399= IFCRELDEFINESBYPROPERTIES('2Ewp6nZDrB1wlldff5cfKR',#5,$,$,(#5354),#5357);
#8400= IFCRELDEFINESBYPROPERTIES('0gk$C3eanBmRhthtXSW$Rl',#5,$,$,(#5364),#5365);
#8401= IFCRELDEFINESBYPROPERTIES('0xO0FdiL19GOxLSEnedlQb',#5,$,$,(#5364),#5366);
#8402= IFCRELDEFINESBYPROPERTIES('2IiBv8yTr8TelbpUytA5kG',#5,$,$,(#5364),#5367);
#8403= IFCRELDEFINESBYPROPERTIES('0ZmzT$Z0j5FxD4N8wjN9s6',#5,$,$,(#5374),#5375);
#8404= IFCRELDEFINESBYPROPERTIES('3IXkgvsYP64eVzzdzyBnrU',#5,$,$,(#5374),#5376);
#8405= IFCRELDEFINESBYPROPERTIES('0GV8_jzEz7zABNtpoG5E3Z',#5,$,$,(#5374),#5377);
#8406= IFCRELDEFINESBYPROPERTIES('0GhEhfRED6B8VRn8nBdbUt',#5,$,$,(#5384),#5385);
#8407= IFCRELDEFINESBYPROPERTIES('0AbN5xHG5CKAS65oq_i91o',#5,$,$,(#5384),#5386);
#8408= IFCRELDEFINESBYPROPERTIES('2JodDY2HDE2feLR$MOEh0W',#5,$,$,(#5384),#5387);
#8409= IFCRELDEFINESBYPROPERTIES('22j3Pzmb929w4lji7R_1nZ',#5,$,$,(#5394),#5395);
#8410= IFCRELDEFINESBYPROPERTIES('23h4aglovCQfAwIe99SoIu',#5,$,$,(#5394),#5396);
#8411= IFCRELDEFINESBYPROPERTIES('12tTjWenjCzuvzskX0fRnc',#5,$,$,(#5394),#5397);
#8412= IFCRELDEFINESBYPROPERTIES('2YJ_3yrMT1Uw0ONInovdGT',#5,$,$,(#5399),#5400);
#8413= IFCRELDEFINESBYPROPERTIES('09Tn2DU_fDN9tbPDmteewN',#5,$,$,(#5399),#5401);
#8414= IFCRELDEFINESBYPROPERTIES('0M1mdBexT3jBe7Nvr3Dsq0',#5,$,$,(#5407),#5408);
#8415= IFCRELDEFINESBYPROPERTIES('3NyTG$vRXDLQKJydlO8pDS',#5,$,$,(#5407),#5409);
#8416= IFCRELDEFINESBYPROPERTIES('3WfIbiwwvEoOV6k8Tl$OuN',#5,$,$,(#5407),#5410);
#8417= IFCRELDEFINESBYPROPERTIES('0lVVAZm$L8_BxNoyrDZ8Ru',#5,$,$,(#5407),#5411);
#8418= IFCRELDEFINESBYPROPERTIES('0BClRyhDH6l8SyIwGT5_tO',#5,$,$,(#5418),#5419);
#8419= IFCRELDEFINESBYPROPERTIES('0QXRMvoi12XPrr0IScWhMu',#5,$,$,(#5418),#5420);
#8420= IFCRELDEFINESBYPROPERTIES('01UWG1yMHAxRcBVW2Xrd3i',#5,$,$,(#5418),#5421);
#8421= IFCRELDEFINESBYPROPERTIES('2FcxvmmKj69BBv$tfcGv5w',#5,$,$,(#5428),#5429);
#8422= IFCRELDEFINESBYPROPERTIES('2bOeTjDnnAxBkLFzuPEwB7',#5,$,$,(#5428),#5430);
#8423= IFCRELDEFINESBYPROPERTIES('16KfndsJL1yv3llvn90IIU',#5,$,$,(#5428),#5431);
#8424= IFCRELDEFINESBYPROPERTIES('0MHfRnjJT2OQByiXE3eiZ5',#5,$,$,(#5438),#5439);
#8425= IFCRELDEFINESBYPROPERTIES('1gfw5KxTPCUgCszHkgh7Jk',#5,$,$,(#5438),#5440);
#8426= IFCRELDEFINESBYPROPERTIES('0ey_0YeEXCeu70aXve4z$b',#5,$,$,(#5438),#5441);
#8427= IFCRELDEFINESBYPROPERTIES('0hgWLQhZX3Xfre281o633c',#5,$,$,(#5448),#5449);
#8428= IFCRELDEFINESBYPROPERTIES('03oQoYiOX8FgrVqGjfVGwE',#5,$,$,(#5448),#5450);
#8429= IFCRELDEFINESBYPROPERTIES('1o3cdj4bTEpvfWkwuKEAL2',#5,$,$,(#5448),#5451);
#8430= IFCRELDEFINESBYPROPERTIES('1B4mkkzp9ASRNYyvtSpTV_',#5,$,$,(#5458),#5459);
#8431= IFCRELDEFINESBYPROPERTIES('0KJTus3s177RbdhgjcoDMH',#5,$,$,(#5458),#5460);
#8432= IFCRELDEFINESBYPROPERTIES('1y9Guux997_A28XbLbzTSX',#5,$,$,(#5458),#5461);
#8433= IFCRELDEFINESBYPROPERTIES('1c3IH32717YhsEjhGPv_jO',#5,$,$,(#5468),#5469);
#8434= IFCRELDEFINESBYPROPERTIES('1duZup2ir6YOoBfgyy0zaS',#5,$,$,(#5468),#5470);
#8435= IFCRELDEFINESBYPROPERTIES('2oR3TstvL0AxxqUty68iSt',#5,$,$,(#5468),#5471);
#8436= IFCRELDEFINESBYPROPERTIES('1pBY_ZXNbEWgaphNCnbY65',#5,$,$,(#5473),#5474);
#8437= IFCRELDEFINESBYPROPERTIES('1P85PuBmrBsAda0ZgsvzJp',#5,$,$,(#5473),#5475);
#8438= IFCRELDEFINESBYPROPERTIES('2mKXbIWanB_v7J6kMYaDEq',#5,$,$,(#5481),#5482);
#8439= IFCRELDEFINESBYPROPERTIES('11MV130h93zuvi5rGOODhl',#5,$,$,(#5481),#5483);
#8440= IFCRELDEFINESBYPROPERTIES('0AOgiFSIb0JOgUwwIFZ4Qw',#5,$,$,(#5481),#5484);
#8441= IFCRELDEFINESBYPROPERTIES('1iGqUPjG59IfOj6a_JnZ4Q',#5,$,$,(#5481),#5485);
#8442= IFCRELDEFINESBYPROPERTIES('3AuOLGHEf8QQTnEClTtArq',#5,$,$,(#5492),#5493);
#8443= IFCRELDEFINESBYPROPERTIES('1FEQvpzYL0ARHml5qhSkg4',#5,$,$,(#5492),#5494);
#8444= IFCRELDEFINESBYPROPERTIES('2tfg5FyFT6PuZFPCDAedI1',#5,$,$,(#5492),#5495);
#8445= IFCRELDEFINESBYPROPERTIES('08Vrn5wVn8HuNor8rMtNiS',#5,$,$,(#5502),#5503);
#8446= IFCRELDEFINESBYPROPERTIES('2$tg13zoj57Asj5_zpDmpz',#5,$,$,(#5502),#5504);
#8447= IFCRELDEFINESBYPROPERTIES('3mw4_0bLD60AJSGJFdhgFv',#5,$,$,(#5502),#5505);
#8448= IFCRELDEFINESBYPROPERTIES('1aJZkpD2n4ZxIdCWb92EXe',#5,$,$,(#5512),#5513);
#8449= IFCRELDEFINESBYPROPERTIES('19ajIXp3H4WBzs1jmNXPyH',#5,$,$,(#5512),#5514);
#8450= IFCRELDEFINESBYPROPERTIES('0aSBdvCGT1xOvivuvb6v8C',#5,$,$,(#5512),#5515);
#8451= IFCRELDEFINESBYPROPERTIES('3Kt3VgAtnDfB_kskzQR6E7',#5,$,$,(#5522),#5523);
#8452= IFCRELDEFINESBYPROPERTIES('0ZWsZPHifE6eGdWBS3Gi7F',#5,$,$,(#5522),#5524);
#8453= IFCRELDEFINESBYPROPERTIES('2lpnk72_HE18VU$pilV9E_',#5,$,$,(#5522),#5525);
#8454= IFCRELDEFINESBYPROPERTIES('1p21pyTNTAw9GuMB8Uryks',#5,$,$,(#5532),#5533);
#8455= IFCRELDEFINESBYPROPERTIES('3R3wEq8BD2OwbWuqwNbdMG',#5,$,$,(#5532),#5534);
#8456= IFCRELDEFINESBYPROPERTIES('2C_gwHBGn3qed12GqtW0Ao',#5,$,$,(#5532),#5535);
#8457= IFCRELDEFINESBYPROPERTIES('1caZBDkbzBXg$QKaVnY8F6',#5,$,$,(#5542),#5543);
#8458= IFCRELDEFINESBYPROPERTIES('05wgZtc2L6gf5IjV9NT9H_',#5,$,$,(#5542),#5544);
#8459= IFCRELDEFINESBYPROPERTIES('2siSAONDnFch8iFWvlZ7zb',#5,$,$,(#5542),#5545);
#8460= IFCRELDEFINESBYPROPERTIES('2m9jIYb2P97vFJskEzzVdC',#5,$,$,(#5555),#5556);
#8461= IFCRELDEFINESBYPROPERTIES('0RqgGwk05BXPk0zZtLwVs2',#5,$,$,(#5670),#5671);
#8462= IFCRELDEFINESBYPROPERTIES('1cu7Di2PH7ExCKf4OBVhxi',#5,$,$,(#5670),#5672);
#8463= IFCRELDEFINESBYPROPERTIES('1gHnGW8Pr2rfYuCbqT8hVS',#5,$,$,(#5670),#5673);
#8464= IFCRELDEFINESBYPROPERTIES('1c6CkSWPPEPxBsEG01h_5C',#5,$,$,(#5679),#5680);
#8465= IFCRELDEFINESBYPROPERTIES('3wahK7I89A0uYnX8f5MbFT',#5,$,$,(#5679),#5681);
#8466= IFCRELDEFINESBYPROPERTIES('0uYwkCpGTCIhPXNAwQU17O',#5,$,$,(#5679),#5682);
#8467= IFCRELDEFINESBYPROPERTIES('1x70R6uNf42xWuaWpO8BUw',#5,$,$,(#5679),#5683);
#8468= IFCRELDEFINESBYPROPERTIES('2Ywbz4FYT2suOUM7nHgHlZ',#5,$,$,(#5685),#5686);
#8469= IFCRELDEFINESBYPROPERTIES('1OdtskdkXEOhPtLtfUfzjW',#5,$,$,(#5685),#5687);
#8470= IFCRELDEFINESBYPROPERTIES('18oGmupc50be4LBX25i1CS',#5,$,$,(#5693),#5694);
#8471= IFCRELDEFINESBYPROPERTIES('124ln4eJrBNwNN7AFx7dAT',#5,$,$,(#5693),#5695);
#8472= IFCRELDEFINESBYPROPERTIES('3CZW2fnFj0GBU8KV9V8SUC',#5,$,$,(#5693),#5696);
#8473= IFCRELDEFINESBYPROPERTIES('22He9$5u96cRLu_aHsIeIv',#5,$,$,(#5693),#5697);
#8474= IFCRELDEFINESBYPROPERTIES('3vZ134x9H9QgNZSa1pz2z2',#5,$,$,(#5704),#5705);
#8475= IFCRELDEFINESBYPROPERTIES('1mqLDVsGDCq8vXcze0Kn5T',#5,$,$,(#5704),#5706);
#8476= IFCRELDEFINESBYPROPERTIES('1YpZGOi_HBTgEcM$n9ex$V',#5,$,$,(#5704),#5707);
#8477= IFCRELDEFINESBYPROPERTIES('1lNoovygH7julntlcKsL5C',#5,$,$,(#5714),#5715);
#8478= IFCRELDEFINESBYPROPERTIES('2mA_KhgiDC0wMaxzYz05fG',#5,$,$,(#5714),#5716);
#8479= IFCRELDEFINESBYPROPERTIES('3qHcnqXBHF_AKDx80X7QKH',#5,$,$,(#5714),#5717);
#8480= IFCRELDEFINESBYPROPERTIES('3upYE1vc54rfxDXxdxde1e',#5,$,$,(#5724),#5725);
#8481= IFCRELDEFINESBYPROPERTIES('0jBgf8qZH2uu3cd0NXei01',#5,$,$,(#5724),#5726);
#8482= IFCRELDEFINESBYPROPERTIES('3f7GaK4Y9EyxifVdlsh1_A',#5,$,$,(#5724),#5727);
#8483= IFCRELDEFINESBYPROPERTIES('1lVMw5Hnf3X8ksJkzUMTbm',#5,$,$,(#5734),#5735);
#8484= IFCRELDEFINESBYPROPERTIES('26agfML9T2nxVKyHW3xjUp',#5,$,$,(#5734),#5736);
#8485= IFCRELDEFINESBYPROPERTIES('25sxepxYP2NAb$unhqnVUq',#5,$,$,(#5734),#5737);
#8486= IFCRELDEFINESBYPROPERTIES('1y6C7zCa9BL88sC974YFtT',#5,$,$,(#5744),#5745);
#8487= IFCRELDEFINESBYPROPERTIES('0GgLO2EmPDaPygK2QILz8j',#5,$,$,(#5744),#5746);
#8488= IFCRELDEFINESBYPROPERTIES('3Etvm5tkPDsgnGfkhsQfN5',#5,$,$,(#5744),#5747);
#8489= IFCRELDEFINESBYPROPERTIES('1$ceMnde9FYw$P5xDBRYQL',#5,$,$,(#5754),#5755);
#8490= IFCRELDEFINESBYPROPERTIES('3vqpcDpsP5WwBt3CIiBd6a',#5,$,$,(#5754),#5756);
#8491= IFCRELDEFINESBYPROPERTIES('3Z9pxDzP9FPwgfLMG7_spY',#5,$,$,(#5754),#5757);
#8492= IFCRELDEFINESBYPROPERTIES('2rXbptRQv8iev9Vli7Tghn',#5,$,$,(#5763),#5764);
#8493= IFCRELDEFINESBYPROPERTIES('1O1CI1nBnBJu3STihBIvTB',#5,$,$,(#5763),#5765);
#8494= IFCRELDEFINESBYPROPERTIES('32GzE7QXj3C8vjMLLTQG07',#5,$,$,(#5763),#5766);
#8495= IFCRELDEFINESBYPROPERTIES('3w3yH82ofEpuJkChjrlVIF',#5,$,$,(#5763),#5767);
#8496= IFCRELDEFINESBYPROPERTIES('3KIerhE1H12Bx3VSDl4RzC',#5,$,$,(#5781),#5782);
#8497= IFCRELDEFINESBYPROPERTIES('3J7Qp3ntTFseV3ejkpzJO2',#5,$,$,(#5781),#5783);
#8498= IFCRELDEFINESBYPROPERTIES('3_THMsU0jB9xgyCv0StxtL',#5,$,$,(#5781),#5784);
#8499= IFCRELDEFINESBYPROPERTIES('3PP8Z9R7b51AB8daYFTmbc',#5,$,$,(#5790),#5791);
#8500= IFCRELDEFINESBYPROPERTIES('3uRnT$6pPAWxt3mX_bnFkv',#5,$,$,(#5790),#5792);
#8501= IFCRELDEFINESBYPROPERTIES('3ykI2nd2j0Peaht1Lb0EpU',#5,$,$,(#5790),#5793);
#8502= IFCRELDEFINESBYPROPERTIES('3U_wSOnknCSAHPMv_8AcDs',#5,$,$,(#5800),#5801);
#8503= IFCRELDEFINESBYPROPERTIES('0lenCJxBbBeAFnrUMLxO4e',#5,$,$,(#5800),#5802);
#8504= IFCRELDEFINESBYPROPERTIES('0DX8umbvjEghTySTIsU_9w',#5,$,$,(#5800),#5803);
#8505= IFCRELDEFINESBYPROPERTIES('1B7fCn7qLCO8utYLB4SfyY',#5,$,$,(#5810),#5811);
#8506= IFCRELDEFINESBYPROPERTIES('1tMt8NJyjAFBJgQM3qjL_E',#5,$,$,(#5810),#5812);
#8507= IFCRELDEFINESBYPROPERTIES('02roI2GFj1C94acV5C3QeB',#5,$,$,(#5810),#5813);
#8508= IFCRELDEFINESBYPROPERTIES('1rP7Oe__DE2R6MWA4HV9z0',#5,$,$,(#5820),#5821);
#8509= IFCRELDEFINESBYPROPERTIES('2AjxekllX9AB7Jx4p_A7k5',#5,$,$,(#5820),#5822);
#8510= IFCRELDEFINESBYPROPERTIES('2ylpY7Pwf1zP3kwrrSqmML',#5,$,$,(#5820),#5823);
#8511= IFCRELDEFINESBYPROPERTIES('1tDqWsAHv8LuoBLasizAVv',#5,$,$,(#5830),#5831);
#8512= IFCRELDEFINESBYPROPERTIES('10v6grgJ18KeNgs1A6gd7m',#5,$,$,(#5830),#5832);
#8513= IFCRELDEFINESBYPROPERTIES('0ou4$kjg18wfgGVvsuHlwH',#5,$,$,(#5830),#5833);
#8514= IFCRELDEFINESBYPROPERTIES('16m$DRU5918ws8Q_wPYsYI',#5,$,$,(#5844),#5845);
#8515= IFCRELDEFINESBYPROPERTIES('38kFSOHS18DBIcw2H9_Y7y',#5,$,$,(#5844),#5846);
#8516= IFCRELDEFINESBYPROPERTIES('0WBp0pyb9379w4J88sO0rO',#5,$,$,(#5844),#5847);
#8517= IFCRELDEFINESBYPROPERTIES('1jUzdA5jr8axRCE3jk3aGa',#5,$,$,(#5857),#5858);
#8518= IFCRELDEFINESBYPROPERTIES('0lZuVDIb5BIhWGsDLFMdWP',#5,$,$,(#5857),#5859);
#8519= IFCRELDEFINESBYPROPERTIES('262cOvdUP1lB8vd_J7uCHL',#5,$,$,(#5857),#5860);
#8520= IFCRELDEFINESBYPROPERTIES('1NNSkbLDLA7hVamU15fEVU',#5,$,$,(#5863),#5864);
#8521= IFCRELDEFINESBYPROPERTIES('33qOUoO9P2BwmxSHPJjntb',#5,$,$,(#5863),#5865);
#8522= IFCRELDEFINESBYPROPERTIES('2Bf0EIxs14mg9Ko2flzBQ6',#5,$,$,(#5867),#5868);
#8523= IFCRELDEFINESBYPROPERTIES('3PsGbPeLr6lhjo9z$3RPvZ',#5,$,$,(#5867),#5869);
#8524= IFCRELDEFINESBYPROPERTIES('138D6JTnT7AvLQZzwLT5C0',#5,$,$,(#5875),#5876);
#8525= IFCRELDEFINESBYPROPERTIES('1uP9JKeRPDjeuCiBKRH2dN',#5,$,$,(#5875),#5877);
#8526= IFCRELDEFINESBYPROPERTIES('0y98YxQ4H1Tvdvv1RWodcE',#5,$,$,(#5875),#5878);
#8527= IFCRELDEFINESBYPROPERTIES('0zyKE$ulHFYQEzV250ivKU',#5,$,$,(#5875),#5879);
#8528= IFCRELDEFINESBYPROPERTIES('18gyE$56HAAw4UpKv4c1tT',#5,$,$,(#5886),#5887);
#8529= IFCRELDEFINESBYPROPERTIES('2hBcBp0ODBhPEMSwIGk78r',#5,$,$,(#5886),#5888);
#8530= IFCRELDEFINESBYPROPERTIES('32gNst7yfF5POEEuG_R4hB',#5,$,$,(#5886),#5889);
#8531= IFCRELDEFINESBYPROPERTIES('14NjF2nfL7gRYtdxWLOlHz',#5,$,$,(#5896),#5897);
#8532= IFCRELDEFINESBYPROPERTIES('1m0WH_FDz2tAQcfgjWjnk6',#5,$,$,(#5896),#5898);
#8533= IFCRELDEFINESBYPROPERTIES('09bLI9C0v2cwz7sLrYXVnl',#5,$,$,(#5896),#5899);
#8534= IFCRELDEFINESBYPROPERTIES('0BAdPToIL0xwhn4a20FwrO',#5,$,$,(#5906),#5907);
#8535= IFCRELDEFINESBYPROPERTIES('0h4QbajvbDxudlBTAohSfi',#5,$,$,(#5906),#5908);
#8536= IFCRELDEFINESBYPROPERTIES('08xlw3fG92ZwqHmS7ORBQT',#5,$,$,(#5906),#5909);
#8537= IFCRELDEFINESBYPROPERTIES('3yb91zISX5qeuEm7uo7GcB',#5,$,$,(#5916),#5917);
#8538= IFCRELDEFINESBYPROPERTIES('04FGWPkRHCfQZUxEj6f9WY',#5,$,$,(#5916),#5918);
#8539= IFCRELDEFINESBYPROPERTIES('0x82FC03r3E8DJyuvMY_YR',#5,$,$,(#5916),#5919);
#8540= IFCRELDEFINESBYPROPERTIES('3fYuC3VNP0Dfy6RlZNSfjY',#5,$,$,(#5926),#5927);
#8541= IFCRELDEFINESBYPROPERTIES('35sTuSS59DVhVuHrd2jAQy',#5,$,$,(#5926),#5928);
#8542= IFCRELDEFINESBYPROPERTIES('3lhtXixAr0vR9BcKXdrSUk',#5,$,$,(#5926),#5929);
#8543= IFCRELDEFINESBYPROPERTIES('1u0KguU1HCth0kfJx2Yzhd',#5,$,$,(#5936),#5937);
#8544= IFCRELDEFINESBYPROPERTIES('2PyCz5L1v2DOg$2oYokgah',#5,$,$,(#5936),#5938);
#8545= IFCRELDEFINESBYPROPERTIES('12KiyS60n13gwaYUwB_TeK',#5,$,$,(#5936),#5939);
#8546= IFCRELDEFINESBYPROPERTIES('2VigAFdkLECPjbRR1TRqBU',#5,$,$,(#5941),#5942);
#8547= IFCRELDEFINESBYPROPERTIES('2sAqBQwZT498cAQJFa8uE5',#5,$,$,(#5941),#5943);
#8548= IFCRELDEFINESBYPROPERTIES('3JvYM6WoHD4QC4O204HQ7W',#5,$,$,(#5949),#5950);
#8549= IFCRELDEFINESBYPROPERTIES('2CI1UXHtPFj8AiRz_HIPSE',#5,$,$,(#5949),#5951);
#8550= IFCRELDEFINESBYPROPERTIES('2sabxscP9CGRx4v$SmqGJ6',#5,$,$,(#5949),#5952);
#8551= IFCRELDEFINESBYPROPERTIES('3FmebkTTfE_fpThX8iG$e1',#5,$,$,(#5949),#5953);
#8552= IFCRELDEFINESBYPROPERTIES('1QMfYonanDIvH2J98WOiJe',#5,$,$,(#5960),#5961);
#8553= IFCRELDEFINESBYPROPERTIES('30jqYiwkz9nuc8j1oGpNGJ',#5,$,$,(#5960),#5962);
#8554= IFCRELDEFINESBYPROPERTIES('0HV0qULlH9t81Hh6Kt$p7h',#5,$,$,(#5960),#5963);
#8555= IFCRELDEFINESBYPROPERTIES('3O$rPChrvC1uuM33OGKbNH',#5,$,$,(#5970),#5971);
#8556= IFCRELDEFINESBYPROPERTIES('1px$FgvHHFfeJCId0ZXk1A',#5,$,$,(#5970),#5972);
#8557= IFCRELDEFINESBYPROPERTIES('3uQ2pBvSTA6gkHOgwfJsTL',#5,$,$,(#5970),#5973);
#8558= IFCRELDEFINESBYPROPERTIES('3_7uVZ4RbFWB0raOhg7UF3',#5,$,$,(#5980),#5981);
#8559= IFCRELDEFINESBYPROPERTIES('0mVFq5_A1FExlByznDIPGB',#5,$,$,(#5980),#5982);
#8560= IFCRELDEFINESBYPROPERTIES('38xHrvk459uw8ZG8gici9i',#5,$,$,(#5980),#5983);
#8561= IFCRELDEFINESBYPROPERTIES('2kvgSryMP3whgizqwTG4Qy',#5,$,$,(#5990),#5991);
#8562= IFCRELDEFINESBYPROPERTIES('27_L_UbTn1KuMhfjsFeleX',#5,$,$,(#5990),#5992);
#8563= IFCRELDEFINESBYPROPERTIES('2T04NF2vv3t943$$cnZh8n',#5,$,$,(#5990),#5993);
#8564= IFCRELDEFINESBYPROPERTIES('2JsoakHpj7zx74HFVsOfCB',#5,$,$,(#6000),#6001);
#8565= IFCRELDEFINESBYPROPERTIES('2nVXi0qXDA3OVw1TOZpLT6',#5,$,$,(#6000),#6002);
#8566= IFCRELDEFINESBYPROPERTIES('0wzzEh3mj9URB7f4$2$VAI',#5,$,$,(#6000),#6003);
#8567= IFCRELDEFINESBYPROPERTIES('18JcpJUez20OarDmuL9ZSo',#5,$,$,(#6010),#6011);
#8568= IFCRELDEFINESBYPROPERTIES('14XKYgDHHFEfvFtlCwbSl_',#5,$,$,(#6010),#6012);
#8569= IFCRELDEFINESBYPROPERTIES('3d0LpmJUTEwvqVmh8aKiha',#5,$,$,(#6010),#6013);
#8570= IFCRELDEFINESBYPROPERTIES('0wHkiaEqzCofrhMsM$32wA',#5,$,$,(#6015),#6016);
#8571= IFCRELDEFINESBYPROPERTIES('139EiCFhn88e3gvGHWKjAe',#5,$,$,(#6015),#6017);
#8572= IFCRELDEFINESBYPROPERTIES('26U9zWJt14zhrUOu1BiWKG',#5,$,$,(#6023),#6024);
#8573= IFCRELDEFINESBYPROPERTIES('1iJP4qOgTAdu2mjGZi2XrI',#5,$,$,(#6023),#6025);
#8574= IFCRELDEFINESBYPROPERTIES('13nVcwbfn7XBjdrHfhpCfj',#5,$,$,(#6023),#6026);
#8575= IFCRELDEFINESBYPROPERTIES('2yjAGsdgP65QdbVG9uzAWz',#5,$,$,(#6023),#6027);
#8576= IFCRELDEFINESBYPROPERTIES('0gRgvmDz92Vwc1mU6LJHGA',#5,$,$,(#6034),#6035);
#8577= IFCRELDEFINESBYPROPERTIES('3avGRUOO55_fJYMx$zmEDl',#5,$,$,(#6034),#6036);
#8578= IFCRELDEFINESBYPROPERTIES('0kvxm9mjb4afeXmGe54v4q',#5,$,$,(#6034),#6037);
#8579= IFCRELDEFINESBYPROPERTIES('0LNvQuO41AqOnHbBCQIna8',#5,$,$,(#6044),#6045);
#8580= IFCRELDEFINESBYPROPERTIES('2kJiN0okL2NPN0ek_MzusN',#5,$,$,(#6044),#6046);
#8581= IFCRELDEFINESBYPROPERTIES('0SQQtD_aX5mxAXglWISydt',#5,$,$,(#6044),#6047);
#8582= IFCRELDEFINESBYPROPERTIES('3Vf5Jj7kv6tuWbUd5tBuxm',#5,$,$,(#6054),#6055);
#8583= IFCRELDEFINESBYPROPERTIES('1Iv0yMkZr25PMym7HWTIRk',#5,$,$,(#6054),#6056);
#8584= IFCRELDEFINESBYPROPERTIES('373mE1pF9CnQrgvH7lSCzm',#5,$,$,(#6054),#6057);
#8585= IFCRELDEFINESBYPROPERTIES('0JBKisp251P96AsW5hdA_s',#5,$,$,(#6064),#6065);
#8586= IFCRELDEFINESBYPROPERTIES('3pZo9lF55ETwpL79zzqc80',#5,$,$,(#6064),#6066);
#8587= IFCRELDEFINESBYPROPERTIES('2sJskE2yf61Rm_VhyC2TVZ',#5,$,$,(#6064),#6067);
#8588= IFCRELDEFINESBYPROPERTIES('2b1EcwDdz8RgYi4c57pEoc',#5,$,$,(#6074),#6075);
#8589= IFCRELDEFINESBYPROPERTIES('0_iS11eU5AsfzeQ9EaONTl',#5,$,$,(#6074),#6076);
#8590= IFCRELDEFINESBYPROPERTIES('0Ue2m8Uh54ifJ_myLk3hCC',#5,$,$,(#6074),#6077);
#8591= IFCRELDEFINESBYPROPERTIES('1$e4lsTmnFou14UPrkeIvN',#5,$,$,(#6084),#6085);
#8592= IFCRELDEFINESBYPROPERTIES('2wueiKE4TEhx2Ml92GH$7N',#5,$,$,(#6084),#6086);
#8593= IFCRELDEFINESBYPROPERTIES('2MJbk9qi11kBlqEQB0Z0Vc',#5,$,$,(#6084),#6087);
#8594= IFCRELDEFINESBYPROPERTIES('3Lli2E8znB4vXRbuEAdPkh',#5,$,$,(#6098),#6099);
#8595= IFCRELDEFINESBYPROPERTIES('2K7qJmMCb0zeJAn6nL45Et',#5,$,$,(#6104),#6105);
#8596= IFCRELDEFINESBYPROPERTIES('1PEngVimf2txUjV9rl64wH',#5,$,$,(#6104),#6106);
#8597= IFCRELDEFINESBYPROPERTIES('1HjFKnlyP2dQGLO0sQS_Bp',#5,$,$,(#6104),#6107);
#8598= IFCRELDEFINESBYPROPERTIES('1uvF15D0r1wgySYeWOnmAC',#5,$,$,(#6113),#6114);
#8599= IFCRELDEFINESBYPROPERTIES('2khFgGLc5Et8Jw6VGsDC2X',#5,$,$,(#6113),#6115);
#8600= IFCRELDEFINESBYPROPERTIES('2n1xVGRPH1sAEUJslZQDjl',#5,$,$,(#6113),#6116);
#8601= IFCRELDEFINESBYPROPERTIES('2KQRx0t_rAdQX2ENXtBEpe',#5,$,$,(#6113),#6117);
#8602= IFCRELDEFINESBYPROPERTIES('0lJkxFmLDE9BxV6bFDmdLx',#5,$,$,(#6119),#6120);
#8603= IFCRELDEFINESBYPROPERTIES('1Om9Iz6tfApAKRa31kpcVG',#5,$,$,(#6119),#6121);
#8604= IFCRELDEFINESBYPROPERTIES('3aLTx$PHr0ChrROVONJCkZ',#5,$,$,(#6127),#6128);
#8605= IFCRELDEFINESBYPROPERTIES('11qL3AFKb1d9bnj7aKh_Go',#5,$,$,(#6127),#6129);
#8606= IFCRELDEFINESBYPROPERTIES('2DGtJGonbCwwiedbDsxmcT',#5,$,$,(#6127),#6130);
#8607= IFCRELDEFINESBYPROPERTIES('3xoDtfjJjCNg1qmeg2Dv0C',#5,$,$,(#6127),#6131);
#8608= IFCRELDEFINESBYPROPERTIES('2Pn7EzBHTEdRHbPXBgqa8t',#5,$,$,(#6138),#6139);
#8609= IFCRELDEFINESBYPROPERTIES('39zRp27hj45PkuBhAyO6MG',#5,$,$,(#6138),#6140);
#8610= IFCRELDEFINESBYPROPERTIES('1TZnuqErLF8BuFUBlRVJw$',#5,$,$,(#6138),#6141);
#8611= IFCRELDEFINESBYPROPERTIES('0reBYvqWD2mfiwXiPNunv1',#5,$,$,(#6148),#6149);
#8612= IFCRELDEFINESBYPROPERTIES('3pQLTHxQzDIwvWwvVzK3OG',#5,$,$,(#6148),#6150);
#8613= IFCRELDEFINESBYPROPERTIES('0hyjAA_2r5CfvpzZ12lCWT',#5,$,$,(#6148),#6151);
#8614= IFCRELDEFINESBYPROPERTIES('2HXKoyjyL059WAV5r$v3p7',#5,$,$,(#6158),#6159);
#8615= IFCRELDEFINESBYPROPERTIES('0nRivt9ov0fOyrR4Vsu1xL',#5,$,$,(#6158),#6160);
#8616= IFCRELDEFINESBYPROPERTIES('18VrBXKzf0Pvi690rzX8xo',#5,$,$,(#6158),#6161);
#8617= IFCRELDEFINESBYPROPERTIES('1kx0YxQf16Hu4kb6qNfNDF',#5,$,$,(#6168),#6169);
#8618= IFCRELDEFINESBYPROPERTIES('2ZbYLpi$nFTfFiZ0BmJ7h_',#5,$,$,(#6168),#6170);
#8619= IFCRELDEFINESBYPROPERTIES('2p_0qynpLCZeFj6803ZPua',#5,$,$,(#6168),#6171);
#8620= IFCRELDEFINESBYPROPERTIES('0KnbuK1K19oPpb34FghjLv',#5,$,$,(#6178),#6179);
#8621= IFCRELDEFINESBYPROPERTIES('1M2nmN_VbCRwh2R4DGEIoS',#5,$,$,(#6178),#6180);
#8622= IFCRELDEFINESBYPROPERTIES('06471yUMv3iwnilpFewN8P',#5,$,$,(#6178),#6181);
#8623= IFCRELDEFINESBYPROPERTIES('2yduQ65hbBJPIXW5T6dtJ3',#5,$,$,(#6188),#6189);
#8624= IFCRELDEFINESBYPROPERTIES('2yH$99j6T12RHwrmQwrqLC',#5,$,$,(#6188),#6190);
#8625= IFCRELDEFINESBYPROPERTIES('0UQYvAUb95BQcKYTF1D_6E',#5,$,$,(#6188),#6191);
#8626= IFCRELDEFINESBYPROPERTIES('2ZUsUXjib7jABPAgK1BTL9',#5,$,$,(#6197),#6198);
#8627= IFCRELDEFINESBYPROPERTIES('3fcc6ZivTCug3_Hh6hxHuF',#5,$,$,(#6197),#6199);
#8628= IFCRELDEFINESBYPROPERTIES('2g3EOWnJHClvrpIYBi0TF9',#5,$,$,(#6197),#6200);
#8629= IFCRELDEFINESBYPROPERTIES('2eOokM6X53uxFLSDb8r7Ds',#5,$,$,(#6197),#6201);
#8630= IFCRELDEFINESBYPROPERTIES('3kgU8NaqL9VvdveNl$_Bnz',#5,$,$,(#6215),#6216);
#8631= IFCRELDEFINESBYPROPERTIES('1U5ikJky1DMxUGOy9rNhh$',#5,$,$,(#6215),#6217);
#8632= IFCRELDEFINESBYPROPERTIES('2X$9mgPf51rvOGbTlpsWUR',#5,$,$,(#6215),#6218);
#8633= IFCRELDEFINESBYPROPERTIES('3nJBMTCWv2RhS8aR7pVmra',#5,$,$,(#6224),#6225);
#8634= IFCRELDEFINESBYPROPERTIES('1YPeHin0XFvu5UvMa9YB4X',#5,$,$,(#6224),#6226);
#8635= IFCRELDEFINESBYPROPERTIES('3ER7f3tFT7tgM0EZNNZgvK',#5,$,$,(#6224),#6227);
#8636= IFCRELDEFINESBYPROPERTIES('1V_ddhP1H5a8eA6qWYy5ql',#5,$,$,(#6234),#6235);
#8637= IFCRELDEFINESBYPROPERTIES('2EgeMEWdz5_A3nINQ3Bgqu',#5,$,$,(#6234),#6236);
#8638= IFCRELDEFINESBYPROPERTIES('0Oq2S0lyj6rgvmW$h4jeCE',#5,$,$,(#6234),#6237);
#8639= IFCRELDEFINESBYPROPERTIES('09emr0zJz7_AxfmdM9SDys',#5,$,$,(#6244),#6245);
#8640= IFCRELDEFINESBYPROPERTIES('08EeMmd091IgIoQlxp5pj6',#5,$,$,(#6244),#6246);
#8641= IFCRELDEFINESBYPROPERTIES('3aOKbR87f4QAGEjkeoLxM5',#5,$,$,(#6244),#6247);
#8642= IFCRELDEFINESBYPROPERTIES('2wKpwdy319S8lx_ycJIsmu',#5,$,$,(#6254),#6255);
#8643= IFCRELDEFINESBYPROPERTIES('2cy7Yw4V95HeOLFF7k$au8',#5,$,$,(#6254),#6256);
#8644= IFCRELDEFINESBYPROPERTIES('2A9QkZ1D98IBE1iCJtIOf2',#5,$,$,(#6254),#6257);
#8645= IFCRELDEFINESBYPROPERTIES('0JlfcXblDACPmgyQYx7XU1',#5,$,$,(#6264),#6265);
#8646= IFCRELDEFINESBYPROPERTIES('0AUQQzfobBpxPXZvkjouu$',#5,$,$,(#6264),#6266);
#8647= IFCRELDEFINESBYPROPERTIES('2vYJGyn8j9YuGkHP_QUeca',#5,$,$,(#6264),#6267);
#8648= IFCRELDEFINESBYPROPERTIES('0WtMR5i4T2ifFGuoCQQFwT',#5,$,$,(#6278),#6279);
#8649= IFCRELDEFINESBYPROPERTIES('3gWSnH$VPFCuQezK40AwRx',#5,$,$,(#6278),#6280);
#8650= IFCRELDEFINESBYPROPERTIES('3IYoodz0TFXwSKfGrV0v2x',#5,$,$,(#6278),#6281);
#8651= IFCRELDEFINESBYPROPERTIES('2Ak$42I_TAb87GkTOj3nZ_',#5,$,$,(#6291),#6292);
#8652= IFCRELDEFINESBYPROPERTIES('2kPNT25WTBsuOAFgRXfulj',#5,$,$,(#6291),#6293);
#8653= IFCRELDEFINESBYPROPERTIES('0JT9q2YAf52RL$ApbsLbP4',#5,$,$,(#6291),#6294);
#8654= IFCRELDEFINESBYPROPERTIES('1HC8b8h3H2bhvzFZxWO_mt',#5,$,$,(#6296),#6297);
#8655= IFCRELDEFINESBYPROPERTIES('3fnSe0AafCr9MvO$yWIDLz',#5,$,$,(#6296),#6298);
#8656= IFCRELDEFINESBYPROPERTIES('1Hr8bQTrj7wv4AxJ$pwTJ6',#5,$,$,(#6300),#6301);
#8657= IFCRELDEFINESBYPROPERTIES('0n53ZCtHDACOfIDQ5bB2B7',#5,$,$,(#6300),#6302);
#8658= IFCRELDEFINESBYPROPERTIES('3GjuCN8eHD$PtesEAkmfDx',#5,$,$,(#6308),#6309);
#8659= IFCRELDEFINESBYPROPERTIES('0avRTC40L2ROPuAMkrXNoL',#5,$,$,(#6308),#6310);
#8660= IFCRELDEFINESBYPROPERTIES('1hUsaic2b2qOiKirPekLR1',#5,$,$,(#6308),#6311);
#8661= IFCRELDEFINESBYPROPERTIES('1uvsrhey13YOaR6hdFRuwZ',#5,$,$,(#6308),#6312);
#8662= IFCRELDEFINESBYPROPERTIES('3V0eftOXDFlvDJ$v7rm1GT',#5,$,$,(#6319),#6320);
#8663= IFCRELDEFINESBYPROPERTIES('2g71WuEZTDbwUoeRSNyU$Z',#5,$,$,(#6319),#6321);
#8664= IFCRELDEFINESBYPROPERTIES('2hG_TgB_LDUwVPNNL56Rdo',#5,$,$,(#6319),#6322);
#8665= IFCRELDEFINESBYPROPERTIES('2F0Bm_eJX2NBQa2hzh3pl$',#5,$,$,(#6329),#6330);
#8666= IFCRELDEFINESBYPROPERTIES('2NN3AcLOjAMRqSTW$6RGTB',#5,$,$,(#6329),#6331);
#8667= IFCRELDEFINESBYPROPERTIES('1eUVNZg_H0DQvtw34G1ooU',#5,$,$,(#6329),#6332);
#8668= IFCRELDEFINESBYPROPERTIES('3BEGSlGwvFYOS3erSou6aF',#5,$,$,(#6339),#6340);
#8669= IFCRELDEFINESBYPROPERTIES('03BaoOHHr3U8iwqatBlaD1',#5,$,$,(#6339),#6341);
#8670= IFCRELDEFINESBYPROPERTIES('0aw6P02W19KuOjCZNQqTue',#5,$,$,(#6339),#6342);
#8671= IFCRELDEFINESBYPROPERTIES('3ZCGLl2D5CR9RZ$LP6yiH0',#5,$,$,(#6349),#6350);
#8672= IFCRELDEFINESBYPROPERTIES('108Y5$Hnb4dxS$ZLMCjMO6',#5,$,$,(#6349),#6351);
#8673= IFCRELDEFINESBYPROPERTIES('1w$4SlIK9488g6D1KVaMB9',#5,$,$,(#6349),#6352);
#8674= IFCRELDEFINESBYPROPERTIES('3Wmo1sE459bQ37KW57$ALY',#5,$,$,(#6359),#6360);
#8675= IFCRELDEFINESBYPROPERTIES('28lM5g$aTCU9kXXPLqn4cC',#5,$,$,(#6359),#6361);
#8676= IFCRELDEFINESBYPROPERTIES('3Yvr4557DB2hRipSUP6lAW',#5,$,$,(#6359),#6362);
#8677= IFCRELDEFINESBYPROPERTIES('1FY4nBiUXA58ILtgBicXLz',#5,$,$,(#6369),#6370);
#8678= IFCRELDEFINESBYPROPERTIES('142HuSd_v6b8UJme6o52HW',#5,$,$,(#6369),#6371);
#8679= IFCRELDEFINESBYPROPERTIES('2F42IIqPD2uu9JSPYk3cOG',#5,$,$,(#6369),#6372);
#8680= IFCRELDEFINESBYPROPERTIES('0TCesXuk1FCuR3UQBtvYSx',#5,$,$,(#6374),#6375);
#8681= IFCRELDEFINESBYPROPERTIES('3b2qRz_iX10uE3Oof6aJye',#5,$,$,(#6374),#6376);
#8682= IFCRELDEFINESBYPROPERTIES('1TjmoT5_LEBeWTVJodY1Sy',#5,$,$,(#6382),#6383);
#8683= IFCRELDEFINESBYPROPERTIES('1bady7Yn18Dg6CmNij10BE',#5,$,$,(#6382),#6384);
#8684= IFCRELDEFINESBYPROPERTIES('1MQ5aZJnTDlO7XkPWzxwJz',#5,$,$,(#6382),#6385);
#8685= IFCRELDEFINESBYPROPERTIES('0epEO5gKH2eBuohFTKEReR',#5,$,$,(#6382),#6386);
#8686= IFCRELDEFINESBYPROPERTIES('3VOwJ$YojCGO5wp$zsDTXE',#5,$,$,(#6393),#6394);
#8687= IFCRELDEFINESBYPROPERTIES('2tXne8sSD8t8xieHBLz4$2',#5,$,$,(#6393),#6395);
#8688= IFCRELDEFINESBYPROPERTIES('2fiVAaEgjA1xFoLNDkia2P',#5,$,$,(#6393),#6396);
#8689= IFCRELDEFINESBYPROPERTIES('3dgf_PM719PfKVMtFuxup7',#5,$,$,(#6403),#6404);
#8690= IFCRELDEFINESBYPROPERTIES('29ogYL0Y9DY8xFyEWzRWPe',#5,$,$,(#6403),#6405);
#8691= IFCRELDEFINESBYPROPERTIES('2NTciM$054fxso2Nu4f9yv',#5,$,$,(#6403),#6406);
#8692= IFCRELDEFINESBYPROPERTIES('156bdel69FFP9YqlyYAvu9',#5,$,$,(#6413),#6414);
#8693= IFCRELDEFINESBYPROPERTIES('0iyRtD63H9DQF_tNL1kJYj',#5,$,$,(#6413),#6415);
#8694= IFCRELDEFINESBYPROPERTIES('3J3CPqaXX1vufYarIJCoHf',#5,$,$,(#6413),#6416);
#8695= IFCRELDEFINESBYPROPERTIES('2$i6og4iD2lfxzjv8bzy47',#5,$,$,(#6423),#6424);
#8696= IFCRELDEFINESBYPROPERTIES('2kcs1IjRzFQgP$9V1$vTuR',#5,$,$,(#6423),#6425);
#8697= IFCRELDEFINESBYPROPERTIES('2elTiyYB58JxVRug873S8i',#5,$,$,(#6423),#6426);
#8698= IFCRELDEFINESBYPROPERTIES('1EdRGsZI93xgG6VGslAuhY',#5,$,$,(#6433),#6434);
#8699= IFCRELDEFINESBYPROPERTIES('2vIQe4KsLEreCyC_vGWP8u',#5,$,$,(#6433),#6435);
#8700= IFCRELDEFINESBYPROPERTIES('2YOb5DVkj55BPAfVZ$AGv4',#5,$,$,(#6433),#6436);
#8701= IFCRELDEFINESBYPROPERTIES('3fvDg$NHD7kxsL8WzkavD9',#5,$,$,(#6443),#6444);
#8702= IFCRELDEFINESBYPROPERTIES('2yvGHG_yf5l9kjekPP2icy',#5,$,$,(#6443),#6445);
#8703= IFCRELDEFINESBYPROPERTIES('1oraEB$MH7agZ1784n$sO0',#5,$,$,(#6443),#6446);
#8704= IFCRELDEFINESBYPROPERTIES('2z5D6FUL1Ej86mXUreHc2r',#5,$,$,(#6448),#6449);
#8705= IFCRELDEFINESBYPROPERTIES('1tBwFVgMvEWhbUBWa5iKXG',#5,$,$,(#6448),#6450);
#8706= IFCRELDEFINESBYPROPERTIES('0oJWQl6TT6BeHwZLFT5hLT',#5,$,$,(#6456),#6457);
#8707= IFCRELDEFINESBYPROPERTIES('2ETUzndpb1lQm66MqaEhqh',#5,$,$,(#6456),#6458);
#8708= IFCRELDEFINESBYPROPERTIES('3Vt6$SpivEff8rJzKNCmMx',#5,$,$,(#6456),#6459);
#8709= IFCRELDEFINESBYPROPERTIES('2Z4D1bJhL6n8enBfVJu3VT',#5,$,$,(#6456),#6460);
#8710= IFCRELDEFINESBYPROPERTIES('1CmeWL6tb2Zgl0zvuBM9SO',#5,$,$,(#6467),#6468);
#8711= IFCRELDEFINESBYPROPERTIES('0CHa3yWyj2xem0QTXI6Zeq',#5,$,$,(#6467),#6469);
#8712= IFCRELDEFINESBYPROPERTIES('0yLhXDI_LE_wpMT_sFYPFI',#5,$,$,(#6467),#6470);
#8713= IFCRELDEFINESBYPROPERTIES('2czV_vf91FJQdpvWRC4ia3',#5,$,$,(#6477),#6478);
#8714= IFCRELDEFINESBYPROPERTIES('1w4a5ftHb7$PtPF5mZkZhR',#5,$,$,(#6477),#6479);
#8715= IFCRELDEFINESBYPROPERTIES('2ydjIzWZDABvjkgEjK9m3x',#5,$,$,(#6477),#6480);
#8716= IFCRELDEFINESBYPROPERTIES('2LRwh4EKfEQfak0ckPm0TP',#5,$,$,(#6487),#6488);
#8717= IFCRELDEFINESBYPROPERTIES('2iiLdHR99BDhLh8WKjkrVv',#5,$,$,(#6487),#6489);
#8718= IFCRELDEFINESBYPROPERTIES('3t11I3V2L6Pfax8Q2I$72G',#5,$,$,(#6487),#6490);
#8719= IFCRELDEFINESBYPROPERTIES('1LC7F7z6r0wxyxRTOqH_cd',#5,$,$,(#6497),#6498);
#8720= IFCRELDEFINESBYPROPERTIES('2gBww3SAX02eWiV7FJ2kQm',#5,$,$,(#6497),#6499);
#8721= IFCRELDEFINESBYPROPERTIES('2o4BO9kPvDfAc6jpXyH2pH',#5,$,$,(#6497),#6500);
#8722= IFCRELDEFINESBYPROPERTIES('3dfsIz9O5DeelXq21$zycw',#5,$,$,(#6507),#6508);
#8723= IFCRELDEFINESBYPROPERTIES('0EdqcCEpfAVRIFoRFxngLl',#5,$,$,(#6507),#6509);
#8724= IFCRELDEFINESBYPROPERTIES('18i_F4hJDCTO4PO3VPaq10',#5,$,$,(#6507),#6510);
#8725= IFCRELDEFINESBYPROPERTIES('3hNzlFu6L9uPhggj8Z6A0R',#5,$,$,(#6517),#6518);
#8726= IFCRELDEFINESBYPROPERTIES('0SheFr6cT8PR54oQwdfZ88',#5,$,$,(#6517),#6519);
#8727= IFCRELDEFINESBYPROPERTIES('3H4eWduFnDffWTkC25jJ_q',#5,$,$,(#6517),#6520);
#8728= IFCRELDEFINESBYPROPERTIES('29_iMFKD13OAVOOztyD_NB',#5,$,$,(#6530),#6531);
#8729= IFCRELDEFINESBYPROPERTIES('0eTh4NQOzAuvrp7GXGVRW0',#5,$,$,(#6536),#6537);
#8730= IFCRELDEFINESBYPROPERTIES('35tvatmqjCqh_gfziqamnx',#5,$,$,(#6536),#6538);
#8731= IFCRELDEFINESBYPROPERTIES('1mdbO0nbP3HgYcTI0A$Uq5',#5,$,$,(#6536),#6539);
#8732= IFCRELDEFINESBYPROPERTIES('2Rx608VIfFKPkoTcPiV6bg',#5,$,$,(#6545),#6546);
#8733= IFCRELDEFINESBYPROPERTIES('1TjLVhb2PBBeUovoZt6kYf',#5,$,$,(#6545),#6547);
#8734= IFCRELDEFINESBYPROPERTIES('0$RtXaBgn7nR5aHn1sMIW6',#5,$,$,(#6545),#6548);
#8735= IFCRELDEFINESBYPROPERTIES('1fkH_cu7jAkeFhK0yBMgi9',#5,$,$,(#6545),#6549);
#8736= IFCRELDEFINESBYPROPERTIES('3eEoaH705DdfVk0RGc3N09',#5,$,$,(#6551),#6552);
#8737= IFCRELDEFINESBYPROPERTIES('2gKxXwysv8Bw5pl0256C98',#5,$,$,(#6551),#6553);
#8738= IFCRELDEFINESBYPROPERTIES('0_JjFLmSn1fug6OSsU7bBk',#5,$,$,(#6559),#6560);
#8739= IFCRELDEFINESBYPROPERTIES('3SN1B_TW96mvETnTdP4XaH',#5,$,$,(#6559),#6561);
#8740= IFCRELDEFINESBYPROPERTIES('1y6bLAS5D1Quqb4gk9J1xc',#5,$,$,(#6559),#6562);
#8741= IFCRELDEFINESBYPROPERTIES('3dpnMNf7bEfufLwuSHTlWn',#5,$,$,(#6559),#6563);
#8742= IFCRELDEFINESBYPROPERTIES('2EDpfTV0zBUfHUPnJ2lsM5',#5,$,$,(#6570),#6571);
#8743= IFCRELDEFINESBYPROPERTIES('3z70aiS1X2QBYAm6gYMOie',#5,$,$,(#6570),#6572);
#8744= IFCRELDEFINESBYPROPERTIES('2LDBnPQUfENAKb8H$gyJa0',#5,$,$,(#6570),#6573);
#8745= IFCRELDEFINESBYPROPERTIES('2Z7$qJJFvCYR8rZFknrBWU',#5,$,$,(#6580),#6581);
#8746= IFCRELDEFINESBYPROPERTIES('3nGNIK$3z4vA$q8UPHPwN4',#5,$,$,(#6580),#6582);
#8747= IFCRELDEFINESBYPROPERTIES('3ZV9hYnF9B9gnSe2PF55Zy',#5,$,$,(#6580),#6583);
#8748= IFCRELDEFINESBYPROPERTIES('3pFiMMdO51$RbdocZSfWJX',#5,$,$,(#6590),#6591);
#8749= IFCRELDEFINESBYPROPERTIES('14aZb1aw13P8kLLuxxqQLP',#5,$,$,(#6590),#6592);
#8750= IFCRELDEFINESBYPROPERTIES('3ZgV3M7u5BDgMdNLkFnCG$',#5,$,$,(#6590),#6593);
#8751= IFCRELDEFINESBYPROPERTIES('0_oSnJ$Z5EPeOOtGXZ14y1',#5,$,$,(#6600),#6601);
#8752= IFCRELDEFINESBYPROPERTIES('01xs_X38rA99L38SM3C3sO',#5,$,$,(#6600),#6602);
#8753= IFCRELDEFINESBYPROPERTIES('0THOximSDBJhZvMssO1Syt',#5,$,$,(#6600),#6603);
#8754= IFCRELDEFINESBYPROPERTIES('1AWJOqka5CWglDBBm_FMKm',#5,$,$,(#6610),#6611);
#8755= IFCRELDEFINESBYPROPERTIES('2C4v5dMGXFVAtHx4E_uAR7',#5,$,$,(#6610),#6612);
#8756= IFCRELDEFINESBYPROPERTIES('2IpC0MhMbBTwtjvh75GUAJ',#5,$,$,(#6610),#6613);
#8757= IFCRELDEFINESBYPROPERTIES('0aL2TWpQT5beBTZLmVtaJV',#5,$,$,(#6620),#6621);
#8758= IFCRELDEFINESBYPROPERTIES('2kfgd9iU96VR3GCudbYJZ1',#5,$,$,(#6620),#6622);
#8759= IFCRELDEFINESBYPROPERTIES('3Hv6Ej5h14shto9x_orLIq',#5,$,$,(#6620),#6623);
#8760= IFCRELDEFINESBYPROPERTIES('2nUSWNV2rANx55VljqCSGM',#5,$,$,(#6629),#6630);
#8761= IFCRELDEFINESBYPROPERTIES('3_Zj31$yH3U8tnfj_g32wM',#5,$,$,(#6629),#6631);
#8762= IFCRELDEFINESBYPROPERTIES('1wPVeymoP8ABHy3$ZCtkGp',#5,$,$,(#6629),#6632);
#8763= IFCRELDEFINESBYPROPERTIES('38VlA0WYf3Hxdpeq6nW6xW',#5,$,$,(#6629),#6633);
#8764= IFCRELDEFINESBYPROPERTIES('3j3pHXaNrABwJbM1sOgV6B',#5,$,$,(#6647),#6648);
#8765= IFCRELDEFINESBYPROPERTIES('3PCwvlx2z3JhOt3ZlITqL5',#5,$,$,(#6647),#6649);
#8766= IFCRELDEFINESBYPROPERTIES('3yzO1zAGL0JhGnCYmnoqFZ',#5,$,$,(#6647),#6650);
#8767= IFCRELDEFINESBYPROPERTIES('3L6zyRfInDVvDU4Dp_0BDq',#5,$,$,(#6656),#6657);
#8768= IFCRELDEFINESBYPROPERTIES('14BPshM7f36AmZV3c00PiU',#5,$,$,(#6656),#6658);
#8769= IFCRELDEFINESBYPROPERTIES('0uVVyBi9zEBxHwhLMr46p2',#5,$,$,(#6656),#6659);
#8770= IFCRELDEFINESBYPROPERTIES('3Z160tdvv0fOSyHLAY74i_',#5,$,$,(#6666),#6667);
#8771= IFCRELDEFINESBYPROPERTIES('0AuHb$1Q999eQ705pnorvF',#5,$,$,(#6666),#6668);
#8772= IFCRELDEFINESBYPROPERTIES('1Xwlh2yNz9PAOnAeNxW5Z3',#5,$,$,(#6666),#6669);
#8773= IFCRELDEFINESBYPROPERTIES('2oZdqPi7v0IgjejyDtdN9s',#5,$,$,(#6676),#6677);
#8774= IFCRELDEFINESBYPROPERTIES('0oDFhasEjFSOzVNhMqCcUs',#5,$,$,(#6676),#6678);
#8775= IFCRELDEFINESBYPROPERTIES('3Dn8BUP0n8c9BW0HKz90oW',#5,$,$,(#6676),#6679);
#8776= IFCRELDEFINESBYPROPERTIES('3$Ku9jkwz5B80K5HaGjssg',#5,$,$,(#6686),#6687);
#8777= IFCRELDEFINESBYPROPERTIES('0aRo9N5PzAsOM2FdivDz62',#5,$,$,(#6686),#6688);
#8778= IFCRELDEFINESBYPROPERTIES('3_kVelDZbBFv2jZ7lpo64l',#5,$,$,(#6686),#6689);
#8779= IFCRELDEFINESBYPROPERTIES('0SOyIsVtPCUgLJEr_Rjd39',#5,$,$,(#6696),#6697);
#8780= IFCRELDEFINESBYPROPERTIES('1ynAF2tlH24BPCNWbU$t9h',#5,$,$,(#6696),#6698);
#8781= IFCRELDEFINESBYPROPERTIES('1OBXHIAjzEOvYAyPBlMkA5',#5,$,$,(#6696),#6699);
#8782= IFCRELDEFINESBYPROPERTIES('3IGcGwBtf8fhvshW2TGe5h',#5,$,$,(#6710),#6711);
#8783= IFCRELDEFINESBYPROPERTIES('3nKvJcKnr11fq9DdDiPNHm',#5,$,$,(#6710),#6712);
#8784= IFCRELDEFINESBYPROPERTIES('1Af_zFNMnC59lnru_st7bM',#5,$,$,(#6710),#6713);
#8785= IFCRELDEFINESBYPROPERTIES('24gC_E859DsgSuZjuM1OQz',#5,$,$,(#6723),#6724);
#8786= IFCRELDEFINESBYPROPERTIES('3HRPOm6jz1SuC1FZd1vcyE',#5,$,$,(#6723),#6725);
#8787= IFCRELDEFINESBYPROPERTIES('3_5Vx2GD9AEwaSRubxBzDT',#5,$,$,(#6723),#6726);
#8788= IFCRELDEFINESBYPROPERTIES('1wZdJ9bA9BtxcRTT$YAx2j',#5,$,$,(#6728),#6729);
#8789= IFCRELDEFINESBYPROPERTIES('0q6BJT98X7YQO4RtbC__p$',#5,$,$,(#6728),#6730);
#8790= IFCRELDEFINESBYPROPERTIES('0duTL9Yv57teskVywWlznp',#5,$,$,(#6736),#6737);
#8791= IFCRELDEFINESBYPROPERTIES('3R_Tkc69z8MgIEwTFU$6AA',#5,$,$,(#6736),#6738);
#8792= IFCRELDEFINESBYPROPERTIES('1b3pBVhFD7ChK9xBDR0bYp',#5,$,$,(#6736),#6739);
#8793= IFCRELDEFINESBYPROPERTIES('1QfAHxtzf9COmGpVhVELAu',#5,$,$,(#6736),#6740);
#8794= IFCRELDEFINESBYPROPERTIES('1wJ$RuVV99HxLUj6$eYvV6',#5,$,$,(#6742),#6747);
#8795= IFCRELDEFINESBYPROPERTIES('1uYk6KUVfEBRhlIU$LQkXO',#5,$,$,(#6742),#6749);
#8796= IFCRELDEFINESBYPROPERTIES('0hXse8raj5IvxzGBeKe2BN',#5,$,$,(#6790),#6794);
#8797= IFCRELDEFINESBYPROPERTIES('0$bSZ6NHLFLwcVQm1jIElC',#5,$,$,(#6790),#6801);
#8798= IFCRELDEFINESBYPROPERTIES('0OztQumpvBwuuKJoenZQNK',#5,$,$,(#6790),#6804);
#8799= IFCRELDEFINESBYPROPERTIES('02LqDmJhjFIQZOTDpIbQix',#5,$,$,(#6790),#6806);
#8800= IFCRELDEFINESBYPROPERTIES('1ksJiWQBjCOwSQiDViY4rA',#5,$,$,(#6809),#6813);
#8801= IFCRELDEFINESBYPROPERTIES('1nTPJdHT1BJwqKcdXFzgfQ',#5,$,$,(#6809),#6814);
#8802= IFCRELDEFINESBYPROPERTIES('3rNB4ruSbCnfn8aTh0mcC$',#5,$,$,(#6983),#6985);
#8803= IFCRELDEFINESBYPROPERTIES('303gwfNfbDaBFwsuiEnhaB',#5,$,$,(#6983),#6991);
#8804= IFCRELDEFINESBYPROPERTIES('2SEwGgrCb8MPJ62bi9Lpzg',#5,$,$,(#6983),#6994);
#8805= IFCRELDEFINESBYPROPERTIES('2tBT98fJLBtx$CxJEOXer$',#5,$,$,(#6983),#6995);
#8806= IFCRELDEFINESBYPROPERTIES('2I0NF$mfXAXeZw3LByDAeH',#5,$,$,(#6997),#7000);
#8807= IFCRELDEFINESBYPROPERTIES('1EAuROWBbBcO03INBwsIf9',#5,$,$,(#6997),#7001);
#8808= IFCRELDEFINESBYPROPERTIES('2Ca1xIGDjDqOJpsYzJzfWR',#5,$,$,(#7157),#7158);
#8809= IFCRELDEFINESBYPROPERTIES('3nEiKYk3rF1AmvmS0B0oYa',#5,$,$,(#7157),#7164);
#8810= IFCRELDEFINESBYPROPERTIES('0RjWxHWoz9G9YYzPCVq7lm',#5,$,$,(#7157),#7166);
#8811= IFCRELDEFINESBYPROPERTIES('3JkOZtyRvEExqFQjQ1s1yc',#5,$,$,(#7157),#7168);
#8812= IFCRELDEFINESBYPROPERTIES('2fc9BPQlPDQPQ5bsy$eDp6',#5,$,$,(#7170),#7174);
#8813= IFCRELDEFINESBYPROPERTIES('0lZ$XhM$LEkOvLPDO$hXyD',#5,$,$,(#7170),#7175);
#8814= IFCRELDEFINESBYPROPERTIES('1sHeOY5$j08Rs$f3D6nRUC',#5,$,$,(#7376),#7378);
#8815= IFCRELDEFINESBYPROPERTIES('0nJaM$X1H87RemUQSVTp2f',#5,$,$,(#7376),#7384);
#8816= IFCRELDEFINESBYPROPERTIES('1oVrCwhpDAgwslDok$P5EJ',#5,$,$,(#7376),#7388);
#8817= IFCRELDEFINESBYPROPERTIES('2V_eSNlqf48wuRWyTUseT8',#5,$,$,(#7376),#7389);
#8818= IFCRELDEFINESBYPROPERTIES('3OW1oX9Dr7xeWE7_MTw$Z0',#5,$,$,(#7448),#7452);
#8819= IFCRELDEFINESBYPROPERTIES('1KM423Sv1DTurEjwFLcY$T',#5,$,$,(#7448),#7460);
#8820= IFCRELDEFINESBYPROPERTIES('0oWKCPkUv5qxvFlLh5JNGb',#5,$,$,(#7448),#7463);
#8821= IFCRELDEFINESBYPROPERTIES('0hu6K$9DPDnA0BqnVmYLzg',#5,$,$,(#7448),#7464);
#8822= IFCRELDEFINESBYPROPERTIES('2_mveC6wfBmusPVWvOy61g',#5,$,$,(#7510),#7512);
#8823= IFCRELDEFINESBYPROPERTIES('2X$hLeYBH33PSu_It4hlN5',#5,$,$,(#7510),#7516);
#8824= IFCRELDEFINESBYPROPERTIES('2oIokeZtn2fuI0ThcQzFkQ',#5,$,$,(#7510),#7518);
#8825= IFCRELDEFINESBYPROPERTIES('2YR7Nqg6HFrRkosjkbomtx',#5,$,$,(#7510),#7519);
#8826= IFCRELDEFINESBYPROPERTIES('1CihMqaoL5sf6Qq78RafYH',#5,$,$,(#7565),#7567);
#8827= IFCRELDEFINESBYPROPERTIES('1yO$YqrGr8UAyrhhHoFMeN',#5,$,$,(#7565),#7572);
#8828= IFCRELDEFINESBYPROPERTIES('36Oj5fSsr2seZj_VbI7CtD',#5,$,$,(#7565),#7574);
#8829= IFCRELDEFINESBYPROPERTIES('3Fw2ObIwLFcwmlzAICk7et',#5,$,$,(#7565),#7575);
#8830= IFCRELDEFINESBYPROPERTIES('29MyQ32AXDFwzdolJEroHq',#5,$,$,(#7581),#7582);
#8831= IFCRELDEFINESBYPROPERTIES('0KsHIti2X4juNQTMDzocVT',#5,$,$,(#7581),#7583);
#8832= IFCRELDEFINESBYPROPERTIES('0Qd9VQgBPBoPR7FVxWdN_5',#5,$,$,(#7581),#7584);
#8833= IFCRELDEFINESBYPROPERTIES('1h2VHeCMfDZPIJqj87_zaZ',#5,$,$,(#7581),#7585);
#8834= IFCRELDEFINESBYTYPE('3N1iWws6r23PrYUBkRcX7s',#5,$,$,(#6530,#6098,#5555,#3675,#1224,#1124,#931,#476,#450,#286),#287);
#8835= IFCRELDEFINESBYTYPE('3tW1RdftL9D9vanmLzKGEd',#5,$,$,(#938,#483,#457,#405),#406);
#8836= IFCRELDEFINESBYTYPE('1hWXdkmtn0pwASmM7bI4yk',#5,$,$,(#2345,#901,#839,#678),#679);
#8837= IFCRELDEFINESBYTYPE('3WMlA4Bf59gxaItHEDDuQf',#5,$,$,(#952,#914,#851,#755),#756);
#8838= IFCRELDEFINESBYTYPE('1LGQoWL6L0ghyapYvtRqmV',#5,$,$,(#1400,#1356),#1357);
#8839= IFCRELDEFINESBYTYPE('2OKNRY1Kr6peoUfFIF_RB3',#5,$,$,(#2994,#2983,#2369,#2359,#2281,#2271,#2257,#2247,#2233,#2223,#2209,#2199,#2185,#2175,#2161,#2151,#2137,#2127,#2113,#2102,#2056,#2046,#2002,#1992,#1948,#1938,#1894,#1884,#1840,#1830,#1786,#1776,#1732,#1722,#1678,#1668,#1523,#1469),#1470);
#8840= IFCRELDEFINESBYTYPE('3Otsdv9HTBrPYhhaoP9im5',#5,$,$,(#3041,#3031,#2943,#2933,#2870,#2860,#2806,#2796,#2762,#2752,#2689,#2679,#2645,#2635,#2572,#2562,#2486,#2475,#2389,#2379,#2076,#2066,#2022,#2012,#1968,#1958,#1914,#1904,#1860,#1850,#1806,#1796,#1752,#1742,#1698,#1688,#1609,#1565),#1566);
#8841= IFCRELDEFINESBYTYPE('19_ObzN8r5A8jbtmXrVpHZ',#5,$,$,(#3051,#2953,#2880,#2816,#2772,#2699,#2655,#2582,#2497,#2399,#2086,#2032,#1978,#1924,#1870,#1816,#1762,#1708,#1647),#1648);
#8842= IFCRELDEFINESBYTYPE('25KjGamTv4qfeGtN8z1VJX',#5,$,$,(#6736,#2967,#2923,#2850,#2786,#2742,#2669,#2625,#2544,#2452),#2453);
#8843= IFCRELDEFINESBYTYPE('1nCJTtKCj3gwKWXQnOdHAO',#5,$,$,(#6559,#6456,#6382,#6308,#6127,#6023,#5949,#5875,#5693,#5481,#5407,#5332,#3866,#3522,#3448,#3135),#3136);
#8844= IFCRELDEFINESBYTYPE('023TqR6UHD7f$nsHS9jJ_X',#5,$,$,(#6545,#6113,#5679,#3840),#3841);
#8845= IFCRELDEFINESBYTYPE('0U2SPwPBvD8QL$Rzg1W1uu',#5,$,$,(#6629,#6197,#5763,#3967),#3968);
#8846= IFCRELDEFINESBYTYPE('3gSjfhGRL4FwGDNnFeQeuT',#5,$,$,(#7376,#7157,#6983,#6790),#6791);
#8847= IFCRELDEFINESBYTYPE('0jjbq14nP59waBI1Obt4cI',#5,$,$,(#7581,#7565,#7510,#7448),#7449);
#8848= IFCRELASSOCIATESMATERIAL('2tZ0q6dH5A2e9AHaqKTDUk',#5,$,$,(#6620,#6610,#6600,#6590,#6580,#6570,#6530,#6517,#6507,#6497,#6487,#6477,#6467,#6443,#6433,#6423,#6413,#6403,#6393,#6369,#6359,#6349,#6339,#6329,#6319,#6188,#6178,#6168,#6158,#6148,#6138,#6098,#6084,#6074,#6064,#6054,#6044,#6034,#6010,#6000,#5990,#5980,#5970,#5960,#5936,#5926,#5916,#5906,#5896,#5886,#5754,#5744,#5734,#5724,#5714,#5704,#5555,#5542,#5532,#5522,#5512,#5502,#5492,#5468,#5458,#5448,#5438,#5428,#5418,#5394,#5384,#5374,#5364,#5354,#5344,#3927,#3917,#3907,#3897,#3887,#3877,#3675,#3583,#3573,#3563,#3553,#3543,#3533,#3509,#3499,#3489,#3479,#3469,#3459,#3435,#3425,#3409,#3352,#3296,#3199,#1224,#1124,#931,#476,#450,#286),#305);
#8849= IFCRELASSOCIATESMATERIAL('1IS5adavb1ORy6tk2o2dAy',#5,$,$,(#7581,#7565,#7510,#7448,#6545,#6113,#5679,#3840,#1400,#1356,#938,#483,#457,#405),#437);
#8850= IFCRELASSOCIATESMATERIAL('1GI9ZNnVD5xOo8qYpXc5LF',#5,$,$,(#2345,#901,#839,#678),#696);
#8851= IFCRELASSOCIATESMATERIAL('2XROTYePDBZwx6vJcsWRbh',#5,$,$,(#952,#914,#851,#755),#772);
#8852= IFCRELASSOCIATESMATERIAL('0q9rCEsAbBsw6MhV8fq1ac',#5,$,$,(#6559,#6456,#6382,#6308,#6127,#6023,#5949,#5875,#5693,#5481,#5407,#5332,#3866,#3522,#3448,#3135,#3051,#3041,#3031,#2994,#2983,#2953,#2943,#2933,#2880,#2870,#2860,#2816,#2806,#2796,#2772,#2762,#2752,#2699,#2689,#2679,#2655,#2645,#2635,#2582,#2572,#2562,#2497,#2486,#2475,#2399,#2389,#2379,#2369,#2359,#2281,#2271,#2257,#2247,#2233,#2223,#2209,#2199,#2185,#2175,#2161,#2151,#2137,#2127,#2113,#2102,#2086,#2076,#2066,#2056,#2046,#2032,#2022,#2012,#2002,#1992,#1978,#1968,#1958,#1948,#1938,#1924,#1914,#1904,#1894,#1884,#1870,#1860,#1850,#1840,#1830,#1816,#1806,#1796,#1786,#1776,#1762,#1752,#1742,#1732,#1722,#1708,#1698,#1688,#1678,#1668,#1647,#1609,#1565,#1523,#1469),#1484);
#8853= IFCRELASSOCIATESMATERIAL('3fSFWkwLX3JeAvyJQcEyG9',#5,$,$,(#6736,#2967,#2923,#2850,#2786,#2742,#2669,#2625,#2544,#2452),#2469);
#8854= IFCRELASSOCIATESMATERIAL('2sVxTBJ8D7Qg_lHEe3IC2C',#5,$,$,(#6656,#6629,#6224,#6197,#5790,#5763,#4599,#3967),#3988);
#8855= IFCRELASSOCIATESMATERIAL('1j30AS5$T119$m8WCQK_sI',#5,$,$,(#6723,#6710,#6696,#6686,#6676,#6666,#6647,#6291,#6278,#6264,#6254,#6244,#6234,#6215,#5857,#5844,#5830,#5820,#5810,#5800,#5781,#5307,#5055,#4807,#4797,#4787,#4765,#4543),#4564);
#8856= IFCRELASSOCIATESMATERIAL('2ZwFlqT5f1Zx70iGfs$Xqb',#5,$,$,(#7376,#7157,#6983,#6790),#6807);
#8857= IFCPRESENTATIONLAYERASSIGNMENT('BoltArray',$,(#280,#445,#471,#926,#1118,#1218,#3670,#5550,#6093,#6525),$);
#8858= IFCPRESENTATIONLAYERASSIGNMENT('SEIB',$,(#399,#452,#478,#933),$);
#8859= IFCPRESENTATIONLAYERASSIGNMENT('Weld',$,(#546,#621,#632,#804,#816,#825,#868,#878,#887,#1303,#2310,#2322,#2331,#3792,#5666,#6100,#6532),$);
#8860= IFCPRESENTATIONLAYERASSIGNMENT('PLATE',$,(#673,#834,#896,#2340),$);
#8861= IFCPRESENTATIONLAYERASSIGNMENT('KEERMEVARRAS',$,(#750,#846,#908,#947),$);
#8862= IFCPRESENTATIONLAYERASSIGNMENT('LEHT',$,(#1350,#3835,#5674,#6108,#6540),$);
#8863= IFCPRESENTATIONLAYERASSIGNMENT('KANDENURK',$,(#1394),$);
#8864= IFCPRESENTATIONLAYERASSIGNMENT('Beamshoe',$,(#1463,#1517,#1560,#1604,#1641,#1663,#1673,#1683,#1693,#1703,#1717,#1727,#1737,#1747,#1757,#1771,#1781,#1791,#1801,#1811,#1825,#1835,#1845,#1855,#1865,#1879,#1889,#1899,#1909,#1919,#1933,#1943,#1953,#1963,#1973,#1987,#1997,#2007,#2017,#2027,#2041,#2051,#2061,#2071,#2081,#2097,#2108,#2122,#2132,#2146,#2156,#2170,#2180,#2194,#2204,#2218,#2228,#2242,#2252,#2266,#2276,#2354,#2364,#2374,#2384,#2394,#2470,#2481,#2491,#2557,#2567,#2577,#2630,#2640,#2650,#2674,#2684,#2694,#2747,#2757,#2767,#2791,#2801,#2811,#2855,#2865,#2875,#2928,#2938,#2948,#2976,#2988,#3026,#3036,#3046),$);
#8865= IFCPRESENTATIONLAYERASSIGNMENT('PRUSS',$,(#2446,#2539,#2620,#2664,#2737,#2781,#2845,#2918,#2962,#6731),$);
#8866= IFCPRESENTATIONLAYERASSIGNMENT('HPM16L',$,(#3129,#3443,#3517,#3861,#5327,#5402,#5476,#5688,#5870,#5944,#6018,#6122,#6303,#6377,#6451,#6554),$);
#8867= IFCPRESENTATIONLAYERASSIGNMENT('EB_NUT',$,(#3193,#3430,#3454,#3504,#3528,#3578,#3872,#3922,#5338,#5389,#5413,#5463,#5487,#5537,#5699,#5749,#5881,#5931,#5955,#6005,#6029,#6079,#6133,#6183,#6314,#6364,#6388,#6438,#6462,#6512,#6565,#6615),$);
#8868= IFCPRESENTATIONLAYERASSIGNMENT('EB_WASHER',$,(#3291,#3420,#3464,#3494,#3538,#3568,#3882,#3912,#5349,#5379,#5423,#5453,#5497,#5527,#5709,#5739,#5891,#5921,#5965,#5995,#6039,#6069,#6143,#6173,#6324,#6354,#6398,#6428,#6472,#6502,#6575,#6605),$);
#8869= IFCPRESENTATIONLAYERASSIGNMENT('EB_REBAR',$,(#3347,#3474,#3548,#3892,#5359,#5433,#5507,#5719,#5901,#5975,#6049,#6153,#6334,#6408,#6482,#6585),$);
#8870= IFCPRESENTATIONLAYERASSIGNMENT('EB_STUD',$,(#3404,#3484,#3558,#3902,#5369,#5443,#5517,#5729,#5911,#5985,#6059,#6163,#6344,#6418,#6492,#6595),$);
#8871= IFCPRESENTATIONLAYERASSIGNMENT('POSTI VUNDAMENT',$,(#3962,#4594,#5758,#5785,#6192,#6219,#6624,#6651),$);
#8872= IFCPRESENTATIONLAYERASSIGNMENT('STIRRUP',$,(#4538,#5776,#6210,#6642),$);
#8873= IFCPRESENTATIONLAYERASSIGNMENT('REBAR',$,(#4760,#4782,#4792,#4802,#5795,#5805,#5815,#5825,#6229,#6239,#6249,#6259,#6661,#6671,#6681,#6691),$);
#8874= IFCPRESENTATIONLAYERASSIGNMENT('BOTTOM_BAR',$,(#5050,#5302,#5839,#5852,#6273,#6286,#6705,#6718),$);
#8875= IFCPRESENTATIONLAYERASSIGNMENT('LPT',$,(#6783,#6978,#7151,#7371),$);
#8876= IFCPRESENTATIONLAYERASSIGNMENT('VARIKATUSE POST',$,(#7443,#7505,#7560,#7576),$);
ENDSEC;

END-ISO-10303-21;
